phase,n_panels,configured,Cp_surface_min_incompressible,transpiration_vt_over_U,transpiration_flux_over_Uc,circulation_factor,beyond_critical_surface_fraction,closure_error_pct,closure_error_pct_incompressible,closure_error_pct_panels_only,Cp_trailing_edge_jump,CM_from_Cp,CD_from_Cp,steepest_panel_aft_of_0p98_deg
mean_up,80.0,False,-7.09719,0.303245,0.0100657,0.934426,0.00611371,3.30224e-08,-1.42721,-2.00574,6.91114e-15,0.0486965,-0.0324853,8.26178
mean_up,160.0,False,-7.24298,0.303563,0.0101565,0.927726,0.00517055,2.47549e-08,-0.806323,-1.10624,1.04777e-14,0.0485365,-0.0304578,8.26793
mean_up,320.0,True,-7.25073,0.304564,0.0102014,0.924223,0.00517494,1.50087e-08,-0.48195,-0.595878,1.6237e-15,0.0484622,-0.02936,8.2697
mean_up,640.0,False,-7.26457,0.305338,0.0102305,0.92243,0.00603743,9.67345e-09,-0.315692,-0.315491,1.05055e-14,0.0484219,-0.0287747,8.27019
rise,80.0,False,-12.2826,0.25108,0.0221001,0.907752,0.0220604,-8.68406e-07,-1.78912,-1.94025,1.1497e-11,0.0843028,-0.110773,8.26178
rise,160.0,False,-12.2417,0.250051,0.022053,0.903322,0.0185222,-5.56929e-07,-1.33549,-1.06839,2.87748e-12,0.0852758,-0.106729,8.26793
rise,320.0,True,-12.2627,0.249891,0.0220499,0.900953,0.0202759,-5.15715e-07,-1.09229,-0.573656,7.03854e-13,0.0857456,-0.104632,8.2697
rise,640.0,False,-12.2671,0.249917,0.0220549,0.899732,0.0202784,-4.7209e-07,-0.966267,-0.301925,8.36831e-14,0.085972,-0.103524,8.27019
peak,80.0,False,-13.9728,0.224134,0.0380767,0.896839,0.0220604,3.99121e-06,-1.37736,-2.20552,8.35208e-10,0.123932,-0.146035,8.26178
peak,160.0,False,-13.8591,0.224053,0.0380981,0.891307,0.0220996,4.23426e-06,-0.915493,-1.22393,2.08471e-10,0.12645,-0.146685,8.26793
peak,320.0,True,-13.8495,0.223954,0.0380881,0.88875,0.0229252,2.55689e-06,-0.667538,-0.659841,4.97405e-11,0.127542,-0.145537,8.2697
peak,640.0,False,-13.8391,0.223846,0.0380717,0.887576,0.022928,5.52244e-07,-0.539065,-0.346858,1.23895e-11,0.128008,-0.144571,8.27019
dsv,80.0,False,-14.9254,0.451643,0.13295,0.901575,0.0220604,8.94388e-06,-2.08929,-2.88627,1.031e-07,0.123023,-0.156398,8.26178
dsv,160.0,False,-14.6955,0.452402,0.133213,0.895781,0.0238238,1.111e-05,-1.6369,-1.61843,2.58566e-08,0.125055,-0.157811,8.26793
dsv,320.0,True,-14.6591,0.452832,0.133349,0.893059,0.0229252,-1.8537e-06,-1.39539,-0.874366,6.48505e-09,0.125941,-0.157471,8.2697
dsv,640.0,False,-14.642,0.453076,0.133423,0.891736,0.0243218,-2.94355e-06,-1.27084,-0.454848,1.62606e-09,0.126356,-0.156972,8.27019
fall,80.0,False,-5.45784,0.466119,0.215929,0.942996,0.0,5.8787e-08,-2.47991,-13.2622,3.96905e-14,0.0828753,-0.00149484,8.26178
fall,160.0,False,-5.59026,0.464456,0.215167,0.944705,0.0,3.69362e-08,-2.6344,-7.50613,3.81917e-14,0.0846952,-0.00202463,8.26793
fall,320.0,True,-5.62206,0.463707,0.214823,0.945358,0.0,2.98672e-08,-2.69292,-3.96009,1.45661e-13,0.085584,-0.00220772,8.2697
fall,640.0,False,-5.63762,0.463352,0.214659,0.945635,0.0,2.7e-08,-2.71741,-1.89312,3.72036e-13,0.0860254,-0.00226946,8.27019
mean_down,80.0,False,-4.33717,0.292487,0.119737,0.968025,0.0,9.42002e-06,-3.70666,-8.8008,6.71685e-15,0.0679744,-0.00551422,8.26178
mean_down,160.0,False,-4.39233,0.291023,0.119149,0.967049,0.0,3.64133e-06,-3.61792,-5.07328,2.45498e-14,0.0694981,-0.00585581,8.26793
mean_down,320.0,True,-4.4434,0.290384,0.11889,0.966331,0.0,1.46323e-06,-3.54956,-2.7922,3.21895e-14,0.0702245,-0.00595377,8.2697
mean_down,640.0,False,-4.45866,0.29009,0.118771,0.96591,0.0,6.3163e-07,-3.50874,-1.46458,4.85723e-15,0.0705781,-0.00597749,8.27019
