case,steps_per_cycle,step_semichords,CL_max,CM_min,CD_max,stall_onset_alpha_deg,cycle_damping_Xi,reported,pct_from_finest_CL_max,pct_from_finest_CM_min,pct_from_finest_CD_max
A_validation,405,0.15514038,1.79600745,-0.28881674,0.55441482,14.42358363,0.0888058,False,0.05767245,0.25882239,0.17068997
A_validation,810,0.07757019,1.79550257,-0.28948606,0.55538326,14.42549957,0.08891825,False,0.02954478,0.02767515,0.00368967
A_validation,1620,0.03878509,1.79520927,-0.28943189,0.55520226,14.42629393,0.08891879,False,0.01320495,0.04638294,0.02890079
A_validation,3240,0.01939255,1.7950485,-0.28961152,0.55543212,14.42665873,0.08898929,True,0.00424803,0.01564874,0.01248686
A_validation,6480,0.00969627,1.79503131,-0.28957938,0.55539028,14.42683304,0.08896375,False,0.00329026,0.00455216,0.00495371
A_validation,12960,0.00484814,1.79497225,-0.2895662,0.55536277,14.42691758,0.08895698,False,0.0,0.0,0.0
B_application,540,0.15572821,1.74583551,-0.23295509,0.42966207,13.84603436,0.06214417,False,0.02481115,1.6423748,1.46928631
B_application,1080,0.07786411,1.74562023,-0.2352452,0.43340118,13.84647754,0.0636118,False,0.01247745,0.67545155,0.61182887
B_application,2160,0.03893205,1.74546751,-0.23634815,0.43522285,13.84659661,0.06433402,False,0.00372747,0.209767,0.19408081
B_application,4320,0.01946603,1.74543727,-0.23686119,0.43609994,13.8466305,0.06467194,True,0.00199474,0.00684856,0.00705605
B_application,8640,0.00973301,1.7454225,-0.23684569,0.43607565,13.84664104,0.06467235,False,0.00114884,0.00030256,0.0014849
B_application,17280,0.00486651,1.74540245,-0.23684497,0.43606918,13.8466447,0.06467888,False,0.0,0.0,0.0
