run,test_number,attempt,set,model,experiment_type,motion_type,date,M,k,Re,U_m_s,frequency_Hz,mean_nominal_deg,amp_nominal_deg,alpha0_deg,amp_deg,peak_alpha_deg,min_alpha_deg,cycles_averaged,averaged,n_pressure_rows,n_cn,n_ct,n_cm,coefficients_stored,incidence_same_in_both_files,mat_equals_coeffs,dat_crc32_equals_deposit,sha256_dat,sha256_coeffs,sha256_mat
11011962,196,2,calibration,11,0,1,1991-03-01,0.11919,0.0097753,1488300.0,41.185,0.233,10.0,4.0,9.766,4.075,13.841,5.691,10,1,128,128,128,128,C_n C_t C_m (pressure forces; C_l and pressure C_d derived),True,True,True,f2820cf3ea0922d83ad01765deead6a257eab9c86981e8f259f60c04ad1288a6,12725f570f5a996967c3fa8a484a9ad8f27a9d65474f5090b21bb2ce2988b636,84f059419014ecaa37c32d6413ea11cfd2b9d97bc76dc3d7106052110b83dd31
11011972,197,2,held_out,11,0,1,1991-03-01,0.11919,0.0097638,1483900.0,41.234,0.233,10.0,6.0,9.6794,6.0486,15.728,3.6308,10,1,128,128,128,128,C_n C_t C_m (pressure forces; C_l and pressure C_d derived),True,True,True,efb35ed70d727d654578eb24be66d007147d127fc41f27dde71b647dc183f047,28e5c2165ded8774caf844d440b76522153beb43167111a08c6718172098708c,a403b7d8ed04d12be06a5802a83c2ec538cb8e744678a599a1b299f80a74986f
11011982,198,2,held_out,11,0,1,1991-03-01,0.11919,0.0097507,1478800.0,41.289,0.233,10.0,8.0,9.6409,8.0172,17.658,1.6237,10,1,128,128,128,128,C_n C_t C_m (pressure forces; C_l and pressure C_d derived),True,True,True,52e3462c87cfad0cbcf10bc1082ee3f738bbf4ccddb601ac7d62f465d8db277c,ff8e4a3bf88c4304a5a89892572ed79e94755051726fff1868708b72d7b21e11,ff28b182a3ff51069ee7050269aceab44c88efdd6543d7df216b196fda18a98d
11011992,199,2,calibration,11,0,1,1991-03-01,0.11919,0.0097458,1476900.0,41.31,0.233,10.0,10.0,9.5805,10.0275,19.608,-0.447,10,1,128,128,128,128,C_n C_t C_m (pressure forces; C_l and pressure C_d derived),True,True,True,8189605618fe9889cd5fade873408a1d2a132edfddd49d7a2442fdff5aefa678,92b4852669fb02388a827d2cf58695e8c1b69d7f308034e215bf96414e718a92,4ae35904c40b4c35a53543145e39d28f912e13fb0cda09d84586b5b5a1d0ca7f
11012002,200,2,held_out,11,0,1,1991-03-01,0.11756,0.024632,1449200.0,40.825,0.582,10.0,4.0,9.71,4.022,13.732,5.688,10,1,128,128,128,128,C_n C_t C_m (pressure forces; C_l and pressure C_d derived),True,True,True,579fcc50e56cec5b08df7d313947861890a6ffd419bca9fe55db49543fc93c7d,9d0afb3749af9087d6e6987e6d1327897bc751392ed2c38ae8ad69602f8076d9,6049008f27cf9f068bd593cf600bc63065edd706ac0c876d6148fde007692021
11012012,201,2,held_out,11,0,1,1991-03-01,0.11756,0.02462,1447300.0,40.846,0.582,10.0,6.0,9.7004,5.9756,15.676,3.7248,10,1,128,128,128,128,C_n C_t C_m (pressure forces; C_l and pressure C_d derived),True,True,True,fc01674ec92a9d440a906d1f92dea3f6595b36e08e6264c41c67d34bf0dc18b8,6596af85c124e06ea40cc683c7c80478513e00b02831d8ccea026d0a7f1e2dd0,583d9837823d403ff606ac384cfd02e6fc139a2593b67af925be5ec66d6a9cac
11012022,202,2,calibration,11,0,1,1991-03-01,0.11756,0.02462,1447300.0,40.846,0.582,10.0,8.0,9.7339,7.9841,17.718,1.7498,10,1,128,128,128,128,C_n C_t C_m (pressure forces; C_l and pressure C_d derived),True,True,True,44baac4c9599c6244cae2cf991e4b8f504f052515d4b926463b395d53bc3cf29,5be2fecef30cf924e6d35808086bd1868aabc427733ee870c20dfe2f80f9cc54,b298aa1f9fa3ef5071dd3883ef86a752ef642a9d4dd50b19b3e9c0152f61c422
11012032,203,2,held_out,11,0,1,1991-03-01,0.11756,0.024612,1446100.0,40.859,0.582,10.0,10.0,9.6804,9.9266,19.607,-0.2462,10,1,128,128,128,128,C_n C_t C_m (pressure forces; C_l and pressure C_d derived),True,True,True,8a8439075c88b244f9fe804df900afc70b3efafba7c88f844478f542f321a473,ed411202a21641639500d6ba638e4248295f843fa5dd906b65180bcc65d91ed6,9db39c25a015fb28e4b182218577a0654cb2826c8206a628a28b1d5b0c67798b
11012052,205,2,calibration,11,0,1,1991-03-01,0.11514,0.050386,1422400.0,39.951,1.165,10.0,4.0,9.7088,4.0042,13.713,5.7046,10,1,128,128,128,128,C_n C_t C_m (pressure forces; C_l and pressure C_d derived),True,True,True,17740adbdf0b3569df295bb121c4eb0528de2569fff697b63ad4c08722d09a2b,ef39b7550d5b8668ad17bdf910e0381dfdb247ec1771a29ff04028febb26dd08,9caa117c7c6e949596bead8cd9414d969cacaecc5041fe0366a3a078d6862e2b
11012062,206,2,held_out,11,0,1,1991-03-01,0.11514,0.050319,1417500.0,40.004,1.165,10.0,6.0,9.6494,6.0216,15.671,3.6277,10,1,128,128,128,128,C_n C_t C_m (pressure forces; C_l and pressure C_d derived),True,True,True,11425622cdd0cc7889ed981c6142c20a3f203b73d77670d1776c1dfb749a735c,c1bc21d1ecc0fc4e5f120e3d37efe1462e367450cb3c77abeae2b9a24c5efb4c,3b1e6c4fa87a50c49b754e0d4447b310cdff91bdbe5d8ad1d9ec4ff2118ad8b0
11012072,207,2,held_out,11,0,1,1991-03-01,0.11514,0.050294,1415700.0,40.024,1.165,10.0,8.0,9.6493,8.0028,17.652,1.6465,10,1,128,128,128,128,C_n C_t C_m (pressure forces; C_l and pressure C_d derived),True,True,True,3c8c6f54bdde90784ac1aa601ef17c987e3a32b99759882459865ccd6e6f6d14,e7424a4337d6c55d71345b6dc3a08dc2a73774fc1cb4c4972f308bc8fa29e907,f9effae88f08c8f79b4a8c8f8e7d484bcf6234e5ad0c22006e3ce0f693d794aa
11012082,208,2,calibration,11,0,1,1991-03-01,0.11514,0.050277,1414500.0,40.038,1.165,10.0,10.0,9.6417,10.0703,19.712,-0.4287,10,1,128,128,128,128,C_n C_t C_m (pressure forces; C_l and pressure C_d derived),True,True,True,01f0fb3c07ad2c18bb0bb11df692cb05755368372ab7d005e5b90a2e82121f2d,9909e80fdf79438a4eb4592dec0f3fd0ecf6eb37c393966587057da3e0c44cec,9a5f8a7b7714c12870a151fa1affd95ed33ffa8f5ae830e63cf804f87629f614
11012092,209,2,held_out,11,0,1,1991-03-01,0.11849,0.073263,1455600.0,41.202,1.747,10.0,4.0,9.6626,4.1414,13.804,5.5213,10,1,128,128,128,128,C_n C_t C_m (pressure forces; C_l and pressure C_d derived),True,True,True,332af7ec76578bfe6bcc9c0642ef0a58f3754a96f68548eab6856f18a3faf812,9e11852c78070ee455b4274232d464b806f502acfacc539b1ed5ab52e472b7ca,17917b3874bbd90959e5e46c5dfa4bebb0408623c19b2eaf26799f49c7f3fe50
11012102,210,2,held_out,11,0,1,1991-03-01,0.11849,0.073227,1453800.0,41.223,1.747,10.0,6.0,9.6665,6.1905,15.857,3.476,10,1,128,128,128,128,C_n C_t C_m (pressure forces; C_l and pressure C_d derived),True,True,True,cccb93e403bc1f68302e8473c5af55a2a48bc8ff2258c0485668b1df334e7eda,493d28abbaae2dac1665209a7110fc1edcf86e05efba732caba64db7c50f8fb2,a3ab7fed6fe142109764909caba8f40cc044e7ab97f821820cd0321c92347eb7
11012112,211,2,calibration,11,0,1,1991-03-01,0.11849,0.073202,1452500.0,41.236,1.747,10.0,8.0,9.6612,8.2288,17.89,1.4323,10,1,128,128,128,128,C_n C_t C_m (pressure forces; C_l and pressure C_d derived),True,True,True,6db82b463ac03ccd9b165f36d80cbba115a449e6c87b7b53d3b89e5eae5f8f89,b966c5f5e26ec69e4fab208a488aa7bae52a007932ff1930540b5c1a280ebf96,45a1bca7c0672f9a1fefb98aa4621dc14d7154eeea62941d3cb949b583988faf
11012122,212,2,held_out,11,0,1,1991-03-01,0.11849,0.073178,1451300.0,41.25,1.747,10.0,10.0,9.6809,10.1401,19.821,-0.4591,10,1,128,128,128,128,C_n C_t C_m (pressure forces; C_l and pressure C_d derived),True,True,True,b29eccf07d13a4ff6767da30de25a11a88f65365f6cefa574fa51f66edb57c6d,2a4f62880eada8daaf796548f9712121b58b06e61a0771a0ccded8b4637af7f3,341ca92a247478e1f79dd872b0f83b8b543f1b5890e09b21bd9c35df5d3ff175
11012132,213,2,held_out,11,0,1,1991-03-01,0.11685,0.099031,1433700.0,40.654,2.33,10.0,4.0,9.6858,4.2462,13.932,5.4395,10,1,128,128,128,128,C_n C_t C_m (pressure forces; C_l and pressure C_d derived),True,True,True,cb3d2a44100bd646b13fdc73365197faeb02e134889ed07048221c63b875b14c,37eaf526629b027b1f4b9bc137a7eb9830c65be4da2a27c26aaefab21a9a8e76,cd1eb229da594f7ca9561c9359ffb1daf601f5a338467d11c88fe8bc154310df
11012142,214,2,calibration,11,0,1,1991-03-01,0.11685,0.098998,1432500.0,40.667,2.33,10.0,6.0,9.6823,6.1957,15.878,3.4866,10,1,128,128,128,128,C_n C_t C_m (pressure forces; C_l and pressure C_d derived),True,True,True,20e37c247da7fbb8cbe20f2473555a469357be258d9c267b6d5fee3810883a8f,1c5c1856fa9790a507196fa16237afa652cda50535a5a174dde899abd8234621,67292878e89dea6f6a2b838dfcad213db94c59a7a46ba8c5f95084322114faf0
11012152,215,2,held_out,11,0,1,1991-03-01,0.11685,0.098965,1431300.0,40.681,2.33,10.0,8.0,9.6668,8.3242,17.991,1.3426,10,1,128,128,128,128,C_n C_t C_m (pressure forces; C_l and pressure C_d derived),True,True,True,c78cc4c045481513b886c5babd3b4058031fada5c98b1326fabe1cad60419e7c,43cb172e3eae44aa36accaebc70964f57b586d5ca02c09580d67626e0c6ef1a1,6e28f7be0c42aa37679bba3fd11b9e040ca5936cb0d7ff2885c29da5a12bf2b7
11012162,216,2,held_out,11,0,1,1991-03-01,0.11685,0.098932,1430100.0,40.694,2.33,10.0,10.0,9.6935,10.0705,19.764,-0.377,10,1,128,128,128,128,C_n C_t C_m (pressure forces; C_l and pressure C_d derived),True,True,True,fd22c1274899ee55609a12726aa0226c8b9e19bcec2fde0811d4a7b71ed1e2dc,d8b6477852e9d2794dd46cee93bfc7a7f2b21ac0d8a9f3dd62adfd5fde4528e7,992217d31d6fe54cdd075120ec966fe4b9e0826fd703c377f5be198ad3073790
11012172,217,2,calibration,11,0,1,1991-03-01,0.11686,0.12382,1435700.0,40.638,2.912,10.0,4.0,9.6679,3.8921,13.56,5.7758,10,1,128,128,128,128,C_n C_t C_m (pressure forces; C_l and pressure C_d derived),True,True,True,6121273dbdac64b9d1469306453f7aecb4395a1b6980f2686b0653886e094b0a,e0e06b6a1cf7dad7ada7867c1d4f48f941cb36621ef8c5be50539ac76ae6f385,d778d77cfc8703e76d8fe2c3cd42562113306962cba14663b424a4d398522b5e
11012182,218,2,held_out,11,0,1,1991-03-01,0.11686,0.12371,1432600.0,40.671,2.912,10.0,6.0,9.7217,6.0333,15.755,3.6884,10,1,128,128,128,128,C_n C_t C_m (pressure forces; C_l and pressure C_d derived),True,True,True,3f927a71c8c246c7798798ef93d89ff25c35885ede2b06591fed077b3047bf33,fd5cb844c5ae82a5e53b2ffa58b6a3f88d098900f7f90f2c86e544d87d6ae97c,c5c190f91738b6f8128d38946df70988209618d79918729ec1227b43b759053f
11012192,219,2,held_out,11,0,1,1991-03-01,0.11686,0.12367,1431400.0,40.685,2.912,10.0,8.0,9.719,8.0649,17.784,1.6541,10,1,128,128,128,128,C_n C_t C_m (pressure forces; C_l and pressure C_d derived),True,True,True,51c425a940ab5973ce742ed4fbefcdc5e9d6ebd832fa2daf8e916a84e3b384ec,6967917932b8ded4fe7d29db6e6c6b0f876de1a5202eed897695be98488d39f4,2cca7a55a7ee9acabfb52878d2f9044388730a05dc1049c2042ce35dae7085e7
11012202,220,2,calibration,11,0,1,1991-03-01,0.11686,0.12363,1430200.0,40.698,2.912,10.0,10.0,9.7489,9.9281,19.677,-0.1792,10,1,128,128,128,128,C_n C_t C_m (pressure forces; C_l and pressure C_d derived),True,True,True,b805b4a02beda638ce5f6d8c22b3975f1a20c75e9d61594b65fdc96c721b2963,0ac69a87375489eb7c3a97f62c7df7afbab35be86ce3406ac65aab088b8140c5,699c337c19b399c435c2b17573df03e33dad39488b790e88711c5b77e52f3743
11012212,221,2,held_out,11,0,1,1991-03-01,0.11664,0.14888,1431700.0,40.573,3.496,10.0,4.0,9.6429,3.858,13.501,5.7849,10,1,128,128,128,128,C_n C_t C_m (pressure forces; C_l and pressure C_d derived),True,True,True,424ecc189d837cfc0c77c66a7c49049a156067ad73a7436b1a2dee684235c94f,d8438feb3507ac3f197cee0ab2b4a954072a7328250a7356aa6bf91801f2e835,6151233d7288a890b36685399a2ab0bcf63811c4cd99e62e4cea0a6afde64eb5
11012222,222,2,held_out,11,0,1,1991-03-01,0.11664,0.14886,1431100.0,40.58,3.496,10.0,6.0,9.7138,5.9541,15.668,3.7597,10,1,128,128,128,128,C_n C_t C_m (pressure forces; C_l and pressure C_d derived),True,True,True,48d67433f307770e363a39c2be21438dc6d19ca4b939e3b59c385047a8198560,52f9a05b1cb0a837c51018f70611bb8c3c56b5b06a758003e7f78ff3f8c44e17,a08a31ed543455c85741f0667b8518c43fabfc2fcb1a5124aefa34f9d823cc96
11012232,223,2,calibration,11,0,1,1991-03-01,0.11664,0.14881,1429900.0,40.593,3.496,10.0,8.0,9.7363,7.9926,17.729,1.7437,10,1,128,128,128,128,C_n C_t C_m (pressure forces; C_l and pressure C_d derived),True,True,True,f94cb316ce2384651db4b23eb959b07d6f353babf433d617beed0fd7594c81cf,5d81bfba62f338bb59bcf2d3d69eb0c445677cdefce9250e9024535c63cf4308,04f4475df5732525cfaeaada369c9977bb6d0d13b3ae3b7154dfdde0bc7783e4
11012242,224,2,held_out,11,0,1,1991-03-01,0.11664,0.14878,1429300.0,40.6,3.496,10.0,10.0,9.7651,10.1649,19.93,-0.3998,10,1,128,128,128,128,C_n C_t C_m (pressure forces; C_l and pressure C_d derived),True,True,True,85762edc21109ecbde733a3c6e2c5013627bcf21b56bb589baa43be4310ccc72,9cbd28cc82f6654789634f1f51d0fb2a3bf7b0e9c8fb02c20693a6677201a5db,e71c00e6ce500077c5c8c26b7b4e077f35a9169d0c113fe99183ae4f98d64e81
11012252,225,2,held_out,11,0,1,1991-03-01,0.11638,0.17412,1431000.0,40.457,4.077,10.0,4.0,9.7174,3.9416,13.659,5.7758,10,1,128,128,128,128,C_n C_t C_m (pressure forces; C_l and pressure C_d derived),True,True,True,0c1fccace8fddee1e5296aca59a560ed1f54eb061566777d57c0efcc3e92e026,f4c4a24722a14999f32d59818531e8d25de6d39e313cb92ffb2826c1e452a3b1,0a667d14fc7324997d6548fd20b92c78053c7f366a96e350797127961f097b21
11012262,226,2,calibration,11,0,1,1991-03-01,0.11638,0.17401,1428600.0,40.484,4.077,10.0,6.0,9.7018,6.0042,15.706,3.6975,10,1,128,128,128,128,C_n C_t C_m (pressure forces; C_l and pressure C_d derived),True,True,True,ef8b58a6741929bb3cbd211b77685907805e7352bd370e2a173f3a56fa9bd459,72498c8395d1f4bb7a3b6daf5f51bfbcb2f1a79b9c842991d44bee845c902ae8,a150edcfeead59a67781b2c7083d885a7fa9be1e85ef666e3a93e7b3493e9d64
11012272,227,2,held_out,11,0,1,1991-03-01,0.11638,0.17395,1427400.0,40.497,4.077,10.0,8.0,9.7685,8.0734,17.842,1.6951,10,1,128,128,128,128,C_n C_t C_m (pressure forces; C_l and pressure C_d derived),True,True,True,803aee9beb6818ae748de09316e85438cde0cf9d0996ca6c517212707bf247ad,ef89c0217fe2d1b6cc3b42289df697fb6b75e07d2e6a15307ab4a9de5df21fda,8254391b5b4fac6d6bc5bed70281afe9d128bbcdc9a68fcb179fae7ff4b861a5
11012282,228,2,held_out,11,0,1,1991-03-01,0.11638,0.17389,1426200.0,40.511,4.077,10.0,10.0,9.745,10.233,19.978,-0.488,10,1,128,128,128,128,C_n C_t C_m (pressure forces; C_l and pressure C_d derived),True,True,True,c2b15afee750ec232f1838f4261234ef892bfd19bd52aa6e78255f28cad5c7ec,60fad38ebc80f3111a58bff6e2f708fe8efcb1845634694437df214a53cc354c,831d441c373956193c1a9474700822f9f6259c195455e13f84fb825986ed37a1
11012302,230,2,held_out,11,0,1,1991-03-01,0.11617,0.0099713,1429000.0,40.375,0.233,4.0,10.0,3.5605,10.1425,13.703,-6.5819,10,1,128,128,128,128,C_n C_t C_m (pressure forces; C_l and pressure C_d derived),True,True,True,88c496d84cf134b0b1a9bef816f3ae6440e47c85733b0209de21a48909af2243,eb35238977dc939d0b2a8bea22fb6fc8ff141e1c7086149cee9cacd5099d4aac,2619fec6057f144edcdfd9bea31324f3c9cc1d137c7f8c476b8698ce5ace799e
11012312,231,2,held_out,11,0,1,1991-03-01,0.11617,0.009958,1424100.0,40.429,0.233,6.0,10.0,5.5663,10.1217,15.688,-4.5553,10,1,128,128,128,128,C_n C_t C_m (pressure forces; C_l and pressure C_d derived),True,True,True,f2dd5b41a68eddf0d571e1d28b126f982146cd2cca6eb0988f904767a3a717ad,d6e6067f586cd13bac3a955df35f955b641d2a057eb25c293d87602737ebf223,506464203e873953a764127d38666c5d3fe288d8cc48bba930f78df87e0d4bc9
11012322,232,2,calibration,11,0,1,1991-03-01,0.11617,0.0099514,1421700.0,40.456,0.233,8.0,10.0,7.5863,10.1097,17.696,-2.5234,10,1,128,128,128,128,C_n C_t C_m (pressure forces; C_l and pressure C_d derived),True,True,True,48a6120746436fec24ce4a3e9e63c1fd48c58928d2dada90cdfe3aacdf9bc4ae,c4459f2200c02783f5103bbcde5d0b9dd8123fd57325d890f81ef087d8025f13,f97bbd8db6d205da03e1863dad8c0c99a8337eff972d459001a74e9cfa93547b
11012332,233,2,held_out,11,0,1,1991-03-01,0.11617,0.0099448,1419300.0,40.483,0.233,15.0,10.0,14.6253,10.0997,24.725,4.5256,10,1,128,128,128,128,C_n C_t C_m (pressure forces; C_l and pressure C_d derived),True,True,True,e35792cc5d7ba05c493138bfbfd82e8cd5a80563ac348989aede9448215d4a6a,9aa1ffe7559834d9da12f105130f2b4855dabab90a70aa77de34e432c766baf0,efffa5b7020596d2d18e027e2e214fcf138d63a0fc006078cf365cad264f1134
11012342,234,2,held_out,11,0,1,1991-03-01,0.11617,0.0099399,1417500.0,40.503,0.233,20.0,10.0,19.527,9.967,29.494,9.5601,10,1,128,128,128,128,C_n C_t C_m (pressure forces; C_l and pressure C_d derived),True,True,True,bea43968ffd905a7ad0c7aa5707c3cee8c6118464918d00cea2a6371c185e615,b2f68e15be603ad070fe01ccc1e4f1ba2484c277820cfd1be236d6b9c3b6d64c,c3bc414ef38eae15b025620f3f94eefd792df3be0bb0692695a7e86b2a83a642
11012352,235,2,calibration,11,0,1,1991-03-04,0.11782,0.02476,1486000.0,40.614,0.582,4.0,10.0,3.2742,9.9278,13.202,-6.6537,10,1,128,128,128,128,C_n C_t C_m (pressure forces; C_l and pressure C_d derived),True,True,True,7672d5d3a57c6f7cc7318ba9da880a5490bf9acef7a379806ff4159fa41c0806,ab8b71a0a381fb5108bf8c19ba329d89dc888aec0b42567921939059f19abf18,a8170a590a6c0eeb41db9ee85ed6aea68a727b87b9a46e5aa3144d404d22937c
11012362,236,2,held_out,11,0,1,1991-03-04,0.11782,0.024744,1483400.0,40.642,0.582,6.0,10.0,5.2514,9.9196,15.171,-4.6682,10,1,128,128,128,128,C_n C_t C_m (pressure forces; C_l and pressure C_d derived),True,True,True,0a023b2d4077742ea97ff8a2f8ca649584811bd39aaf53c79457c2bb9d0620d3,4c5051f463c43134d93e18c15775d1ea0f35c0ef8e49ad681831718fb27d9867,bd7c67b95e2e606763a1b46c5d2961bcce7455ab387a0cfe352b31830a5ce380
11012372,237,2,held_out,11,0,1,1991-03-04,0.11782,0.024739,1482800.0,40.649,0.582,8.0,10.0,7.2126,9.9204,17.133,-2.7078,10,1,128,128,128,128,C_n C_t C_m (pressure forces; C_l and pressure C_d derived),True,True,True,b090cb2c870306c5d91c137ce506780d50f97b89b5fd45aeaceba1a7603dd29d,a10f57502ea949c738d130145d28da05b3503de023528737e19e6c27a56c8278,a283c86ec56393c1f4ff0abba1371dd46983c9094aed3b03af30ac459c3d4b32
11012382,238,2,calibration,11,0,1,1991-03-04,0.11782,0.024731,1481500.0,40.662,0.582,15.0,10.0,14.2325,9.9025,24.135,4.33,10,1,128,128,128,128,C_n C_t C_m (pressure forces; C_l and pressure C_d derived),True,True,True,517136150d8edc160e6e0feff9d8fcd0a5877c886a201f1db5daf08f5e1ad003,2226fa7e9a82810c8e47fe9123a6a0c77850602acce35b250b947d237ab74239,5ad2ecf22ff6ce78fe594f205a3bbc62b1cb1a51ce5a9a08d46f9f8d6a54f7b8
11012392,239,2,held_out,11,0,1,1991-03-04,0.11782,0.024719,1479600.0,40.683,0.582,20.0,10.0,19.1915,9.8445,29.036,9.3471,10,1,128,128,128,128,C_n C_t C_m (pressure forces; C_l and pressure C_d derived),True,True,True,8d97a9ffb50d6f9177d88094e27bcd27834a854f018fa351d3a26a847005777c,bc546014982bf51e791a5bd774b9054bc19b329979a05a2a44bc068c8030f4d4,da7b2abf740708ec1e82071e961623684eac5b1447109e2750c54c92619a0178
11012402,240,2,held_out,11,0,1,1991-03-04,0.11734,0.049715,1476100.0,40.49,1.165,4.0,10.0,3.5674,10.1356,13.703,-6.5682,10,1,128,128,128,128,C_n C_t C_m (pressure forces; C_l and pressure C_d derived),True,True,True,bea51b5b1b2bf28b5d2660083c6729aa5ed67210d1853e4db8f70c40f8301ea1,41056c7a7979c304cec6ac16205cfc9b0402dff6bcf5b2e21dcbd6689b8e7d23,06bd211f95f1591ef8a94b99f526392bfd05fce5c96e83118327fcc9ebb3fe97
11012412,241,2,calibration,11,0,1,1991-03-04,0.11734,0.049682,1473600.0,40.517,1.165,6.0,10.0,5.5935,10.0985,15.692,-4.505,10,1,128,128,128,128,C_n C_t C_m (pressure forces; C_l and pressure C_d derived),True,True,True,9cbde967edc9edb810602a3ecf9d0e0e892db0f7eac2611fae602c08eb4d66c0,9f1b7b92aa90a31ecbc35e8010741d40be3a0b6ce4cdce0a752519f26161458a,470c346bd33f56bbb9071af84decf85634cf73d815fcd4d007f331360aad7975
11012422,242,2,held_out,11,0,1,1991-03-04,0.11734,0.049665,1472300.0,40.531,1.165,8.0,10.0,7.6065,10.0934,17.7,-2.4869,10,1,128,128,128,128,C_n C_t C_m (pressure forces; C_l and pressure C_d derived),True,True,True,2bcfad0b21e5d239bba61a7c350f374ba2b21684f23ea0b88520670fa1e748a2,fc678e2581e50636ab006a22f50c0b3619050013837b547809001b1cea64e03d,e5c38acc47a1b29959e8c01d49c9b129f8e2d9933b88f112ff26cc5b61a46351
11012432,243,2,held_out,11,0,1,1991-03-04,0.11734,0.049648,1471000.0,40.545,1.165,15.0,10.0,14.6651,10.0909,24.756,4.5741,10,1,128,128,128,128,C_n C_t C_m (pressure forces; C_l and pressure C_d derived),True,True,True,843db03725a1ad978853009f1bdc2580f9f1dcba6ec81285f00938e994d17401,442fbec5769173dd783be1e8ff9dc6ba1b18a5d7ef4fda2cf4de3dd263a87f48,272487034aa6aa3d36e681f831fb27e2d7683191d7c7e3e5ceb1015564d242a8
11012442,244,2,calibration,11,0,1,1991-03-04,0.11734,0.049632,1469700.0,40.558,1.165,20.0,10.0,19.6298,10.0152,29.645,9.6145,10,1,128,128,128,128,C_n C_t C_m (pressure forces; C_l and pressure C_d derived),True,True,True,ebd2c225f69cadf2de2ca3a4be86889358963df4784192639f20ba0f727ea610,e280afc4f0f6742c0741acb25fdf5594f69cabc67194f21543c454cbbb0f391d,d834cd2d084b71b4351b0b52c04768d9061c727b20e951038d65b57b101dfbdd
11012622,262,2,calibration,11,0,1,1991-03-04,0.11628,0.07524,1463500.0,40.12,1.747,4.0,10.0,3.6064,10.1776,13.784,-6.5712,10,1,128,128,128,128,C_n C_t C_m (pressure forces; C_l and pressure C_d derived),True,True,True,3895271923cb9a43ec3064a19afcce397f04bdd90499c3c9b1bf55143ec0545c,a9df940009b2f23e5c2d5ca917f10a0e99e33fa087b87a446e2d8ad2a21d39fc,78bdd0b5bf1a8ec5f5ee223ec8820a14ec115a6ff6eec1c2adda3d225a12e866
11012632,263,2,held_out,11,0,1,1991-03-04,0.11628,0.075215,1462200.0,40.133,1.747,6.0,10.0,5.6182,10.1628,15.781,-4.5446,10,1,128,128,128,128,C_n C_t C_m (pressure forces; C_l and pressure C_d derived),True,True,True,f3287dcbde6acbac6dbe4a82da773416bcc50935e0fc676cafafe003a0f54d90,d37ed18097f3af4c9485a036e6e0aeec6ba5e7ed5e6d65e4b6e2296654c9bd25,3e4573175076ac68ac9fcf3db0d19ccd20e9091842a2e2cba295339eece54993
11012642,264,2,held_out,11,0,1,1991-03-04,0.11628,0.075189,1460900.0,40.147,1.747,8.0,10.0,7.6529,10.152,17.805,-2.4991,10,1,128,128,128,128,C_n C_t C_m (pressure forces; C_l and pressure C_d derived),True,True,True,dea4016bb02fc05fa8476c52812233ed338de5e7451ddca5b820d84911fa5213,915a4fae55640d0021b7fda6ff0c093d75fc4e331a51281a86f8d79bbc550c6c,3a30d80dde45cab02a0b5b68c501d2633084d99e559ad3ef630d44dceef4df0b
11012652,265,2,calibration,11,0,1,1991-03-04,0.11628,0.075139,1458400.0,40.174,1.747,15.0,10.0,14.7344,10.1966,24.931,4.5377,10,1,128,128,128,128,C_n C_t C_m (pressure forces; C_l and pressure C_d derived),True,True,True,39baa5f5fa3505315f31672db9fd0288ec2a61ea991c7325fcdec9cf9db49143,39706f9ff9d6acf3819d3670c88c76ed99460071715258a671f4682720485170,43e4dc5b1b3a73dc503b90fecd09b2f8b06e7cd283bf0f7c09c4cc3e2317a578
11012662,266,2,held_out,11,0,1,1991-03-04,0.11628,0.075113,1457200.0,40.187,1.747,20.0,10.0,19.6494,10.0756,29.725,9.5737,10,1,128,128,128,128,C_n C_t C_m (pressure forces; C_l and pressure C_d derived),True,True,True,814fdaa5a2ca354a72d20e587bd98d2a7524e65c0db5124236eca39d3af0ac2b,3da11837f6926766e2aa37cba79745c459de0ba3b1763cd64e3f4b530a01aa4d,e911c85bc1a25f4543a9789ef97edcb7d2f0a7af034266fc5133a4ecf19f084d
11012672,267,2,held_out,11,0,1,1991-03-04,0.11595,0.10065,1460000.0,39.999,2.33,4.0,10.0,3.6206,10.1094,13.73,-6.4888,10,1,128,128,128,128,C_n C_t C_m (pressure forces; C_l and pressure C_d derived),True,True,True,539b24bb5213d5135bbdb735c50b49acbdf8f9c30a42909522d3b938a1266fbd,1b734b5720941430c9225f1909a23891be29e0441c7997c443643a6fa937a7de,cae7eba279c00d1bee5027167f89275e7b3d65da78ae82369741da0811cc2e3c
11012682,268,2,calibration,11,0,1,1991-03-04,0.11595,0.10057,1456800.0,40.033,2.33,6.0,10.0,5.6509,10.1071,15.758,-4.4562,10,1,128,128,128,128,C_n C_t C_m (pressure forces; C_l and pressure C_d derived),True,True,True,1917676147a06f38a7aa9b4d5b12e595d369c1d6e9abbc65abcb7deceab62cea,b80c67cec0be758c18f6bd762f5381a8bc9ee4628c59fba98da7a62ffb36511d,53e33dcf1a9513df87c864b73139e0efe6cfb2d3bbad65db5a2bd785ddb9bc40
11012692,269,2,held_out,11,0,1,1991-03-04,0.11595,0.10052,1454900.0,40.053,2.33,8.0,10.0,7.6895,10.0865,17.776,-2.397,10,1,128,128,128,128,C_n C_t C_m (pressure forces; C_l and pressure C_d derived),True,True,True,4fdb92a50671b0fc3bcb33773257ad71954c7e84e7cab35e1cc1b86866fecaba,15aee437d6a74f9fa21cad75b19539b0f62d34be02d3cd4c1b4bd540062af119,3f1f37db422e2211b6d375083d53a9024384fd7f552e7d38e8f6804442988a5f
11012702,270,2,held_out,11,0,1,1991-03-04,0.11595,0.10048,1453700.0,40.067,2.33,15.0,10.0,14.6431,10.0038,24.647,4.6393,10,1,128,128,128,128,C_n C_t C_m (pressure forces; C_l and pressure C_d derived),True,True,True,54cb8200143bb4f281f7486b0d25e11954a78f6588cce467e1be00c853c0ac41,e05cfeaf3a31279a108a1ac48b305cd88409bb0520511485398842b61641f88a,a87a32a968ea761afda79e7f0ed85f2466259dd2f22c5acdd85740194d0d5365
11012712,271,2,calibration,11,0,1,1991-03-04,0.11595,0.10045,1452400.0,40.08,2.33,20.0,10.0,19.7184,10.1205,29.839,9.5979,10,1,128,128,128,128,C_n C_t C_m (pressure forces; C_l and pressure C_d derived),True,True,True,12f8ed2d8a5ff219b3189c20e54c2bcf4e60016be4d61ba44a46573b2d7a66de,9d5c281e554e2ae33411e0a884054fa3a7d73db78751fc3f6a9745b178a92f9a,5c9f76b80b5b3c34bdb47c3c43bac9001ecb468448a39152e5bf8fa85a1653d1
11012722,272,2,held_out,11,0,1,1991-03-04,0.11701,0.12447,1467500.0,40.424,2.912,4.0,10.0,3.6265,9.9336,13.56,-6.3071,10,1,128,128,128,128,C_n C_t C_m (pressure forces; C_l and pressure C_d derived),True,True,True,ad208a696168c17c07cc436e3cc75fab4630eb3a8b146b3b88c69dd3952167bf,26b8b44d670349a10ee5884d2954b64f76f50642d8f82f3f9a624856a5dd8f13,58ff70a787317241f015a4cc8890c74acae894bca426c1fd863bf7995de4bdce
11012732,273,2,held_out,11,0,1,1991-03-04,0.11701,0.12439,1465000.0,40.451,2.912,6.0,10.0,5.6729,9.9261,15.599,-4.2533,10,1,128,128,128,128,C_n C_t C_m (pressure forces; C_l and pressure C_d derived),True,True,True,3fa5a3890d4a32289b8af961ad98ddbb7ecc1e0408e2b6a64cb5c2537c1d2e49,b57f5b2850851bd223b327ad457d64801e8e097469f7a232f99627ad9b23c8e6,b9a925d5a0ba70886157c7d3c401f67c3fba1563d57b4361c823a0226a25c1ba
11012742,274,2,calibration,11,0,1,1991-03-04,0.11701,0.12435,1463700.0,40.465,2.912,8.0,10.0,7.7048,9.8931,17.598,-2.1883,10,1,128,128,128,128,C_n C_t C_m (pressure forces; C_l and pressure C_d derived),True,True,True,8165a91ebd31a739818151cbceb7e9a336248664d8e8c85ab19936f08dcbb359,96ece06e278ba4ec05fd29ca3abf7fd2305637f4d9e0674434600bf1a14c97d9,405af38e563b65ff976af8b0258fc845e8810f7dfa9293dac18895dd04eab924
11012752,275,2,held_out,11,0,1,1991-03-04,0.11701,0.1243,1462400.0,40.478,2.912,15.0,10.0,14.67,9.867,24.537,4.803,10,1,128,128,128,128,C_n C_t C_m (pressure forces; C_l and pressure C_d derived),True,True,True,a4b923c925c41515df2af37ee302f5e9e180ce3bd95ce096892ee021b6a38ae9,c885b9f69d11ffe5b8d2180f21908b2648547eac683e570fb7e4d38f5430e3e5,7db135a3d1dbde09d98496bb1b882c2c2f3912d0b7d7c498f88915469c2f3a35
11012762,276,2,held_out,11,0,1,1991-03-04,0.11701,0.12424,1460600.0,40.498,2.912,20.0,10.0,19.5652,9.8858,29.451,9.6794,10,1,128,128,128,128,C_n C_t C_m (pressure forces; C_l and pressure C_d derived),True,True,True,67683ee13bf4dec4342f89e5aea5de9deba56a13bb13286681183785cae535c4,fa709f4f62b29f80bdf8f51728388dbccb51cc327ac3cb1e1c92f0e2a0cbf974,441370a2cd103ce9b50bea112c38c24d69a885e5c02a9c6d6c33aeb3a7508912
11012772,277,2,calibration,11,0,1,1991-03-04,0.11534,0.1517,1449000.0,39.819,3.496,4.0,10.0,3.682,10.096,13.778,-6.414,10,1,128,128,128,128,C_n C_t C_m (pressure forces; C_l and pressure C_d derived),True,True,True,a5cec14be86ed7e919383469d68ca146fcfb37300e67bdd495344ef8c0be1262,d6315d2b22795ed10633fddee15051e920be21912f564c6a52bcc2de3638fc7e,f2dce2ac6036556874029fb03cb5452395048209195b7b7ec403ddfe4ae752b6
11012782,278,2,held_out,11,0,1,1991-03-04,0.11534,0.15157,1445900.0,39.853,3.496,6.0,10.0,5.725,10.047,15.772,-4.322,10,1,128,128,128,128,C_n C_t C_m (pressure forces; C_l and pressure C_d derived),True,True,True,5912c715df8f75d7c15d1d8b239371bc50fa91a6e0e4542b61fab4035bc6d76e,73eaf85169f496bcc999307e3d2e77afa69204f157f57fe3c0f052cd75b12c2a,f503308242d196f8134f9eefcbe918dba63a85350d0277c0310bcd4edb615983
11012792,279,2,held_out,11,0,1,1991-03-04,0.11534,0.1515,1444000.0,39.873,3.496,8.0,10.0,7.755,10.0149,17.77,-2.2599,10,1,128,128,128,128,C_n C_t C_m (pressure forces; C_l and pressure C_d derived),True,True,True,aa12f67b4fa95b65dcc0d36683fc91db7fab363d9cacc18db4cc1e369893aa6f,0d1242a124b5bae29ac6281e35a316a44980584a87cfd621051aa10b0bd2846a,8bddaf45e5aa55d43e8f52525f18b4b0a20829de00d99ea5cb99e5b9e05e0de1
11012802,280,2,calibration,11,0,1,1991-03-04,0.11534,0.15145,1442800.0,39.886,3.496,15.0,10.0,14.7466,10.1104,24.857,4.6363,10,1,128,128,128,128,C_n C_t C_m (pressure forces; C_l and pressure C_d derived),True,True,True,bfeb8b54f83d908461879a83a103a7d5be3b0a7572e7c539aa6b341b461aca18,af00ee3eecefd51a4caa9da424d6c7f009daaa6035fc2c6cef08ef6956662467,fb629acdc265f0dd6103a3603d11184a630d9e11b10a7f1efc43e2a83aeb16a1
11012812,281,2,held_out,11,0,1,1991-03-04,0.11534,0.15142,1442200.0,39.893,3.496,20.0,10.0,19.6108,10.1172,29.728,9.4937,10,1,128,128,128,128,C_n C_t C_m (pressure forces; C_l and pressure C_d derived),True,True,True,661564cd6775de6fdedcebb57e522e9ba2d17a393c8a4cc025dea7a639d611c9,4df87d3d17bebc46f11e227e9dc632f370efc02f40963f909389deedc43c0176,38660f05f317e583d66d1080daf6371b0fddb98f3122d65d2fcc2bd5f19d39c4
11012822,282,2,held_out,11,0,1,1991-03-04,0.11743,0.17344,1468300.0,40.617,4.077,4.0,10.0,3.6756,10.3644,14.04,-6.6888,10,1,128,128,128,128,C_n C_t C_m (pressure forces; C_l and pressure C_d derived),True,True,True,42b4c1421db3b0b83d055e19215c19dca69ebe6e002cae09af640f207c3456d7,fed8647ef79ab83bcaea02371e49aa7c1a657800a3fac28cce021d48449e6fe7,e8284d04e285d1787b9b0dab00d6fb556182f79f52715310a7043f927150ec40
11012832,283,2,calibration,11,0,1,1991-03-04,0.11743,0.17332,1465800.0,40.644,4.077,6.0,10.0,5.7439,10.316,16.06,-4.5721,10,1,128,128,128,128,C_n C_t C_m (pressure forces; C_l and pressure C_d derived),True,True,True,3d402f53192fb23c99c8d8bc91b98961a3bf7e581a9e4c53cc813945ce55d261,0cf0f5a2ecd5c523fda96ebe783e4dac56aa0c8db2c0eb1564c87c4abeb7b554,2a87d2fb75275f03e77e6d513aab1350969584fb66795716e220650667e6a08d
11012842,284,2,held_out,11,0,1,1991-03-04,0.11743,0.17329,1465200.0,40.651,4.077,8.0,10.0,7.7834,10.2916,18.075,-2.5082,10,1,128,128,128,128,C_n C_t C_m (pressure forces; C_l and pressure C_d derived),True,True,True,f7b3080219bd3eaccda11361ac6c03258ee891ca3c06d5a4f5e4163307940d00,c0e6b46a76f3eae54ea437fcfb54014a1e7c3e510a18aa4eec756ebd1de8f687,5b72de4b58aa9b5c0a321e6abd53ec3ba28e6cc6c1ac5cbeebdf0347c38dd143
11012852,285,2,held_out,11,0,1,1991-03-04,0.11743,0.17321,1463300.0,40.671,4.077,15.0,10.0,14.7776,10.2384,25.016,4.5392,10,1,128,128,128,128,C_n C_t C_m (pressure forces; C_l and pressure C_d derived),True,True,True,a039d84ecd005ca2ae87b7d59eb78b50c9549406494eea34839ab2f0915d6ac3,5a4d99fc6dc06bdc5dbfa1daf53515b615cd0c44b5169bd9ede2da33c2ec23a4,f05194a87eeb1b8284245cf1e4e2c5784cf24e1f362cc44a1d00ee486bcfae00
11012862,286,2,calibration,11,0,1,1991-03-04,0.11743,0.17318,1462700.0,40.678,4.077,20.0,10.0,19.6223,10.2827,29.905,9.3396,10,1,128,128,128,128,C_n C_t C_m (pressure forces; C_l and pressure C_d derived),True,True,True,451c2d669e6929ee87aa13a1346c8e5ad6d0ccf816cce4eb091ef0534adb1936,2e151dd3ae2d342c92cc6a2a6abd2acb4392925f6129e01109fa56095c8a4c08,aa33337a4b46518bff60d6def5c6d3167aa6fc8f1784f910249b3080bf8fbfaf
11012891,289,1,held_out,11,0,1,1991-03-04,0.11606,0.010036,1453700.0,40.115,0.233,3.0,8.0,2.557,8.0979,10.655,-5.5409,10,1,128,128,128,128,C_n C_t C_m (pressure forces; C_l and pressure C_d derived),True,True,True,508227ad2b5772450250bf4426071c06a759bc6537febc56bd9496eb2df4adae,61122fa70957b636027570f010f14e1745bf0fb98ceb1851594a4ad06588d701,131a51b8cd9679a85583b230dff8598186a8e04ba1fc05adb44ebf602bc68b2e
11012901,290,1,calibration,11,0,1,1991-03-04,0.11606,0.010028,1450500.0,40.149,0.233,4.0,8.0,3.6171,8.1129,11.73,-4.4958,10,1,128,128,128,128,C_n C_t C_m (pressure forces; C_l and pressure C_d derived),True,True,True,9b3c431109283efe306c81e5934b50c405e85077acd7e4b4baab1c46431c1af0,23e4f9afe3914c22c3899ff967033a0dfd4eff109029434eebbc8768bdf22acf,2552bc19927a553519b1835af229016abb9121c8e6ff1fda8adfd5feff098c56
11012911,291,1,held_out,11,0,1,1991-03-04,0.11606,0.010021,1448100.0,40.176,0.233,5.0,8.0,4.5896,8.0974,12.687,-3.5078,10,1,128,128,128,128,C_n C_t C_m (pressure forces; C_l and pressure C_d derived),True,True,True,5a743ec9c9ff3104c271e3edbfb39d496b31d21086c65bab241a2cd445e26a9c,b79b720c987f98283cd2ed9205f9d03975b900ada6a39767fb19a87f76c23918,943b2309ed9c2052cf379e6be851200e144de7d21673c4ab0f2aa061fe622250
11012921,292,1,held_out,11,0,1,1991-03-04,0.11606,0.010006,1442500.0,40.236,0.233,6.0,8.0,5.6199,8.0931,13.713,-2.4732,10,1,128,128,128,128,C_n C_t C_m (pressure forces; C_l and pressure C_d derived),True,True,True,be18b49a876ca68df03b08c20c9c567b848dc23786904617229d9370b9db185f,e62657ffd6bdda8dd9ad13dc687d674c8dad3285d73d4f522247e5dea671df37,b9850ac758bf8a4e4b9d2a300dff9f73a566c7d9862dfe694b5bbb01ba694857
11012931,293,1,calibration,11,0,1,1991-03-04,0.11606,0.010002,1441200.0,40.25,0.233,7.0,8.0,6.5987,8.0943,14.693,-1.4955,10,1,128,128,128,128,C_n C_t C_m (pressure forces; C_l and pressure C_d derived),True,True,True,3d9be6b6738c4052b91680274d7e57576320d15470c902f6a2cb94fb27c31ab7,1f779cfbe3caa8a5f32e124f16cebbaf38a2cc1870b8e50226f94051569de170,02004c01d416af5cbc6c1040162cdc18bbcce95da3d026b6c66560997f3d6ff0
11012941,294,1,held_out,11,0,1,1991-03-04,0.11606,0.0099974,1439400.0,40.27,0.233,8.0,8.0,7.6129,8.0721,15.685,-0.4591,10,1,128,128,128,128,C_n C_t C_m (pressure forces; C_l and pressure C_d derived),True,True,True,f42bc5571e1fc8995a900524b1fc491de3c4b04739769119870fb38131b8a002,0e95b544c26e879317db2b9e651d72c658e9dfa46e45f154aaf0a84b7d394f38,5cfb2efde3bd4d80ca1ad2be281889e7fe99d481f335ed49808cadcf77737995
11012951,295,1,held_out,11,0,1,1991-03-04,0.11606,0.0099941,1438200.0,40.283,0.233,9.0,8.0,8.6019,8.0511,16.653,0.5507,10,1,128,128,128,128,C_n C_t C_m (pressure forces; C_l and pressure C_d derived),True,True,True,026c24891f483ab21bdbf24d6e7e40d26e07e77768436b1a0325198d1181423c,9fae6906613f35f3ef56f1e83c5e0da8cebf638fa397ae2c77da75fe735bbafa,0849b8da7d7d84b9f6a68b779982c80a7d78512fd9ec8c1d6e67a501d7b171a5
11012961,296,1,calibration,11,0,1,1991-03-04,0.11606,0.0099891,1436300.0,40.303,0.233,11.0,8.0,10.5897,8.0653,18.655,2.5244,10,1,128,128,128,128,C_n C_t C_m (pressure forces; C_l and pressure C_d derived),True,True,True,408c6c7a859f1632557467fa26990b65122f71293159f322377b1d4bc624e303,3684b05f850b3feadf359f80da3d8234a7111a6b9145698524d0485dba04ef2e,c5e873b54c2a01ded22383921ece89c0f65c46d90bf284d8f2077153d1c7ba9f
11012981,298,1,held_out,11,0,1,1991-03-04,0.11639,0.010016,1448500.0,40.197,0.233,12.0,8.0,11.5092,8.0408,19.55,3.4684,10,1,128,128,128,128,C_n C_t C_m (pressure forces; C_l and pressure C_d derived),True,True,True,f62267e5cec6fc9805786cd4c3b58b9f1b3109a314ed6c0d55bc8398cb7fe231,f6b904fd95c49e16f6d0b64947d7cae11863dac5090ca7ee4e6a17d42c47dbfd,141caead0a2f8f044810cb26829cd543753976021a684d1ac640fd6586473800
11012991,299,1,calibration,11,0,1,1991-03-04,0.11639,0.010002,1443500.0,40.251,0.233,13.0,8.0,12.5093,8.0277,20.537,4.4816,10,1,128,128,128,128,C_n C_t C_m (pressure forces; C_l and pressure C_d derived),True,True,True,125ee25822098c2af306b507c2cd160c981d8f6abe7b2c029f3b8577dd2b96a2,b2ecf1e854fff96ab7d7284385912350ef37b25e4d1a3a233e6ceacc55865a8d,a9c7c4156845b7891f0e365673ce4d4d763ae914bd4990ddcba5d4502cbbbb67
11013001,300,1,held_out,11,0,1,1991-03-04,0.11639,0.0099936,1440400.0,40.285,0.233,14.0,8.0,13.5476,8.0354,21.583,5.5122,10,1,128,128,128,128,C_n C_t C_m (pressure forces; C_l and pressure C_d derived),True,True,True,2ff60f5559506d8736bd209cbe28689f46b49bb1714f6b8a48ae2d7dbd141a02,4bfe4ab945849d3e9a420414d24a56df54c32d690d3f2f1a6407c4ff1047d242,43517e46e3d55ff60798a85e1c2d99b2fe3765de3fd9398f206015bb1b0f9d0d
11013011,301,1,held_out,11,0,1,1991-03-04,0.11639,0.0099886,1438600.0,40.305,0.233,15.0,8.0,14.5304,8.0186,22.549,6.5118,10,1,128,128,128,128,C_n C_t C_m (pressure forces; C_l and pressure C_d derived),True,True,True,1425e2393409d9417d7c7a4ea4e3809ad41c606fd3cdf9ff18e6ce747c5722f1,864a991a12243a973cff6a5735d3ad36dd1b5a6f9e9b9bc971c82e12c2a17073,7a338c2499496a11c9d125b6b15959071db04f03a0c06ba9ea92fce7e7f2d1b9
11013021,302,1,calibration,11,0,1,1991-03-04,0.11639,0.0099819,1436100.0,40.332,0.233,16.0,8.0,15.5835,8.0366,23.62,7.5469,10,1,128,128,128,128,C_n C_t C_m (pressure forces; C_l and pressure C_d derived),True,True,True,c69824ca1b956bf0dd32a11104bea47a4a92e98be67db86c77ba1536b685e9a5,f7b8d30a772dc63aa7ec9be435551d532357bab3d91058e08b3a93eb9e950e1c,f0000e2b336825f8dc404b3326b4dae8b9796dec505ec8ab8ea76dc823fb51db
11013031,303,1,held_out,11,0,1,1991-03-04,0.11639,0.0099769,1434300.0,40.353,0.233,17.0,8.0,16.5909,8.0491,24.64,8.5418,10,1,128,128,128,128,C_n C_t C_m (pressure forces; C_l and pressure C_d derived),True,True,True,c1d3ed12b12df1640a6104cf6173f4d3873cedca4bce5382a0d2678b8dd99058,dbcf403b7e92b5ca13228f3011e8e4404444514634e2dc7d6cf36c116cffc6cb,6703d93b11fb498a5691e53e78efa73c18365b22d556da13c48b45ec8d992022
11013041,304,1,held_out,11,0,1,1991-03-04,0.11639,0.0099719,1432400.0,40.373,0.233,20.0,8.0,19.5245,8.0015,27.526,11.523,10,1,128,128,128,128,C_n C_t C_m (pressure forces; C_l and pressure C_d derived),True,True,True,fffe0d8e7f0549b35b91da55ab49b2a5bf1c1897dee6132bd887840977a6fa53,f9960640d66081b0b802ab9a607e517f2071829cf39bea11fde5d273e8e86f29,09b2a083d7e26448602cbb736093c3c87043b9c58082e84d9bfc8167942e1894
11013051,305,1,calibration,11,0,1,1991-03-04,0.1153,0.02519,1423800.0,39.921,0.582,3.0,8.0,2.4703,8.0188,10.489,-5.5485,10,1,128,128,128,128,C_n C_t C_m (pressure forces; C_l and pressure C_d derived),True,True,True,cfefe16c95bd5aa3104fdac990fb32861db709091cd1f602f41067dd52f6c4c4,a4a8ae300e9f688413f53a7844e08560258145717b0417451c45d4f380be2879,9a85a06d71d3dc0042a8fc5aaccaaefb6f64aedeba877e0593dcf09d6a0ca5f2
11013061,306,1,held_out,11,0,1,1991-03-04,0.1153,0.025173,1421400.0,39.948,0.582,4.0,8.0,3.5016,7.9974,11.499,-4.4958,10,1,128,128,128,128,C_n C_t C_m (pressure forces; C_l and pressure C_d derived),True,True,True,a802f207adfdc7ea6c3a77605f170e9e0540a175bf7844fbe643877dbbd4c3d0,8e1b6916fb79412979173b028489bdae6332e2d38ca08a9819dc99c7bcc388f8,b6182cc0a7a11da35d5bd371e3f22024159d0635b1e9f4c0eb913f4a9a1b53d9
11013071,307,1,held_out,11,0,1,1991-03-04,0.1153,0.025157,1419000.0,39.975,0.582,5.0,8.0,4.4853,7.9977,12.483,-3.5124,10,1,128,128,128,128,C_n C_t C_m (pressure forces; C_l and pressure C_d derived),True,True,True,4fde5ade1ccd93e47cfcee05acbf23c6e3a54f3e8edc37433b52539c407869d8,a2c3bebc8d900a6760eb7b6ec54a01b4aab6c4f797dc1d0aa43080369f7f9700,c14395d9aa0b39ccd3d802827c91f2e0b0a5089095f3428bd0807c30b8a26fd5
11013081,308,1,calibration,11,0,1,1991-03-04,0.1153,0.025152,1418300.0,39.981,0.582,6.0,8.0,5.5118,8.0032,13.515,-2.4915,10,1,128,128,128,128,C_n C_t C_m (pressure forces; C_l and pressure C_d derived),True,True,True,ecc3e41a25a5d2bf8c5933da354448a4a46c3a75476f6a39d5908e23b8e4f1d9,41ab628335279a4fcdeeb04bc80cb3a187d655711d64a4bc7e1db89e54822ba4,d8b10076f6ff06f0f4206c336ffd1481cbb2ca1f9500a7014181b1d196fa1ada
11013091,309,1,held_out,11,0,1,1991-03-04,0.1153,0.025144,1417100.0,39.995,0.582,7.0,8.0,6.5235,7.9855,14.509,-1.462,10,1,128,128,128,128,C_n C_t C_m (pressure forces; C_l and pressure C_d derived),True,True,True,28cdfc531c47632831d5a5315e2283abe10f50c454b93e74270192f70dd71fff,0710771711fe026cac62eaa74855f0e08fea13fb1594627c68dcd19d3e4d23c5,0239bf16867ee54d22b4c426bd77e04f04ddaba903a6bf4ccee3d334bdb5c678
11013101,310,1,held_out,11,0,1,1991-03-04,0.1153,0.02514,1416500.0,40.001,0.582,8.0,8.0,7.5469,7.9711,15.518,-0.4241,10,1,128,128,128,128,C_n C_t C_m (pressure forces; C_l and pressure C_d derived),True,True,True,d1df4e4a195893cd96283a779d1646de4009e5c355ab0fd7acd8a01d7f76595d,2beae1da76c85727d8438445a9a6ec345232216f120220031be41363c46a1536,3c5f90f74414136d850e04d6083291612bfa30d3cc62924d50ac69cd2fdbe0f8
11013111,311,1,calibration,11,0,1,1991-03-04,0.1153,0.025136,1415900.0,40.008,0.582,9.0,8.0,8.5091,7.9279,16.437,0.5811,10,1,128,128,128,128,C_n C_t C_m (pressure forces; C_l and pressure C_d derived),True,True,True,fb0a3421bd622ac8181d939eba9e04d221495caf016099f6280713bd2aac7d0b,76508f8acfe43ccd7fdece911a40d1f95511325456392e21f43c14c6b4f9197c,e5f5be33f6ed6bf716e076b9a4176058fa29d5fb9c72290a211086c696734179
11013121,312,1,held_out,11,0,1,1991-03-04,0.1153,0.025127,1414700.0,40.021,0.582,11.0,8.0,10.5286,7.9405,18.469,2.5881,10,1,128,128,128,128,C_n C_t C_m (pressure forces; C_l and pressure C_d derived),True,True,True,3054812d4f17bdb11c36890476807b03bb7457c72b34b92460c7c0b7d8e3e846,37a32f83c5c24d190e935259ec2320ed7c4d994aab7ef607dac8d27e9d845e9c,1b3eaff6a4fb32eadc9671f07a83f17ebe1aa23fd0c0de208e73170eba184944
11013131,313,1,held_out,11,0,1,1991-03-04,0.11609,0.024986,1428600.0,40.247,0.582,12.0,8.0,11.5583,7.9397,19.498,3.6186,10,1,128,128,128,128,C_n C_t C_m (pressure forces; C_l and pressure C_d derived),True,True,True,5f6d074914416b4ba20e46e08bd6a4ee26f40b672373adf8ae0f4298d0407b09,ea3d595b1ea2ae35a96b673722b06632050aeb3a173f66dc3abdf3ab6d2f620c,248cc554a2ba0f20b76d14c6a88157eb13cd819eb71eb5325afb5403e15a9f9a
11013141,314,1,calibration,11,0,1,1991-03-04,0.11609,0.02497,1426200.0,40.274,0.582,13.0,8.0,12.5226,7.9514,20.474,4.5711,10,1,128,128,128,128,C_n C_t C_m (pressure forces; C_l and pressure C_d derived),True,True,True,5b955fdfc876ddc981b427d346c886659be3d264beeba61bd524804b04bafff3,f7a9e5c99df5b6b5e20f84d7517f5e9ce1f88918965586d7cd5d2708a9ac1330,1f90b9cc4f4a0e3e77658b84675a1ae2d9865c7c28d0393ecb00bb89771467b3
11013151,315,1,held_out,11,0,1,1991-03-04,0.11609,0.024957,1424300.0,40.294,0.582,14.0,8.0,13.5702,7.9368,21.507,5.6334,10,1,128,128,128,128,C_n C_t C_m (pressure forces; C_l and pressure C_d derived),True,True,True,66b8df6be8f69e7521e3e1f8d88b0905ebc5146332799c51b01d6de5fff10ba8,29ea106d403c79647712d21460b977b4caa32f7bf1e6c1ad4c33ffa6113ac0a9,8ec051a1c52402541e652e725b36b1f372b4a080c7dacb328a0235f6db316e90
11013161,316,1,held_out,11,0,1,1991-03-04,0.11609,0.024945,1422500.0,40.314,0.582,15.0,8.0,14.5346,7.9214,22.456,6.6132,10,1,128,128,128,128,C_n C_t C_m (pressure forces; C_l and pressure C_d derived),True,True,True,bdb80f54c257d3380320e93f8f124c2b62bfe9cd8721862bf8e8077291ab9bae,8a63f5c4e8c0a09d3dbf6d0484b4fc45aec144ae32cb264268fa32a61cc51159,d6302ec56143e664d955caaf703ffe40b7fb82681eca4d6384945c7db26515b8
11013171,317,1,calibration,11,0,1,1991-03-04,0.11609,0.024941,1421900.0,40.321,0.582,16.0,8.0,15.5578,7.9262,23.484,7.6316,10,1,128,128,128,128,C_n C_t C_m (pressure forces; C_l and pressure C_d derived),True,True,True,cad3dc284a5d3d3ab62c8a2fb6c5f89939968ee0022291eabe4073708f12be00,5d13eb9107bbbabfddd5d08f194dca8dfb824bcb7ee93b03bb745bd98c741e4e,94d8830df8f71662a3a7848b53075253ff45a9ddba3d4578c2239fcd80d85b71
11013181,318,1,held_out,11,0,1,1991-03-04,0.11609,0.024937,1421300.0,40.327,0.582,17.0,8.0,16.5414,7.9165,24.458,8.6249,10,1,128,128,128,128,C_n C_t C_m (pressure forces; C_l and pressure C_d derived),True,True,True,193118ceeb08dadac3eb47f1afc9ea200894013d2f9afe37f6b120fb42278f39,cb647d4ff93e5a80e99817b20c60542437d6db7ffdd73ddcd139c06826c0e532,685e5712b78b5108700bedb9023f36a84b50bedcfb636f4f1922ecbdd3911753
11013191,319,1,held_out,11,0,1,1991-03-04,0.11609,0.024928,1420100.0,40.341,0.582,20.0,8.0,19.506,7.879,27.385,11.627,10,1,128,128,128,128,C_n C_t C_m (pressure forces; C_l and pressure C_d derived),True,True,True,528bb8bf9d4ce5268628c0ec2e34d886b1ade970f6b0ffdfaa608f7252bdfb79,16bcad0e449494c2f5a33474da06920f337eab99d72498b1abb7395f25358cb5,e5e85fe2d53b369f83312d1764045230664cbcc4d685fd1cde525927b038cccc
11013211,321,1,held_out,11,0,1,1991-03-05,0.11774,0.049494,1450200.0,40.671,1.165,3.0,8.0,2.6062,8.0998,10.706,-5.4936,10,1,128,128,128,128,C_n C_t C_m (pressure forces; C_l and pressure C_d derived),True,True,True,1ab34037557d3b1e9f627a5dd52dcc8cae09c48f2072661c8858fa8e4f534dfa,3f4f1f419cf7936066b1ffdca031d1065de687b9d124ddefd25ced7c74d4b538,da825eb4e7baaa2172a1974770f90e483b5660c33c169f2baaeaddd8b36b9a73
11013221,322,1,held_out,11,0,1,1991-03-05,0.11774,0.049427,1445200.0,40.726,1.165,4.0,8.0,3.6656,8.1004,11.766,-4.4348,10,1,128,128,128,128,C_n C_t C_m (pressure forces; C_l and pressure C_d derived),True,True,True,661577438b8ca69842dac9a7a46a5540f458f702faf016c58ef413265c4a1b54,3b392104ee6f586421fdca5d62d2a9642f44b951f3d69def7b1a45c9cd324cc4,eccf22e2f3492da2537634f035df458589613a4bf69874407e9fd81fa038463c
11013231,323,1,calibration,11,0,1,1991-03-05,0.11774,0.049394,1442700.0,40.753,1.165,5.0,8.0,4.6647,8.0963,12.761,-3.4316,10,1,128,128,128,128,C_n C_t C_m (pressure forces; C_l and pressure C_d derived),True,True,True,2034190bbb5338768a8e9e78b2718d827b568e2a79c0af393354d984c8a8f74d,685f78b2fa066cea829ff3d42a2f55bd71e4722b73a7b118c6eb4cf7f534e512,e3f3bb9517600937cea7ecbe8bb5da4bcbcfb7c8836bd4969e6f4c3163d18d3a
11013241,324,1,held_out,11,0,1,1991-03-05,0.11774,0.049386,1442100.0,40.76,1.165,6.0,8.0,5.6952,8.0938,13.789,-2.3985,10,1,128,128,128,128,C_n C_t C_m (pressure forces; C_l and pressure C_d derived),True,True,True,d66dbb62abef980f828e9256e050069e748a6f2b7228664bae5bf0c4bed74225,568e8f2c79d38079083c311fdeb926e04f86d14d4b36a4e1fadb65c58bbda367,8a10948685bd2acdf5bd44d7fcecb83d127672dbc180bc0dc2520883efe658c4
11013251,325,1,held_out,11,0,1,1991-03-05,0.11774,0.049369,1440800.0,40.774,1.165,7.0,8.0,6.7008,8.0762,14.777,-1.3753,10,1,128,128,128,128,C_n C_t C_m (pressure forces; C_l and pressure C_d derived),True,True,True,a775e1643144af94eae3f33528d09e60107015771ae72c573ca9142aaba44640,db12d7aff4a72418c70d39451aae8d87bb1bd195fdb809339bc011e259e70261,5147d732976d50c6b9f104dad252aef7c63249bf593c1ccc28dd6749e2fb8a6c
11013261,326,1,calibration,11,0,1,1991-03-05,0.11774,0.049361,1440200.0,40.781,1.165,8.0,8.0,7.7354,8.0606,15.796,-0.3252,10,1,128,128,128,128,C_n C_t C_m (pressure forces; C_l and pressure C_d derived),True,True,True,6988e84026b547ad814084d0b12d2059b21c921215bcbf2b579e0a11dea65df0,29e882005dd19eae9fcc48e57c19391dc75af0d7edaa551a240b2ce1245b6ee6,b6009dc6566095d3492ef7e21617908a61d1d3a5c01616b4d40e43d6bfad667c
11013271,327,1,held_out,11,0,1,1991-03-05,0.11774,0.049344,1439000.0,40.794,1.165,9.0,8.0,8.7108,8.0642,16.775,0.6465,10,1,128,128,128,128,C_n C_t C_m (pressure forces; C_l and pressure C_d derived),True,True,True,fd9f245599ca16137a33ec1f7eef47a2d6b343e3c73ffbfe73fb1fbeba99b0f3,14f36c65714b1e2b3f0db1f99bfb462bc2245ca5a53dd4640ec0401ffaf94733,7d52af28262f8e4897db59f53c82d1cbf9814e56522f19dadc2630af6c9ea848
11013281,328,1,held_out,11,0,1,1991-03-05,0.11774,0.049336,1438400.0,40.801,1.165,11.0,8.0,10.6827,8.0413,18.724,2.6413,10,1,128,128,128,128,C_n C_t C_m (pressure forces; C_l and pressure C_d derived),True,True,True,9c5ec1cd006177fad63a61da22e40f02eceeac2c27e8dbae93817e4bd56986f6,400326597dc6f511a62a73e83d1cb008e0d7596bb4bfeb96a5138931f0009c3a,23e82517b07e3d9dbf6c51e6b2ec9b415e565ddb81551600c6eadd3f06a3dffa
11013291,329,1,calibration,11,0,1,1991-03-05,0.11487,0.050605,1405600.0,39.778,1.165,12.0,8.0,11.7245,8.0315,19.756,3.693,10,1,128,128,128,128,C_n C_t C_m (pressure forces; C_l and pressure C_d derived),True,True,True,eae2e88b353a27950f08ee12de1a2fa61a2ec684e79718150cfc0c0665e75c55,52efd714e5692a858c0203d5a5c518d851fcd4ce1a4aa1b59c250532f5400e74,c524b95014807edceb9b10209881c9ee499cb96abc0fc7b9d876745ca5f45f25
11013301,330,1,held_out,11,0,1,1991-03-05,0.11487,0.050563,1402600.0,39.811,1.165,13.0,8.0,12.6945,8.0355,20.73,4.659,10,1,128,128,128,128,C_n C_t C_m (pressure forces; C_l and pressure C_d derived),True,True,True,1e0dee4830395b7d2cf1aa164a74d77337610c5e30bf6dbff3409925dac2dac7,7ea0ea93b91b4e3980ee5f4ee1ec3fdd891a8e7d7707e8baa05d3a378b38f7f4,f97a1522e74e030ec6e8883c54a4599e5cbf4144afbdf58bf466ad957e372782
11013311,331,1,held_out,11,0,1,1991-03-05,0.11487,0.050546,1401400.0,39.825,1.165,14.0,8.0,13.7688,8.0642,21.833,5.7046,10,1,128,128,128,128,C_n C_t C_m (pressure forces; C_l and pressure C_d derived),True,True,True,4aeaadfdb1ff65d03c694f2c335e90c574fa09e1a16b5101eb9f0f20b0c8e077,8ce9f830a0ebf6796324a77705c7de792d2da97c450e85205f6c6032be4ec572,9281d66cd6038fa0c0789af4eccd671c95a7f910b3480f526601f302e244a641
11013321,332,1,calibration,11,0,1,1991-03-05,0.11487,0.050529,1400200.0,39.838,1.165,15.0,8.0,14.7309,8.0632,22.794,6.6677,10,1,128,128,128,128,C_n C_t C_m (pressure forces; C_l and pressure C_d derived),True,True,True,cc891d8ea19eb938f8a93e8583039389aa67adf1892e69ec6e2cb3b79265aef0,097c317621b8ed413b79be205dd5fa9fecdb00b9c022efb6afe111788165261c,09cc7c1132e15b8efbc9e3e9af1272b7827340a6e4dc5d1fdf3240844c72138a
11013331,333,1,held_out,11,0,1,1991-03-05,0.11487,0.050512,1399000.0,39.851,1.165,16.0,8.0,15.731,8.042,23.773,7.689,10,1,128,128,128,128,C_n C_t C_m (pressure forces; C_l and pressure C_d derived),True,True,True,7043a3daf1e873897dacf54d033f99237967d15bd7b7dcbe0edb49a08902c3ad,d35854b274a9e951481a914b758bc2c74dbac022d125d9a19958d2858c7d97da,8930495fb195156e8f3c23afca3308f8cd0ecd934fe47e66ce76173a1c46dd7a
11013341,334,1,held_out,11,0,1,1991-03-05,0.11487,0.050495,1397800.0,39.865,1.165,17.0,8.0,16.7174,8.0276,24.745,8.6899,10,1,128,128,128,128,C_n C_t C_m (pressure forces; C_l and pressure C_d derived),True,True,True,92b5b7f4f98120e4fd63960adf68beeee266630365067a9cde1b54e1aefd9525,8a8391b06e8457f862a483eeb5e6c732d095b1248a06617b31431727230a89e7,c283fe24a87a91df0025ccc85cc94810e2105e5cf8eb6f9e1973fd689c47eaa5
11013351,335,1,calibration,11,0,1,1991-03-05,0.11487,0.050487,1397200.0,39.871,1.165,20.0,8.0,19.662,8.008,27.67,11.654,10,1,128,128,128,128,C_n C_t C_m (pressure forces; C_l and pressure C_d derived),True,True,True,fb52ac3b5410f9838d1e4b8190d4ddee3cbccfec953ec549434f0a4c6eefa4cb,9fbb93164e87b48bbc3636b77201872d1791c83b9513b71bcdbe520323304348,bef8feb4221f58c621c1a540af0f96170f9400c59229e852e41e1f85c33fce00
11013371,337,1,held_out,11,0,1,1991-03-05,0.11789,0.074176,1456500.0,40.695,1.747,3.0,8.0,2.6347,8.3083,10.943,-5.6736,10,1,128,128,128,128,C_n C_t C_m (pressure forces; C_l and pressure C_d derived),True,True,True,df1b321b5eb75edad929867da6a6a65607c9f00e3aa53b62f1572aefbf44aa09,75cea7c923cc694b704b819971a3afe6bf0daf7c118ba2c0b98bd7a7758a71f4,36800d8e62a0baf821cbb7cdc344b301449edff5664da89077ff8f6b9776ec2a
11013381,338,1,calibration,11,0,1,1991-03-05,0.11789,0.074126,1453900.0,40.723,1.747,4.0,8.0,3.6862,8.3239,12.01,-4.6377,10,1,128,128,128,128,C_n C_t C_m (pressure forces; C_l and pressure C_d derived),True,True,True,fedbbe10598bbad75fd8905f428a153681fdc83be83acdbcb75738c123d89777,82f67dc0023cb916e40314d7969406ab328253022e729cf6ccc9a7aafed53a01,317998fb0efcfd8e317ec485090faa9dcc91553ceb06bedf278c75573b6826d2
11013391,339,1,held_out,11,0,1,1991-03-05,0.11789,0.074088,1452100.0,40.743,1.747,5.0,8.0,4.6708,8.3112,12.982,-3.6404,10,1,128,128,128,128,C_n C_t C_m (pressure forces; C_l and pressure C_d derived),True,True,True,4580683ab07c4eeff8a28ed6a94b4a7b7a7f7608637f21fd2e1f2dea1ae3aafd,172f2865f5a37d8ed04ce42e3a0dd19f674e95081b0b8827917479a75dd3a6c2,03628de920367b5cea176f2a57914d3c611e0595eb7631b5ddcc1fa33250d56d
11013401,340,1,held_out,11,0,1,1991-03-05,0.11789,0.074063,1450800.0,40.757,1.747,6.0,8.0,5.7066,8.3094,14.016,-2.6027,10,1,128,128,128,128,C_n C_t C_m (pressure forces; C_l and pressure C_d derived),True,True,True,09ebc017a9708614031e74ee66d5789f53cdede4da1198c01801e97ccf55d2c3,70162fdf028f87360018ec970f129eac69eeb6c95d4794106165e1f16b5aac04,69d522b9599810b3528c1d316dd460bbb3dab9126cc098ce59e2b7fd3db110dd
11013411,341,1,calibration,11,0,1,1991-03-05,0.11789,0.074038,1449600.0,40.771,1.747,7.0,8.0,6.7054,8.2816,14.987,-1.5762,10,1,128,128,128,128,C_n C_t C_m (pressure forces; C_l and pressure C_d derived),True,True,True,8542839536111bd3d02db84c14894d1448b6c3cd5f614d55f500165c5c760073,bcfd6d7a640e604f7f9e25e72f95d0e6b2821e6950fc0cb6633008c55b839980,7e90160e453e997e8a605c4244f925e78939f97b39227596961767d225073ac4
11013421,342,1,held_out,11,0,1,1991-03-05,0.11789,0.074026,1448900.0,40.778,1.747,8.0,8.0,7.715,8.276,15.991,-0.5611,10,1,128,128,128,128,C_n C_t C_m (pressure forces; C_l and pressure C_d derived),True,True,True,01745803a8150cbdf633aaa3c8cf11aeb61c8564d560f132e6a3659d51ba6721,42fe676a253fb106250ed36e940e228ee089e1f2d9ecd83847e384579f931428,51a533179b89d94cd72277753941ed399d37ab293b56fa337319ef1adc462911
11013431,343,1,held_out,11,0,1,1991-03-05,0.11789,0.074001,1447700.0,40.791,1.747,9.0,8.0,8.7126,8.3094,17.022,0.4032,10,1,128,128,128,128,C_n C_t C_m (pressure forces; C_l and pressure C_d derived),True,True,True,239fd8d532e3e9e5a5e2862d934b1e9b2d294fd1ae08c6d7441983a7c42a14c2,51f8ca0a311741ec6df520b1ec56aeef38ffce9875cc42f07bebc67bb6ea85b4,107f49d2ab818de0965776c61bf1547fbc2b45cc77fe9f1eeffd51b0e90292d9
11013441,344,1,calibration,11,0,1,1991-03-05,0.11789,0.073976,1446400.0,40.805,1.747,11.0,8.0,10.668,8.259,18.927,2.409,10,1,128,128,128,128,C_n C_t C_m (pressure forces; C_l and pressure C_d derived),True,True,True,96cbfbfd5bfa7038ccd5b878f49a29393655cb5de8921eccda641104418729a8,e7cb16677adddafb02dcdfc5cf8a4fdc6f9b612d56c96171a7336886a6a07d8d,08c8723ea2da416d9203fb48a1fb712d75bb9d1448e4934df3a1320b8befc33d
11013451,345,1,held_out,11,0,1,1991-03-05,0.11455,0.076173,1407200.0,39.628,1.747,12.0,8.0,11.7129,8.202,19.915,3.5109,10,1,128,128,128,128,C_n C_t C_m (pressure forces; C_l and pressure C_d derived),True,True,True,9196c52a7a12f78ffbabc8de89a7a20dec08ba08af0de4a122f32bb1484dbae4,26e0eaa47617d02bf42751e4aaf17575df526b9760146132d7e58995d78552fe,2661e2c94251344ece231e6147c5829414638144dd9a89b52911d7c84fa454a9
11013461,346,1,held_out,11,0,1,1991-03-05,0.11455,0.076122,1404800.0,39.655,1.747,13.0,8.0,12.6691,8.2299,20.899,4.4392,10,1,128,128,128,128,C_n C_t C_m (pressure forces; C_l and pressure C_d derived),True,True,True,b818b098e2e6f75fcabd911e3745a40d91d733ad5d365725300fc55bf29592bf,efd8557d937c93bd8974be1ae518ec91185ffa4a8dbe45762daff50cc7969c42,ba7aafe7e559ca90314d91d26854a15a738509a8ad98749e24de775a222da395
11013471,347,1,calibration,11,0,1,1991-03-05,0.11455,0.076059,1401800.0,39.688,1.747,15.0,8.0,14.7363,8.3078,23.044,6.4285,10,1,128,128,128,128,C_n C_t C_m (pressure forces; C_l and pressure C_d derived),True,True,True,de2de11992cc3c39853a79d7ce9c97fae45770ff3e8f4880738cddc633106f4f,4cd8262c9af83709da330d65e21b43a228d5aba297e75572787fd39a7a732e20,b9c2b95948ade4a9faeed4fe1d97f5b665291bebbe49cc9939cd086b15564956
11013491,349,1,held_out,11,0,1,1991-03-05,0.11455,0.076033,1400600.0,39.701,1.747,16.0,8.0,15.7653,8.2957,24.061,7.4697,10,1,128,128,128,128,C_n C_t C_m (pressure forces; C_l and pressure C_d derived),True,True,True,a8417b16a160fd37c1d783a880399fd59dd839c932869b1bf2b18da45c04983d,4cc4088f1da678b04ec4e64a761df71c9970168ea0755455d41e821e5a497f20,f5aea61c8f84344412ebc865b0a70a4f110da79e36803ef36207d7b1ecae4f1c
11013501,350,1,calibration,11,0,1,1991-03-05,0.11455,0.076008,1399400.0,39.714,1.747,17.0,8.0,16.7225,8.2895,25.012,8.433,10,1,128,128,128,128,C_n C_t C_m (pressure forces; C_l and pressure C_d derived),True,True,True,6688f5326361b64d61db1be6780a46cbf47e124827afa054ceafbee3dd72e53c,9821d53678788df43d2c3d15f9459d8184c7699ed93a7f7cd8e004a7173112db,c0fb1fb7a97a8fcacdbd42d1d4a9fe82b2e7feea5fc986c1dcce211aac2e9bfd
11013511,351,1,held_out,11,0,1,1991-03-05,0.11455,0.075995,1398800.0,39.721,1.747,20.0,8.0,19.715,8.284,27.999,11.431,10,1,128,128,128,128,C_n C_t C_m (pressure forces; C_l and pressure C_d derived),True,True,True,dac8b10059d40961b53231c95e7961c9558e44b2f986fb2a4c760275fb3baca8,a5ff7a76ed9cd5bf3af2813f96cff0bfb1da285a7def9e9cb3ad945f4d5c5880,99d40efcfe9d6ed2a7a07d48b40d79e713405e3d7917ac5f0cbb58bbff15b63b
11013521,352,1,held_out,11,0,1,1991-03-05,0.11559,0.10068,1420100.0,39.989,2.33,3.0,8.0,2.6695,8.3935,11.063,-5.724,10,1,128,128,128,128,C_n C_t C_m (pressure forces; C_l and pressure C_d derived),True,True,True,d55db75fef358c3ffb5760521f62d27b42c63296390ea8ae244e1d1b2ad94357,14ac90817593ffcba8ef95658bf447616ee9d864610d3064cebe1255a9e80603,3b5091176619f71287222a93938aef3eec31d27b550935963b911c15f73dffb0
11013531,353,1,calibration,11,0,1,1991-03-05,0.11559,0.10059,1417000.0,40.022,2.33,4.0,8.0,3.7178,8.3982,12.116,-4.6804,10,1,128,128,128,128,C_n C_t C_m (pressure forces; C_l and pressure C_d derived),True,True,True,9de31c2bfa2fff885d70365de6275b8a6eb2cce180672505a92ffff06346b10d,5407205307b373b64de2328e7b8bfdf5d73f4393522bbc1948d8c0c99ba82b64,62f1323347caa786e8462a6be9ce2b45ec1507fff3ecc1aa104136917979b144
11013541,354,1,held_out,11,0,1,1991-03-05,0.11559,0.10056,1415800.0,40.036,2.33,5.0,8.0,4.7087,8.3933,13.102,-3.6846,10,1,128,128,128,128,C_n C_t C_m (pressure forces; C_l and pressure C_d derived),True,True,True,5827338d79c13ff3078b1a84ff905c350feb1b178ddaa6c0652fcf727f736db5,aadde1ea853ad85b92471a8be9c14dc2aa584a38b941a0857309a9c9dc5ee695,6d035554dd821ed15f1748f08b5c625e31956b45795b3731944586c6b4f942bc
11013551,355,1,held_out,11,0,1,1991-03-05,0.11559,0.10053,1414600.0,40.049,2.33,6.0,8.0,5.7567,8.3973,14.154,-2.6407,10,1,128,128,128,128,C_n C_t C_m (pressure forces; C_l and pressure C_d derived),True,True,True,a208a20f3aae489ece005d5787411f66a98fa2afbb82e089b1be74dc4572e8d0,e28451859f6f6a5853dd50206325e0261a5b449e24a06ff21c7b1ebdbeed6153,31ff606269d2b3a1ea540ec9362e31f62501a4ec60639f74c243b09d21056c4f
11013561,356,1,calibration,11,0,1,1991-03-05,0.11559,0.10051,1414000.0,40.056,2.33,7.0,8.0,6.7373,8.3957,15.133,-1.6584,10,1,128,128,128,128,C_n C_t C_m (pressure forces; C_l and pressure C_d derived),True,True,True,8533c0953e19328a58c13bbd287eb1f23bab270bd4a7d955fd239eaf65bae021,e4e6faae39a55008ebc4020744b2534520b2dbd0ec0c34e8c8f977ddd0862f1e,bd106ce8bf856d1a7e3473195dfe27a3bd222f467880b48c6d64c9d685866aed
11013571,357,1,held_out,11,0,1,1991-03-05,0.11559,0.10047,1412800.0,40.069,2.33,8.0,8.0,7.7581,8.3709,16.129,-0.6128,10,1,128,128,128,128,C_n C_t C_m (pressure forces; C_l and pressure C_d derived),True,True,True,88ebd2714c65dad6e4b3e31eced11dbe9a8c6644cca440253415db3c4d1e00a9,d3099697bea668512d9fe8b690130ac964187c7b08c0555fd67d94c3fd8b4b6d,3cbd631ef834625633cab9e433257bc88095461ae8bd53e052849571900839e0
11013581,358,1,held_out,11,0,1,1991-03-05,0.11559,0.10046,1412200.0,40.076,2.33,9.0,8.0,8.7359,8.3721,17.108,0.3637,10,1,128,128,128,128,C_n C_t C_m (pressure forces; C_l and pressure C_d derived),True,True,True,dbd0686a6afdfa34d4798495300beb7cf7b5e2914a1652859f2f79f6cb5b759f,f9624bd88be54bbc6887164fc7e588331edbc0bcdc0ec79f0de2e2194ebc3d71,5c449e0fe2f9b207d884b02252a08b30f387f380bf33b3771f2bd240cd86ac24
11013591,359,1,calibration,11,0,1,1991-03-05,0.11559,0.10042,1410900.0,40.089,2.33,11.0,8.0,10.7435,8.3635,19.107,2.3801,10,1,128,128,128,128,C_n C_t C_m (pressure forces; C_l and pressure C_d derived),True,True,True,9cddbd30b4469a7a4f3f1860cda23a7e141d49815b7889484d046025873bc1bd,13bb93b1a8b2cf535623f40ea3df24957f12bc9702052fc1ac85cdbfd2c6124b,4acfb889e73413428859fe0edd1d53b65f38692b8cf9a84183541ed3e4797f65
11013601,360,1,held_out,11,0,1,1991-03-05,0.11584,0.10025,1415100.0,40.16,2.33,12.0,8.0,11.7862,8.3558,20.142,3.4305,10,1,128,128,128,128,C_n C_t C_m (pressure forces; C_l and pressure C_d derived),True,True,True,c31f59bf69ab0eb802fe4d2cc5ceed21ed24bd62781575cdf8a582ea97c05c0b,7d8a1f498bcd8d2403817ec93d23295b9ca60f77afb3db60282cc5761e142504,6c3f6ae4b139c070b0b894825dcfce9f40627fbaa6dfc6b70dd3d7807d02071c
11013611,361,1,held_out,11,0,1,1991-03-05,0.11584,0.1002,1413300.0,40.18,2.33,13.0,8.0,12.7578,8.3702,21.128,4.3876,10,1,128,128,128,128,C_n C_t C_m (pressure forces; C_l and pressure C_d derived),True,True,True,4f1b864def1a41ff1d8d22a380461097cf776a5a59f8749a19254dc434c93e3b,95ec90b1bbf4b77ecac4a7e4cd814ec32b1b2b6eba9e7d5f669146e814decfed,8f623df68adc7b4ff71d51726902b3588cbb781a62d19313cd3240b0ee7cb0a0
11013621,362,1,calibration,11,0,1,1991-03-05,0.11584,0.10016,1412100.0,40.193,2.33,14.0,8.0,13.7562,8.3258,22.082,5.4304,10,1,128,128,128,128,C_n C_t C_m (pressure forces; C_l and pressure C_d derived),True,True,True,a5e15846b64fc1097e7a32c1434f3170d26b0ccd18300d26b485bb716f870582,dbd4911a66b7a2c60cceb6ff982a4a75fd2f7c92c1d8291f0b770ea7f575cd87,970ff6aa969b268a634d1544a47e5afa3c4cac49c248aa6d3dbe2e2f3c8614d9
11013631,363,1,held_out,11,0,1,1991-03-05,0.11584,0.10015,1411500.0,40.2,2.33,15.0,8.0,14.7027,8.2803,22.983,6.4225,10,1,128,128,128,128,C_n C_t C_m (pressure forces; C_l and pressure C_d derived),True,True,True,c1f8381d7cde009f9607f56da8a3a2cdcc8dfa9ccbec89e0435bf3529a1e88cc,a3ab18df56484f8275edb9e9808963726f738a9a099e80c723b28a6d40a37739,259eccb28f3c57b76b1ba7fdc1a0d45337348d19698e213ac038d0930181543c
11013641,364,1,held_out,11,0,1,1991-03-05,0.11584,0.10011,1410300.0,40.213,2.33,16.0,8.0,15.7784,8.3556,24.134,7.4228,10,1,128,128,128,128,C_n C_t C_m (pressure forces; C_l and pressure C_d derived),True,True,True,4c185c88a8c9f99a7524da7e99fb21fe822ce0598578f4164c6cfadb5ee25fd2,c47b3d8e03e837a17f48cfa5c90fce08862bb30bdb4b260998ee33b18f7a16b7,0dfa2ce7f376371e12ef35ae928c1505edda2cf6e92390ca6e04d8e5f067e1d3
11013651,365,1,calibration,11,0,1,1991-03-05,0.11584,0.1001,1409700.0,40.22,2.33,17.0,8.0,16.8209,8.4561,25.277,8.3649,10,1,128,128,128,128,C_n C_t C_m (pressure forces; C_l and pressure C_d derived),True,True,True,58975a0b4814dec8042de016b7445254f7bea1367778b4b273f7933524eb184a,3da25cde59754b0357c3afa24b182c8a48fdc309dae2319ba837ca6483edccad,2820b66dbff3bee10f211048bb24c51a67d781f4b0a932ef64ae5e83ec5ee75b
11013661,366,1,held_out,11,0,1,1991-03-05,0.11584,0.10006,1408500.0,40.234,2.33,20.0,8.0,19.813,8.448,28.261,11.365,10,1,128,128,128,128,C_n C_t C_m (pressure forces; C_l and pressure C_d derived),True,True,True,3e8c1db123b7056f55b7aa693e5e705bfc6b45a8ed4d3e6ee8ea8de110332ddb,d16ee1cab19edb18cce57939bd19bf5c1f0f1238e8c3efce279073436cfca186,066d109689f59d2598d69d8d66f72e83b69966344025469572477e19ffc17579
11013671,367,1,held_out,11,0,1,1991-03-05,0.1149,0.10113,1406100.0,39.81,2.33,3.0,8.0,2.7125,8.0915,10.804,-5.3791,10,1,128,128,128,128,C_n C_t C_m (pressure forces; C_l and pressure C_d derived),True,True,True,3a3408739cb0bb4fdfbcfbdf69f714ba55db8cf411f81591f466812841b78c10,18163b2c99f684b90484bbb99b7df729b54fe5697d8a26bc5449916c28e673b9,2c5839d2edf8c1e5dbded32702199733ceb10aa9e7eaad2fff4227ad4bec3708
11013681,368,1,calibration,11,0,1,1991-03-05,0.1149,0.12628,1403100.0,39.843,2.912,4.0,8.0,3.7488,8.0922,11.841,-4.3433,10,1,128,128,128,128,C_n C_t C_m (pressure forces; C_l and pressure C_d derived),True,True,True,11e0c33770f322e6a8cf1f74938e5b626b60fb202163beebd1d0df1f773c01a1,2b0d9144e437d2ca5b3f07f32b6fa9aa19c66aa46d9338e76e6b7f8723ae9bc9,1e8920d7f8095e1cb2573b2f668a33bf2c55c22263e81eca6836af7261a6fab6
11013691,369,1,held_out,11,0,1,1991-03-05,0.1149,0.12626,1402500.0,39.85,2.912,5.0,8.0,4.7287,8.0993,12.828,-3.3706,10,1,128,128,128,128,C_n C_t C_m (pressure forces; C_l and pressure C_d derived),True,True,True,0055797956ef3bc406ff1c45f1662534dc661f92d0f20e7de8be973341ce5449,7a9d4b809bfa8761954881fb2f8c09138be2140bce9a85cc4b0bca93022b32e4,bc94c7e56b183a0d11ca5878434eab0fe37f70411895780216429cbd02133c02
11013701,370,1,held_out,11,0,1,1991-03-05,0.1149,0.12622,1401300.0,39.863,2.912,6.0,8.0,5.758,8.091,13.849,-2.333,10,1,128,128,128,128,C_n C_t C_m (pressure forces; C_l and pressure C_d derived),True,True,True,3bdc5100985ec3b8bdd1f1005528b4f5e70a3516f8ad72ce3629509b928aad5b,e720f86169fa0b1e46644537d7a70883650ae111019b2585a9221d93a039d0b2,0dbc794bb46e0565e7123c5dffc11e1a9e45b8cb5ed1ec06f3b6010ce2fa280a
11013711,371,1,calibration,11,0,1,1991-03-05,0.1149,0.12616,1399500.0,39.883,2.912,7.0,8.0,6.7627,8.0953,14.858,-1.3326,10,1,128,128,128,128,C_n C_t C_m (pressure forces; C_l and pressure C_d derived),True,True,True,d86c8cf4c31271adaf8bf5c8abf84e2998ead9e17d0356b06d55f50190c9afee,6f4b55a72fb6668134e8f075bc3a7bbe679f58bd64e9c73cc88257517740787e,4f8cff45e7e9ac8cb76bc7ffec733413d0f0b78ad3d4ea08fbd15637e1a7d456
11013721,372,1,held_out,11,0,1,1991-03-05,0.1149,0.1261,1397700.0,39.903,2.912,8.0,8.0,7.7864,8.0706,15.857,-0.2842,10,1,128,128,128,128,C_n C_t C_m (pressure forces; C_l and pressure C_d derived),True,True,True,58e8aff9a21399708b72043d7b23b9de1ae55632d97fea5138fef84280e938c7,d168f6c3f27952fe81ddd09cdb2d96ac7a337baefb4c7f6754463401e77f08d5,e931656ed9ec047f3c4c1a85d47d9805c7c256dc1c4a889b64bf473e4b5431e4
11013731,373,1,held_out,11,0,1,1991-03-05,0.1149,0.1261,1397700.0,39.903,2.912,9.0,8.0,8.7746,8.0794,16.854,0.6952,10,1,128,128,128,128,C_n C_t C_m (pressure forces; C_l and pressure C_d derived),True,True,True,7eed16cac8a04ecf3b975328caa8884e2bb505018b896d5625d622580a300203,f21108fb210a1dc91fc7db2f14c3dc033809b4f86c5ca1fed7e36b9cd79eed80,b5a901120a313cc63f403df897cc2879710a89c5504e96a7103e2ea4a8cc351a
11013741,374,1,calibration,11,0,1,1991-03-05,0.1149,0.12607,1397100.0,39.91,2.912,11.0,8.0,10.8088,8.0992,18.908,2.7096,10,1,128,128,128,128,C_n C_t C_m (pressure forces; C_l and pressure C_d derived),True,True,True,c64f5470adbf3745c7b463153cc629ea1f43b80c0bc73a56ba4c2b0eef373a89,a19fec10093e7ae2e121de27cc3b6f9b246598afe656e846b09d9245a0e77d88,cce3b08217c0a2de44a043d6852f1671b9ae6bbb36b63ce2a4ddf6574b6b3dc5
11013761,376,1,held_out,11,0,1,1991-03-06,0.11723,0.12461,1458400.0,40.377,2.912,12.0,8.0,12.0924,8.0096,20.102,4.0828,10,1,128,128,128,128,C_n C_t C_m (pressure forces; C_l and pressure C_d derived),True,True,True,20867d97726adf9c19e25d2a178cd53b5d4801a9c6c983b4d70d344c41ebc68a,713eced8cd415c5c89ff11f290324c2c80533370e3f6328feaaaefa6239e03cd,1e090fa42a6ac053582dd30444037660516a56c0ce9b00fa2134f179a873f094
11013771,377,1,calibration,11,0,1,1991-03-06,0.11723,0.12451,1455200.0,40.411,2.912,13.0,8.0,13.0315,8.0405,21.072,4.991,10,1,128,128,128,128,C_n C_t C_m (pressure forces; C_l and pressure C_d derived),True,True,True,0e4a10ce16240821398124ff5b632f473ed442fccb182eecba4ac86c1e7becf4,fbd0e4e42289c71dbe73a5b3f6f0d0073a248657bc712ac1439e7f7edcff829b,f5dfe3c8f7f0e5204d58f057d88f4af846af3d1de8faf6adefe01b24bbca4614
11013781,378,1,held_out,11,0,1,1991-03-06,0.11723,0.12447,1454000.0,40.425,2.912,14.0,8.0,14.0644,8.0447,22.109,6.0197,10,1,128,128,128,128,C_n C_t C_m (pressure forces; C_l and pressure C_d derived),True,True,True,0d18d2c5cf630af71fef6e1dd6ea3bfed54656163b69eb0312d740bc03efbddd,cd998ce0dd721721f028b9c4a8028c8e5101b13864f5f913be137f787dbc70cc,17612d7e3beff88ac0193595312c9b8afbd3c57ef19220ddb3fc07d23885aa39
11013791,379,1,held_out,11,0,1,1991-03-06,0.11723,0.12445,1453300.0,40.432,2.912,15.0,8.0,14.9817,8.0143,22.996,6.9674,10,1,128,128,128,128,C_n C_t C_m (pressure forces; C_l and pressure C_d derived),True,True,True,a73e6d6485dcacba742868ac3387727e9b7c33d1011cc3fba48d01b7571dbc08,86070d189ac0ed0356f37b4a0a3abfe0235fe96d9bdbde2695e2a8d818608a57,4b41c1508f03919932056e01391d64e4dd0e5bae14dce73d6819c5b77edd48a0
11013801,380,1,calibration,11,0,1,1991-03-06,0.11723,0.12438,1451400.0,40.452,2.912,16.0,8.0,15.9677,7.9943,23.962,7.9734,10,1,128,128,128,128,C_n C_t C_m (pressure forces; C_l and pressure C_d derived),True,True,True,1ea696a1c0dc67145fb1899ba502c151b06165667f2165a9604b92e4c49f85f1,9188ceeaaf9268a22833f7a72db8d9a906ea3290ab0dcd2e5059e289aba97702,07852d87e9a807fd6f4c285477550a8c0fc7fb1c5b8932e7e835b494307e7b8b
11013811,381,1,held_out,11,0,1,1991-03-06,0.11723,0.12436,1450800.0,40.459,2.912,17.0,8.0,16.9003,7.9747,24.875,8.9256,10,1,128,128,128,128,C_n C_t C_m (pressure forces; C_l and pressure C_d derived),True,True,True,09204b12d0e5d9d11f525b20168e7965f558798c8602ea8629efd33934f33192,1b8aa6ff318d3485e4c13e044a111da678aca11fb4b2b0ffad4a194804b5824a,00628dd8291633095601d276cad838fdb64f95615bd9286bf012067203888ed5
11013821,382,1,held_out,11,0,1,1991-03-06,0.11723,0.12434,1450200.0,40.466,2.912,20.0,8.0,19.9555,8.0565,28.012,11.899,10,1,128,128,128,128,C_n C_t C_m (pressure forces; C_l and pressure C_d derived),True,True,True,5e7345e5d714689754674819a2c6b98af2dbffbe8fa335c06619b0069586b167,0eca42ce937f173c1e463cf7fde4c8053908dfcd2a689f789461b96192ba1918,f5e9953572d29122c182b55ffd5536b0ca401b4a84d2b726679e862b6bb0fdcf
11013831,383,1,calibration,11,0,1,1991-03-06,0.11653,0.15078,1456700.0,40.062,3.496,3.0,8.0,3.2765,8.0194,11.296,-4.7429,10,1,128,128,128,128,C_n C_t C_m (pressure forces; C_l and pressure C_d derived),True,True,True,a4c7213cf7c1ab351a9d2d929a11c3be6ca7b5bec11ad38878be8090ea79dfdd,76c87c5bd54a0c4210b1f10bf84c5dd11b3bf8eeb04bbea826b246809bb55f24,66cadbee0a415c3f7a30d70f25ae44a3d010536175624f18930f89c5888b468d
11013841,384,1,held_out,11,0,1,1991-03-06,0.11653,0.1507,1454800.0,40.083,3.496,4.0,8.0,4.3481,8.019,12.367,-3.6709,10,1,128,128,128,128,C_n C_t C_m (pressure forces; C_l and pressure C_d derived),True,True,True,007a445ecad10945249402b7027a96d9c065e07a3afd94ab42f18166323fcc42,131be44d2b9454086464396eeb1677dc74e4fdd4e3530490daf1f656cb5ef017,f7a846029ab6b9c391f87d0ccb80aaddc6305f9ba4ac704c2024043316f4a553
11013851,385,1,held_out,11,0,1,1991-03-06,0.11653,0.15065,1453500.0,40.096,3.496,5.0,8.0,5.361,7.979,13.34,-2.6179,10,1,128,128,128,128,C_n C_t C_m (pressure forces; C_l and pressure C_d derived),True,True,True,3357bee8dd3565c4ecc9e9c51d47f9889b00eba1fae5fd5a6f41e550004c6f13,1e20829feb4cb1907e56472b01128a54b6e55855c129067f0f06fef8ecf57426,5eb79d23c2cae12bb1d4ba720a8391002890c13570a633babed1008495090061
11013861,386,1,calibration,11,0,1,1991-03-06,0.11653,0.15063,1452900.0,40.103,3.496,6.0,8.0,6.4107,7.9823,14.393,-1.5716,10,1,128,128,128,128,C_n C_t C_m (pressure forces; C_l and pressure C_d derived),True,True,True,23cec86c501649fb2ecc80c0c979d5ec5b8995cb9938a44589e3556b49e928fb,1690c78c76a778c47cadc827b5f51514649590c79ede6a923025ff0f599f8bfc,739c4471a906bb7324b82ab81349bac2d45d780554332f00dc52b6ed6fdd57de
11013871,387,1,held_out,11,0,1,1991-03-06,0.11653,0.15055,1451000.0,40.124,3.496,7.0,8.0,7.3898,7.9812,15.371,-0.5915,10,1,128,128,128,128,C_n C_t C_m (pressure forces; C_l and pressure C_d derived),True,True,True,0d0a269dcd4d710040b36ba6f0e08c70fc3276f222ca4b13d4f4a5512b91d060,f0637418825c5c5994c06724c00b145c5f6ddee9c445e6b60d7130d20097681a,13d7f4358468feeed5e982886a583a01a531f4b83333204858c5a8038d5ae8eb
11013881,388,1,held_out,11,0,1,1991-03-06,0.11653,0.15053,1450400.0,40.13,3.496,8.0,8.0,8.4166,7.9404,16.357,0.4762,10,1,128,128,128,128,C_n C_t C_m (pressure forces; C_l and pressure C_d derived),True,True,True,67f39a290bdc8e8f427a92511a874c59c93970f20d1406ca1d7faadac62470f5,351747fba39652f0b0b8d2055a2f358060f9ee6f105d01956b024494d2ac8c99,f7a4f2b1ddd0955544d3f6447c9e17cd1381d6f66df195ec6d208c240ae024a6
11013891,389,1,calibration,11,0,1,1991-03-06,0.11653,0.15047,1449100.0,40.144,3.496,9.0,8.0,9.3925,7.9525,17.345,1.4399,10,1,128,128,128,128,C_n C_t C_m (pressure forces; C_l and pressure C_d derived),True,True,True,48a48582457b4ee6b0165b18fd73ed7bd5835ee632748a4cf6e3535cb27106e4,68a2aa9b27ead36db3b9d019f7971cf9f583f091d9190d473ede1b79d4d61a7c,6016c726e7fd05e8002108cabceb0f45f2e75c56edbde3022a4ba7901a0005bf
11013901,390,1,held_out,11,0,1,1991-03-06,0.11653,0.15042,1447800.0,40.158,3.496,11.0,8.0,11.3884,7.9625,19.351,3.4259,10,1,128,128,128,128,C_n C_t C_m (pressure forces; C_l and pressure C_d derived),True,True,True,d9979021490de79a041e1c843a2d1a39ade04b9f48720ff6f32e682a0cd8a138,374a8dde2fba1f96988d2732d62cf718f8a947345ac6e555274423185670c086,220b8776db9e1680275cb550f286ddfabd1173d68392a4990aaf3f47a944ca38
11013911,391,1,held_out,11,0,1,1991-03-06,0.11759,0.14915,1462800.0,40.5,3.496,12.0,8.0,12.3962,7.9889,20.385,4.4073,10,1,128,128,128,128,C_n C_t C_m (pressure forces; C_l and pressure C_d derived),True,True,True,66b3248a88a1f0c32241ae7d25bf9bdc37840bb94eb1dde4dd3e1a198074e401,2ffbdc47c8441edb1f22e0528d5b73613c20d37472994c1507d6dac06c09297a,01f2d2c2296f031f518abbad439cb89990ccdaa736ac25591f66b5333c10f0ab
11013921,392,1,calibration,11,0,1,1991-03-06,0.11759,0.14905,1460300.0,40.528,3.496,13.0,8.0,13.3999,7.9861,21.386,5.4138,10,1,128,128,128,128,C_n C_t C_m (pressure forces; C_l and pressure C_d derived),True,True,True,df9198ff92076337fd24a790585117f026fe116c03ad585360d34ca3174f591f,d0f2dc7e423b7297186d1fbaf560c5ce42a2e935ee8df8a10e2cbca661c92e67,f98bb483bd5ded361ea93ec5725a746bdd89ee141a94619f71b2ee473c299093
11013931,393,1,held_out,11,0,1,1991-03-06,0.11759,0.149,1459000.0,40.542,3.496,14.0,8.0,14.4178,8.0212,22.439,6.3967,10,1,128,128,128,128,C_n C_t C_m (pressure forces; C_l and pressure C_d derived),True,True,True,019d95a3304a6d613fad45795b952147abd6b0d7a6b19c99ba6116bff8481616,905d54f702c7ae1c83e77a83ee183bb5e3f001dddaa6037db79c848542aa6537,2e37e236f06615acdaea56cb4330a4ef09a461860d83b4840197f5cd18f84fe0
11013941,394,1,held_out,11,0,1,1991-03-06,0.11759,0.14892,1457100.0,40.562,3.496,15.0,8.0,15.386,8.016,23.402,7.3699,10,1,128,128,128,128,C_n C_t C_m (pressure forces; C_l and pressure C_d derived),True,True,True,98fcd08a82ea46bc9540af11793e149c6e3076c0e792e7b2f16bd7dcef6ec2c4,8406f481de9ed2a31e91bcb28bb972b174f79ed370b2ff7d3f9ba6028cbf0c0e,5d6119f3b4a2c46ba000ea6b2270f2691e694ced075f8d3aa609820483e6fb70
11013951,395,1,calibration,11,0,1,1991-03-06,0.11759,0.1489,1456500.0,40.569,3.496,16.0,8.0,16.411,8.034,24.445,8.377,10,1,128,128,128,128,C_n C_t C_m (pressure forces; C_l and pressure C_d derived),True,True,True,b06cc428877fe91ad6e28d93ec72f99cfee731ac64e29695da694edb7611a066,4de1b826799d91bc40c2a48a273407ac3b4f029733485822883ea306f4b44a19,5fdbe2725609beadb88be671ba2aadb5a2406c1108c5d1c09e536a466c39214e
11013961,396,1,held_out,11,0,1,1991-03-06,0.11759,0.14885,1455200.0,40.583,3.496,17.0,8.0,17.3699,7.9941,25.364,9.3758,10,1,128,128,128,128,C_n C_t C_m (pressure forces; C_l and pressure C_d derived),True,True,True,463c5e0f73836f68c8c8f491d9ad1e6bfe2b3a7d326e2babaab3fcc6a21f153e,2d3360187cb429fc7976faa89ba83c9676d1f9179a440afd38c5704c008ab859,f22df73d64c3dd187612d5cc23715a930d665ae2c25e4928dd913088745f5e2e
11013971,397,1,held_out,11,0,1,1991-03-06,0.11759,0.14882,1454600.0,40.59,3.496,20.0,8.0,20.1705,7.9945,28.165,12.176,10,1,128,128,128,128,C_n C_t C_m (pressure forces; C_l and pressure C_d derived),True,True,True,00b191ae04ebf1976c4c1070f786f5fc0f0bb8b1842286f26f5cdc41bfd0f600,4d28f2102cc70407ce9a887c368ad1d50e03198866f0b8717b2fad937fd2b336,6d5d570ce585dd68096aef55f5ab5f8046f6ece1d41c6e28c4215be7df1a8760
11013981,398,1,calibration,11,0,1,1991-03-06,0.11679,0.17495,1449100.0,40.266,4.077,3.0,8.0,3.357,8.196,11.553,-4.839,10,1,128,128,128,128,C_n C_t C_m (pressure forces; C_l and pressure C_d derived),True,True,True,cf4b2fa895564d6ac83ceb9308e82fd34a3d9113500ba968b04ba299cc49683a,d8b9c5fa5afb3b6bae67082a4dddceb6c6de026aa0c22e24679b9cc585f6c021,72c7cfa9cd6dad6150b4a0f485269bfd1f05de7efe4df16ea33ab1f948f5c5f5
11013991,399,1,held_out,11,0,1,1991-03-06,0.11679,0.17486,1447200.0,40.287,4.077,4.0,8.0,4.4454,8.1346,12.58,-3.6892,10,1,128,128,128,128,C_n C_t C_m (pressure forces; C_l and pressure C_d derived),True,True,True,943b4ed9ee652f0b9285f26ea962fda861deec19d5cfc1e3eeb8b7800b62fce7,80ecbf8a13bd4ec69a33c87152d496e17f0232bdb3138911b0d3fa34d72eab5f,b047a6e26c7bbca9928a2d05cc88c364c9b77b2d8400deee304a7472146b9aac
11014001,400,1,held_out,11,0,1,1991-03-06,0.11679,0.1748,1446000.0,40.3,4.077,5.0,8.0,5.4619,8.0921,13.554,-2.6301,10,1,128,128,128,128,C_n C_t C_m (pressure forces; C_l and pressure C_d derived),True,True,True,4a49c8c074450d7412085e7cc61d10fd4d4a68c72941dfb4f586e635074bbcc6,bdc137aaad7e37bd08636569c2406efd8358dd535a84e1d6ed426885b88e1aa2,52bd9764d4e3e1bfb57146a3f4e04d80e2ebca8a8669a40dc535e84cb16a2b77
11014011,401,1,calibration,11,0,1,1991-03-06,0.11679,0.17474,1444700.0,40.314,4.077,6.0,8.0,6.4947,8.0922,14.587,-1.5975,10,1,128,128,128,128,C_n C_t C_m (pressure forces; C_l and pressure C_d derived),True,True,True,dbd2086d8c511f004d680e4793179826adaa52a75fb7679a0277f70993582951,b91a461c1d84da8b55a7deb45e845398f32e00336f1711faeeb3c8197ace8add,d3ad1e67d340ccf0832ca5dfe8a962acee3ea13d6405b2892b82c7ddf15b40c1
11014021,402,1,held_out,11,0,1,1991-03-06,0.11679,0.17468,1443500.0,40.328,4.077,7.0,8.0,7.4516,8.0933,15.545,-0.6417,10,1,128,128,128,128,C_n C_t C_m (pressure forces; C_l and pressure C_d derived),True,True,True,afd42c7ea0be9e0a97184c690893fbfd8cb12633a4ba29b59ddd26f766ca6d0b,927bf24077cfa62cc51180da2159c9e30a18cf22a66b6d48bba3d7bbbd7410dd,2c6c2c68f9677739660037ccd8e84226977ae9c901c5c23fb3f71d969c38bd04
11014031,403,1,held_out,11,0,1,1991-03-06,0.11679,0.17465,1442900.0,40.334,4.077,8.0,8.0,8.4743,8.0467,16.521,0.4276,10,1,128,128,128,128,C_n C_t C_m (pressure forces; C_l and pressure C_d derived),True,True,True,9830c7be972aeb5af0e6654ab634d77a26053e3086cc86cd81a4cd16df2f46a0,6444a1fdfc088cb5900797031607fdad6289e45f74d492b1517709c12182fdbf,3557e7515b1ba50ef5038fecfb3f3973b3288e374e02af012356064e6a2ddeea
11014041,404,1,calibration,11,0,1,1991-03-06,0.11679,0.17462,1442200.0,40.341,4.077,9.0,8.0,9.4522,8.0518,17.504,1.4004,10,1,128,128,128,128,C_n C_t C_m (pressure forces; C_l and pressure C_d derived),True,True,True,e2d241c3ae254ec83b27e23f109af209bccdfe631a7bbad00b2273b67b1e1b4e,55d7a3cbb643b78df0e92e311bb728618367b5ea4a34d573242835fdaf7d02c9,fd80fecd41e94150535137de60f11dc59194cae21d4b46f011a57f4bdd17ea2c
11014051,405,1,held_out,11,0,1,1991-03-06,0.11679,0.17457,1441000.0,40.355,4.077,11.0,8.0,11.4668,8.0742,19.541,3.3926,10,1,128,128,128,128,C_n C_t C_m (pressure forces; C_l and pressure C_d derived),True,True,True,31574fcaa71d8edd48318e737a69911240738e83b5375a7f75d1c60db6e33e9a,3b0aea67687d000f0ece99efdfd7861f1350785383991db0242c993f3bb50735,040756f7404f7e78a49d5b125d52943cf384da66baf2b4c1c60dd81fe48f18f1
11014061,406,1,held_out,11,0,1,1991-03-06,0.11715,0.17402,1445500.0,40.481,4.077,12.0,8.0,12.451,8.121,20.572,4.33,10,1,128,128,128,128,C_n C_t C_m (pressure forces; C_l and pressure C_d derived),True,True,True,c22f6cc2eb5e1e1bc29bbd796ad8bf785224c1dc90805ad7a2be3a1423fb3f05,90332c4843a1359636be0755774841a8bcd6fbd7989cc2e49a04593b7ee7aaa8,f95a70ec4e972e215d3554b31c64b264e1baa513c47f625be0c26f4a9d89b05f
11014071,407,1,calibration,11,0,1,1991-03-06,0.11715,0.17396,1444200.0,40.494,4.077,13.0,8.0,13.4167,8.1393,21.556,5.2774,10,1,128,128,128,128,C_n C_t C_m (pressure forces; C_l and pressure C_d derived),True,True,True,cfee95c6a25a43632e180f2eb1c38f577797479d886f609afb765d46a775ffe8,9d048f370661b89b17e11bf690ca6f6e9a62e39943b6a8eac2481f8969270ddb,d51824b3529ff22eff1ab631243306edf505f6b2aacedcdc50c693198eb9019e
11014081,408,1,held_out,11,0,1,1991-03-06,0.11715,0.17391,1443000.0,40.508,4.077,14.0,8.0,14.4506,8.1644,22.615,6.2862,10,1,128,128,128,128,C_n C_t C_m (pressure forces; C_l and pressure C_d derived),True,True,True,64dd01a90b0762a387aedc7c6f1c91ba38ee738f1ef106ccff66b3ede032ab68,8cc7e03542229b349ccb8285807f88c9fd1153717f5a9065af0c8f1592f8d08b,6eee959ed72b42c3825db513021af552341563552e35bac67982ae6d04ea21b5
11014091,409,1,held_out,11,0,1,1991-03-06,0.11715,0.17385,1441800.0,40.521,4.077,15.0,8.0,15.498,8.113,23.611,7.385,10,1,128,128,128,128,C_n C_t C_m (pressure forces; C_l and pressure C_d derived),True,True,True,7c7679f3926b8927610bd3e429c9c1e69e23eebd7835d7a6a00ddd01192feb8e,e430efcef3d6adf01fe2de18edd8d297fec5f544c4d0dfea29f6542808b45950,3f224cde7a8e8b94c768581bf8886241dee3b0f3cb1061525c4998947da2328d
11014101,410,1,calibration,11,0,1,1991-03-06,0.11715,0.17382,1441100.0,40.528,4.077,16.0,8.0,16.5429,8.1251,24.668,8.4178,10,1,128,128,128,128,C_n C_t C_m (pressure forces; C_l and pressure C_d derived),True,True,True,f3792d679e9dac67e162f65e22901fd043897f15caa0c9415846acc1c6bf6234,28d8a746422f463c34ae8bdd8de069275f6ce089051764328a7e1c7c9b6141eb,3b9ee7c5449e0dcf86c28eff66dbc2c3f5c49bf019b8bf1011f55ff783eff317
11014111,411,1,held_out,11,0,1,1991-03-06,0.11715,0.17376,1439900.0,40.542,4.077,17.0,8.0,17.467,8.135,25.602,9.332,10,1,128,128,128,128,C_n C_t C_m (pressure forces; C_l and pressure C_d derived),True,True,True,006cd80ee5b1cc7a4575609d99ddf3417b7ce1ae9f1f7f4f0dd2b0b1ea1b79b1,ea21b1b9c916b5f569776a8b98d5a08d77c024d2dc43823a3fc4d8259e95d78f,d70e918161ac21cbd2f6000c96a651b641916c0661335726c0da87e50c977fcb
11014121,412,1,held_out,11,0,1,1991-03-06,0.11715,0.1737,1438700.0,40.555,4.077,20.0,8.0,20.2815,8.1745,28.456,12.107,10,1,128,128,128,128,C_n C_t C_m (pressure forces; C_l and pressure C_d derived),True,True,True,bafe34dd5c87da28af06f891709279ec5b2039b9134a8adb9dff2eda774f5564,f9b26af29fa51e66cca71a60430f4e0bb47bf6622f767f8d7ad42f4e643a5bf4,8daa2103fb5de707571baf96df51ea8f8477281e57a821953cf5beef256b32db
11014141,414,1,held_out,11,0,1,1991-03-06,0.07809,0.10013,974020.0,26.869,1.557,3.0,8.0,2.9805,7.9385,10.919,-4.958,10,1,128,128,128,128,C_n C_t C_m (pressure forces; C_l and pressure C_d derived),True,True,True,8f93a4e2fc37da2549e10c7136a394f4038fc97b8f59f50dcac64fb5ed59ff80,a67ab281962412662f30693c1c297f04f00970e5c9cad7ffbe0c2e692f3945ff,80689e9ac836dada2a0f97a68900d32555cb3fd8cba69f6e85221db450957c71
11014151,415,1,held_out,11,0,1,1991-03-06,0.07809,0.10011,973590.0,26.874,1.557,4.0,8.0,4.0349,7.9421,11.977,-3.9072,10,1,128,128,128,128,C_n C_t C_m (pressure forces; C_l and pressure C_d derived),True,True,True,ff6b101cd1c11efe6b08a9b2c42c12ac8fb854ba1e0cfae43d9040759928d542,d4d2d1e79aba5c09146e5d0a77e5897ca88a027783ef4b86b9cc1062b718ec3c,d61fc8ab8238186abfd597732496579a6c1712ffda37738dcfc89abf2772966d
11014161,416,1,calibration,11,0,1,1991-03-06,0.07809,0.10009,973170.0,26.878,1.557,5.0,8.0,5.0236,7.9494,12.973,-2.9257,10,1,128,128,128,128,C_n C_t C_m (pressure forces; C_l and pressure C_d derived),True,True,True,d5614ca50dfa61fc57918ee57232a03fe88d48e8f90d5cbb0bddfd0cba0410da,5d72cdc85c1658cdc080e20e8785827b9552371de8278327c0f80e64c41590df,ea1c4f1cb791ea094ec0b6e09a3bce82ab3c9c7036cab7643cb7f5fef7726843
11014171,417,1,held_out,11,0,1,1991-03-06,0.07809,0.10138,973170.0,26.878,1.577,6.0,8.0,6.0737,7.9483,14.022,-1.8746,10,1,128,128,128,128,C_n C_t C_m (pressure forces; C_l and pressure C_d derived),True,True,True,d20891b774ba869ed8e8f16b00789d363c73ab7e3585186e0ad8a092b12adfab,6c75a4b3ab5e78baeff07c55b4bc1b3cb6b742c2a9d12a3639d0f7ae33dd90e5,2ea0c8cc218174beede97867068b5f2256096bbf5438526ab91940f64e458928
11014181,418,1,held_out,11,0,1,1991-03-06,0.078317,0.09965,972190.0,26.998,1.557,7.0,8.0,7.0571,7.9469,15.004,-0.8897,10,1,128,128,128,128,C_n C_t C_m (pressure forces; C_l and pressure C_d derived),True,True,True,7a90dc7f23deb903f18e6201c99c569a228e4c9be51c4d4a837d42790bc035cf,77711e19fa4ef5441109e70b0d3d05e13365650696b6431368f775c0410a52e2,1dda4d514ae186378ee876416df3fe1acb0b143e5cd0cb2f4ecb76dfa4901e20
11014191,419,1,calibration,11,0,1,1991-03-06,0.07809,0.10008,972750.0,26.883,1.557,8.0,8.0,8.0874,7.9396,16.027,0.1478,10,1,128,128,128,128,C_n C_t C_m (pressure forces; C_l and pressure C_d derived),True,True,True,b06d5c80d4f06bb4592fa5cf8ec00daf37dbcd447c987d8f8a5f29c3233fbb02,73610b440b0865ab703b639d0a1459bac12a268343c0da1e76956463fdc2d0f9,041c92e8bf9b42bafea3993f8696655a8ae0965dbaca11cf17d591719e5442a8
11014201,420,1,held_out,11,0,1,1991-03-06,0.07809,0.10006,972320.0,26.887,1.557,9.0,8.0,9.0661,7.9469,17.013,1.1192,10,1,128,128,128,128,C_n C_t C_m (pressure forces; C_l and pressure C_d derived),True,True,True,d5dbf10e85ecfa3c5c449f5c01847f8a424f104d23d4561b0dc208cfcf40cc14,f8aedfe3865d12f2cbc9ae5d0c112e5f4856583453d0be1cbcb56e4f45a6a7ac,cfcaa9594637eca5a5407fb3d5d08fb069b114b89a1602b7e0d50fc809656bcb
11014211,421,1,held_out,11,0,1,1991-03-06,0.07809,0.10004,971900.0,26.892,1.557,10.0,8.0,10.0717,7.9012,17.973,2.1705,10,1,128,128,128,128,C_n C_t C_m (pressure forces; C_l and pressure C_d derived),True,True,True,20f9ee29df27e1bbb01f904e2c85719aa1b8446176daefbecbc878685752b85a,b92b78f806d8a0b65465b443f3b14481e4f9d8c7af2ed691a34f745723662776,5337dad81770921f83909fafecb31a6f796a2a0a3a0b8c51ec2a4d7915944363
11014221,422,1,calibration,11,0,1,1991-03-06,0.078061,0.10008,971540.0,26.882,1.557,11.0,8.0,11.0474,7.8856,18.933,3.1619,10,1,128,128,128,128,C_n C_t C_m (pressure forces; C_l and pressure C_d derived),True,True,True,99c117b501e07fd04abfcf2623b4c3a5f901b581d4d30bba28b38347a357d3df,bf2b3b2faec8a06187130de6b3a26da16333ca3ff404375fc6bef422bcddd53f,a8b246be78cb1920087421604da1a412158ddf8a5a2aa534fa8c9c8ffc689bf3
11014231,423,1,held_out,11,0,1,1991-03-06,0.078061,0.10004,970690.0,26.891,1.557,12.0,8.0,12.0652,7.8869,19.952,4.1783,10,1,128,128,128,128,C_n C_t C_m (pressure forces; C_l and pressure C_d derived),True,True,True,b222b363ea3906c190b102bd401340503544dec58c5210389f18da0f431471a1,df7560a1ff072c1536e717756c7123e65730a29b261f476563242cd3dd96eae3,f672a093ea81138d967ee3dd396919fce197a1d63a46cdc6ced2b5fbff0a3467
11014241,424,1,held_out,11,0,1,1991-03-06,0.078061,0.10004,970690.0,26.891,1.557,13.0,8.0,13.0417,7.9053,20.947,5.1364,10,1,128,128,128,128,C_n C_t C_m (pressure forces; C_l and pressure C_d derived),True,True,True,c72725329f402b11d7e870839f0233a964eefc88cb9b8595179188470ce635cc,554113474bfcc9c9f80a9de76bdcf39e2667754a2d899f884fa71d8017902ae2,b20478a13d43534f2bc27f08d0e77590e553e3f95416601ab4f01d44efa8e9bc
11014251,425,1,calibration,11,0,1,1991-03-06,0.078061,0.10131,970270.0,26.896,1.577,14.0,8.0,14.0961,7.9129,22.009,6.1832,10,1,128,128,128,128,C_n C_t C_m (pressure forces; C_l and pressure C_d derived),True,True,True,dc3250c7a6c7367376fd82390e9e91b452ace8818a754c8b439dff21d303164c,429862612824241489c6ef516a8844e0375c535de8217e0711cf44d9f34ce11a,50a544a5b3298a3a24c84ba4491ff23a8263485fa23c7cd504d9babaa78a31b6
11014261,426,1,held_out,11,0,1,1991-03-06,0.078061,0.10003,970270.0,26.896,1.557,15.0,8.0,15.0785,7.9355,23.014,7.1429,10,1,128,128,128,128,C_n C_t C_m (pressure forces; C_l and pressure C_d derived),True,True,True,7d890b146b15616bad84db0d490b135bcbcdcd12afe24d287b6516c3b259540d,e5b5590baa6ea0259622ba407bea99f87bc5b350665d8ae06f0d0627538f2dfb,7eb8b2fa13e56d26ed227ecfed7c34c241f910f69cb62cf0bf1cf28b484b27ad
11014271,427,1,held_out,11,0,1,1991-03-06,0.078061,0.10001,969850.0,26.9,1.557,16.0,8.0,16.1079,7.941,24.049,8.1669,10,1,128,128,128,128,C_n C_t C_m (pressure forces; C_l and pressure C_d derived),True,True,True,7b14a718ec1a14e82bda7f78908c9f2656e3be9757ac5d73ab3248db489fd5f8,0d8efb33a7ba10a6214a57c3ba1e1719aeefd854aba451d00efbf2d31306bd5f,b96b9d9bb6f5ca2937328f3e0715d14f40c708bd72bdd992ab46dc3a0ee1e1d3
11014281,428,1,calibration,11,0,1,1991-03-06,0.078061,0.10001,969850.0,26.9,1.557,17.0,8.0,17.098,7.9261,25.024,9.1719,10,1,128,128,128,128,C_n C_t C_m (pressure forces; C_l and pressure C_d derived),True,True,True,14bfa58b611145bc39383e721b93b37d9e658d7ab5fcd5a58530aa2d1ee845f0,571b5e4ce15af825f43d288a358d8439a29bb7f0e5a1dad0245057e9f666913a,d88e7c66135eb4b455a41e0826981d6d217e976572bf959f830a349022e0e9c1
11014291,429,1,held_out,11,0,1,1991-03-06,0.078061,0.099994,969430.0,26.905,1.557,20.0,8.0,20.0635,7.9235,27.987,12.14,10,1,128,128,128,128,C_n C_t C_m (pressure forces; C_l and pressure C_d derived),True,True,True,6cd9cb856b5287539e83883b30b398073c9b3d56126f70307da26fe12bd801af,c98f25e8a23645a805cadb5f952f44437dde3168433d4192751e3ef483e54452,be25d345d56f2911943dc139f800cad90f85dd829c4b04a714e7bf853083c03c
11014311,431,1,calibration,11,0,1,1991-03-06,0.1546,0.099662,1873600.0,53.798,3.103,3.0,8.0,2.591,8.051,10.642,-5.46,10,1,128,128,128,128,C_n C_t C_m (pressure forces; C_l and pressure C_d derived),True,True,True,340877cbb8f4b7862b497e075f2270c5f14967ebbbd8262d2dbb95cc78024a4b,306a10f840e84af917b755594e43d330b9e29dc38af58f4bd9c981118d2723f5,ee08cae79eb36175224d83be5d2d5b1bf1fd4ffcd45a5cdcb287a92a0dac81d5
11014321,432,1,held_out,11,0,1,1991-03-06,0.1546,0.099563,1868800.0,53.851,3.103,4.0,8.0,3.6797,8.0093,11.689,-4.3296,10,1,128,128,128,128,C_n C_t C_m (pressure forces; C_l and pressure C_d derived),True,True,True,670827304c29211f6b6421536252767d37302421c90f31dee887ca6a15d87356,597603834e0826931c30a40b698fd54a8a4f70369966f655e7a124fbf541358d,d1f30e8080b1b3221c5a252fc61725a6b65d6eef4f8344aabdd9df17af197b3e
11014331,433,1,held_out,11,0,1,1991-03-06,0.1546,0.099514,1866500.0,53.878,3.103,5.0,8.0,4.6756,8.0234,12.699,-3.3478,10,1,128,128,128,128,C_n C_t C_m (pressure forces; C_l and pressure C_d derived),True,True,True,cc82762f8d0e05745f323d38fe5ed3ab3094084007794ca04a92b817ab058a57,d5e54103ce52c32c4e81d803a259911a4e2f069180b2ece6734439cdae5a73b2,db704198bf1454e810a5483090e18021a1eb525af4998fdf631cc136bf12fb04
11014341,434,1,calibration,11,0,1,1991-03-06,0.1546,0.099481,1864900.0,53.896,3.103,6.0,8.0,5.6893,8.0147,13.704,-2.3254,10,1,128,128,128,128,C_n C_t C_m (pressure forces; C_l and pressure C_d derived),True,True,True,a6840c2da664d837c2482b90acf774df9095db2c931cfa4c0edcd69e117d830f,3037a6b1586a64d28f6439b021e6ab21606adbd0f7ab35a22c35191ae66cbe1f,feede4b28af019c9868b49a59011854108833de2b5dd4a4653eafd2fcaceddf6
11014351,435,1,held_out,11,0,1,1991-03-06,0.1546,0.099432,1862500.0,53.922,3.103,7.0,8.0,6.68,8.0111,14.691,-1.3311,10,1,128,128,128,128,C_n C_t C_m (pressure forces; C_l and pressure C_d derived),True,True,True,b0acb84945684b12ab3572f34009a618b2a48a2a175da24515d1c08b1cf742d1,0ec8c41b24c9baa4e26a086e78227c8551a20ac0247d77c5793f91ee1651a338,9a4416cbecfa80648c8f30576f98078e984ce051e2184f6bf203da226ba984c7
11014361,436,1,held_out,11,0,1,1991-03-06,0.1546,0.099383,1860200.0,53.949,3.103,8.0,8.0,7.7362,8.0128,15.749,-0.2766,10,1,128,128,128,128,C_n C_t C_m (pressure forces; C_l and pressure C_d derived),True,True,True,917dee962041b217cf0221e07c0451d3c10f68341b3af8ec631efa9f99ac0860,8eb611a2beb9389a1ab32482578ce0bbf799d816c00c67ae3a6212180e79ac83,12a65b8eeaef36a972bc7f43d773fcabf86d849a0b37b2003bba64c31d4f3a1b
11014371,437,1,calibration,11,0,1,1991-03-06,0.1546,0.099333,1857800.0,53.976,3.103,9.0,8.0,8.6735,7.9905,16.664,0.683,10,1,128,128,128,128,C_n C_t C_m (pressure forces; C_l and pressure C_d derived),True,True,True,ffb179ee8792faca6f96f6f68d9047f36e39fade16839a008dc202f151191e01,e4ebe1ff59d8ea3df51a0c39a7bd1f83625891c46ff9a9cb828f6ce94a0ff1f3,3dbba17f3001e391295f8c881f6cfc651435439ced4e7b35edfa3f1fb6921d3e
11014381,438,1,held_out,11,0,1,1991-03-06,0.1546,0.099284,1855500.0,54.002,3.103,10.0,8.0,9.7067,7.9782,17.685,1.7285,10,1,128,128,128,128,C_n C_t C_m (pressure forces; C_l and pressure C_d derived),True,True,True,b9481fd6a1d7554367b8c13f2b875021fc025763692a59ee046b788122979a66,b11babc26bb73af9d59487f58648f1a4c1cc5dff5961680def611690b2604e38,dd17cd77f87f5891c6581a1e2896ce3fbf11e8e6480494823ea1b5c688a2d0a5
11014391,439,1,held_out,11,0,1,1991-03-06,0.15266,0.10067,1837500.0,53.26,3.103,11.0,8.0,10.8177,7.9973,18.815,2.8204,10,1,128,128,128,128,C_n C_t C_m (pressure forces; C_l and pressure C_d derived),True,True,True,24f8a79ceb63f08cb638b50bcafb51328ad8e26998dc07f88e1fc2929d0eaf75,cd08efdbaabf270319e12fed323196e0eee8ed850df50e8bf0b6b2ff9ae38283,bb54398fd958b27f9c8524a7369d1cebf01b4f1d031aa6a8158df8b5fd63326e
11014401,440,1,calibration,11,0,1,1991-03-06,0.15266,0.10057,1832800.0,53.313,3.103,12.0,8.0,11.8968,7.9702,19.867,3.9266,10,1,128,128,128,128,C_n C_t C_m (pressure forces; C_l and pressure C_d derived),True,True,True,d7a4d1406e0384f7a0d0d20bd65b3e7517d22a0ed4eea085352bd1b961487add,36980c4e6231da15186136ef924332b905fe9dd9746bca3f4e12a91034df30ea,d7d62cbc5b860d48804003b2e164632e48d4ce39ff3f9305a896e23715e9163f
11014411,441,1,held_out,11,0,1,1991-03-06,0.15266,0.10052,1830500.0,53.339,3.103,13.0,8.0,12.8374,7.9707,20.808,4.8667,10,1,128,128,128,128,C_n C_t C_m (pressure forces; C_l and pressure C_d derived),True,True,True,7db6499dd45eb7d30300f89e4580af8255ebfe1be87f945d3793ace93bd2bb1f,9f6bf4c7bb76dff049efd36fca4376253e3b0357217cf10062272502495ddd6c,93c634a512f52004852995e980f58bcfff56dc123fff1d56ea20ecae88a1f4d3
11014421,442,1,held_out,11,0,1,1991-03-06,0.15266,0.10045,1827500.0,53.374,3.103,14.0,8.0,13.8166,7.9544,21.771,5.8622,10,1,128,128,128,128,C_n C_t C_m (pressure forces; C_l and pressure C_d derived),True,True,True,7a1280c6446d9cd3af18734332ef659d5eaeb0bb829482bec009728abd8db9c6,e6d746682d0ec6e8b0ab68659834576441e59127f5523c078673308bcd7a725c,3bb4f643c40eca4808d3f156fe258ab5adb7bafcaba21448b4a48f399b5c347f
11014431,443,1,calibration,11,0,1,1991-03-06,0.15266,0.10042,1825900.0,53.392,3.103,15.0,8.0,14.7233,7.9407,22.664,6.7827,10,1,128,128,128,128,C_n C_t C_m (pressure forces; C_l and pressure C_d derived),True,True,True,cec0d1f7d5691f142c6dfdb76bc6e620e1138734ba0949b90572067d4b4a23bb,e8ee5dc83d69484c89fb79d0761087588612c8c0d253b920e60feafc12eab034,387ec668580dd2747501d472c9c4a4e2c2fb48854be5d8c620e3a17c860f6075
11014441,444,1,held_out,11,0,1,1991-03-06,0.15266,0.10037,1823600.0,53.418,3.103,16.0,8.0,15.7262,7.8768,23.603,7.8494,10,1,128,128,128,128,C_n C_t C_m (pressure forces; C_l and pressure C_d derived),True,True,True,5a8e2fb071a674e51ffa2d6d5c45a64f909e3ef5e04ad4f274225830c1099764,9e940534dafc8e1d02dbf23c42b862243d1e579fc09896102b2addeab6c3910d,71753a67ecb261908ea979e183d24964340761346aba0edb2f7f7b1d9eb40c2e
11014451,445,1,held_out,11,0,1,1991-03-06,0.15266,0.10034,1822100.0,53.436,3.103,17.0,8.0,16.702,7.932,24.634,8.77,10,1,128,128,128,128,C_n C_t C_m (pressure forces; C_l and pressure C_d derived),True,True,True,726f821b328169eedf2753f05dc5798eb3ddfc6c9f25135a8d6e82e88e005e5b,ae3e9ba9b1b860fd890ff4bdf90ff213b5244c2317b3edf7dd4ceb02e6df023b,520ced661715d63a79d4f6b31ec7dd6126ffc39f48ab38fec150f659b075eda1
11014461,446,1,calibration,11,0,1,1991-03-06,0.15266,0.10029,1819800.0,53.462,3.103,20.0,8.0,19.562,7.867,27.429,11.695,10,1,128,128,128,128,C_n C_t C_m (pressure forces; C_l and pressure C_d derived),True,True,True,a5c25ca3451847116cb82b11ccd82f53665a4137f3e5c422ea8e1e82965d81d2,4369cf8073d20b8525b59643c20e0c7ecd2318f41ebf0143d10fa9259d0dbb20,7886bc11d56b7115681b45c233e737644d00f8bcb96a671fa5babd099f3d1371
