run,model,experiment_type,motion_type,date,M,Re,U_m_s,start_nominal_deg,arc_nominal_deg,alpha_first_deg,alpha_last_deg,alpha_min_deg,alpha_max_deg,n_pressure_rows,sha256_dat
11000011,11,0,0,1990-12-13,0.11844,1525000.0,40.649,-5.0,30.0,-4.9986,-4.9834,-4.9986,25.192,128,16c037de54214ef7a35a4b29c2b8670fef238bc763831ada6970b3f71e4739b7
11000021,11,0,0,1990-12-13,0.11958,1530900.0,41.131,-5.0,30.0,-5.1054,-5.0596,-5.1054,25.103,128,a07b9e62d98cf4de8fb429638cd8640700fdb1a1f4a179b130f65606e2c2730b
11000031,11,0,0,1990-12-13,0.077967,993410.0,26.868,-5.0,30.0,-5.0139,-4.9834,-5.0139,25.192,128,c09027790cb5ef255e9152c5485b86dc87ff386102a025d69e2c03ad2b0bdcff
11000041,11,0,0,1990-12-13,0.16131,2050000.0,55.646,-5.0,30.0,-5.0291,-5.0444,-5.0444,25.043,128,9fad09da00f254ceb09b13b5dd39fd0db1836feebf531cb148b74e075044a80f
11000051,11,0,0,1990-12-14,0.11938,1515200.0,41.201,-5.0,30.0,-5.0139,-5.0444,-5.0444,25.132,128,ba06729e93650fc9fdfb8e410dae8b586095b1a542851f2eede0ef900e0183da
11000061,11,0,0,1990-12-14,0.1189,1505100.0,41.077,-2.0,30.0,-2.0711,-2.0559,-2.0711,28.009,128,3d9a830b89443b1abc7e60b952fc37d7ce85e1fca0d8d5a849c0fe4af3000ab4
11000071,11,0,0,1990-12-14,0.11926,1509700.0,41.201,-2.0,30.0,-1.9339,-1.9949,-1.9949,28.068,128,448f0a7ae10c4dd7ea4e2b7ceb2c0236ffc7761469f89edcfc5c6785083f5779
11000221,11,0,0,1990-12-17,0.12047,1551300.0,41.418,-2.0,28.0,-2.0406,-2.1168,-2.1168,26.394,128,1589eb7ee634edf935bdca3c1d1c82b46e3e579bca39191c8707f9035cf014db
11000851,11,0,0,1990-12-18,0.11807,1472100.0,40.996,-2.0,28.0,-2.0559,-2.0559,-2.0559,26.394,128,b5c31fba75a196f9a4ceca271e1872d631bb5fa4375f666091075fd90314cd5b
11000861,11,0,0,1990-12-19,0.11808,1522300.0,40.497,-27.0,28.0,-27.451,-27.451,-27.451,1.0755,128,6938bc8fc418b9ce0791f2c262d74b5e43283dc45a3bad6d2be70043b844da6f
11001341,11,0,0,1990-12-19,0.11598,1423800.0,40.544,-27.0,28.0,-27.451,-27.451,-27.451,1.0605,128,634d575c388fcd77801c85f88279a355fd12302cb6187a4f91c107252dd55bd2
11001351,11,0,0,1991-01-16,0.11994,1536900.0,41.157,-5.0,28.0,-4.9735,-4.9735,-4.9735,23.488,128,47d4ccfc5d8559788ed0228de594d9ba55bc5aa5f2efee432388ad15a9d9ce0e
11001731,11,0,0,1991-01-17,0.12017,1519000.0,41.263,-5.0,30.0,-5.0189,-4.9432,-5.0189,25.067,128,c0d6f58fa5ea7c61e0e6c4a682e75a035a2226a117654a682ff955dac9d37097
11001741,11,0,0,1991-01-17,0.11843,1461200.0,41.054,-5.0,30.0,-5.0037,-4.9281,-5.0037,25.111,128,cc01a1eb8be31c4b2fc923d4f75e05cb92d6807e95c0e4ba6858033b5edee962
11001751,11,0,0,1991-01-17,0.1606,1973000.0,55.762,-5.0,30.0,-4.9584,-4.9584,-4.9584,25.037,128,3db746fffe66a6542a208c2d255ca15556a38f7047171cc79f88666fcb5a4c6b
11001761,11,0,0,1991-01-22,0.11996,1569700.0,41.179,-5.0,30.0,-4.9977,-4.9519,-4.9977,25.158,128,f36da7f69ef5935fc66fb08e582bbcd110ccf3cf86898bc9e0abe9da7f25556b
11001851,11,0,0,1991-01-22,0.11792,1510100.0,40.781,-5.0,30.0,-5.0434,-5.1197,-5.1197,24.994,128,2f336412a1a5866e83a6c1b9188f33208fe5a1af7219bd43f8d0b6d04af8d4c0
11001861,11,0,0,1991-01-22,0.078925,1008100.0,27.322,-5.0,30.0,-5.0892,-5.135,-5.135,24.994,128,37c79b17fd44aa32f83f564b202c3d67adaa984fe8352f9d991bc7ed91e14321
11001951,11,0,0,1991-01-23,0.11665,1502100.0,40.199,-5.0,30.0,-5.196,-5.0587,-5.196,25.098,128,5e31d9bb7b732d38e63da478a6f2a45fb8026ad159b61731dcaec7affba15228
11002871,11,0,0,1991-03-01,0.11964,1500400.0,41.271,-5.0,30.0,-5.1197,-5.1502,-5.1502,24.979,128,e5fd4fffee4748151e31adc405455eb73b901c8c4dc67d52b0c04abb728833e8
11002881,11,0,0,1991-03-04,0.12052,1528100.0,41.462,-5.0,30.0,-4.7536,-4.8756,-4.8756,25.247,128,f61218af6a7ef8d55589fc94d6e3c31fd5e7d1ae3c7f2b809e51f7cdfe03a77e
11002971,11,0,0,1991-03-04,0.11771,1475800.0,40.537,-5.0,30.0,-5.1502,-5.0282,-5.1502,25.068,128,a139b24155ce5dde1e4961596a72a1bd27a870aa629149935906c8824312126c
11003201,11,0,0,1991-03-05,0.11736,1450400.0,40.483,-5.0,30.0,-5.3333,-5.3028,-5.3333,24.83,128,92de2851d6009e021c1e56e39c8dc0efd8a7982e783bfff56f5da8b0b43373f9
11003361,11,0,0,1991-03-05,0.11756,1460500.0,40.49,-5.0,30.0,-4.8756,-4.7688,-4.8756,25.321,128,35d84b238fe1940975916beeab308c0f58930b1ab21767068d70b23d6540374f
11003751,11,0,0,1991-03-05,0.11753,1466600.0,40.434,-5.0,30.0,-5.074,-5.0129,-5.074,25.068,128,cb48e9aa8ef92bf7a29976c2587aa6abecd869e305e9f05238bea828692c3634
11004131,11,0,0,1991-03-06,0.078464,979960.0,26.984,-5.0,30.0,-5.0434,-4.9977,-5.0434,25.143,128,70787ebfaa0a18a7dab6004257cfd42d14f993b63c990f18dfa64f3bc6bf18b5
11004301,11,0,0,1991-03-06,0.15467,1892100.0,53.625,-5.0,30.0,-5.1197,-5.0587,-5.1197,24.979,128,9e14f7dfe65abcd97c9a955367cff561fffce8c0ed4e615041fc15a084621551
11004471,11,0,0,1991-03-07,0.11673,1428800.0,40.278,-5.0,30.0,-5.196,-5.2265,-5.2265,24.905,128,f7543e3370c8f0e4504cbf35138b78403ba1cc792c121dd60dd4c073e6f65f5e
