frame_number,airfoil,table,report_page,M,alpha0_deg,amp_deg,k,remark,source
24323,AMES-01,13,45,0.07,15.0,10.0,0.1,,NASA TM-84245 Vol. 1 (NTRS 19820024438)
24314,AMES-01,13,45,0.11,15.0,10.0,0.1,,NASA TM-84245 Vol. 1 (NTRS 19820024438)
24217,AMES-01,13,45,0.18,15.0,10.0,0.1,,NASA TM-84245 Vol. 1 (NTRS 19820024438)
31209,AMES-01,13,45,0.18,15.0,10.0,0.1,,NASA TM-84245 Vol. 1 (NTRS 19820024438)
29117,AMES-01,13,45,0.18,15.0,10.0,0.1,trip,NASA TM-84245 Vol. 1 (NTRS 19820024438)
24209,AMES-01,13,45,0.22,15.0,10.0,0.1,,NASA TM-84245 Vol. 1 (NTRS 19820024438)
24201,AMES-01,13,45,0.25,15.0,10.0,0.1,,NASA TM-84245 Vol. 1 (NTRS 19820024438)
24117,AMES-01,13,45,0.28,15.0,10.0,0.1,,NASA TM-84245 Vol. 1 (NTRS 19820024438)
24105,AMES-01,13,45,0.29,15.0,10.0,0.1,,NASA TM-84245 Vol. 1 (NTRS 19820024438)
29106,AMES-01,13,45,0.29,15.0,10.0,0.1,trip,NASA TM-84245 Vol. 1 (NTRS 19820024438)
30019,AMES-01,14,45,0.29,15.0,10.0,0.01,,NASA TM-84245 Vol. 1 (NTRS 19820024438)
30020,AMES-01,14,45,0.29,15.0,10.0,0.01,,NASA TM-84245 Vol. 1 (NTRS 19820024438)
24022,AMES-01,14,45,0.29,15.0,10.0,0.025,,NASA TM-84245 Vol. 1 (NTRS 19820024438)
29023,AMES-01,14,45,0.29,15.0,10.0,0.025,trip,NASA TM-84245 Vol. 1 (NTRS 19820024438)
24100,AMES-01,14,45,0.29,15.0,10.0,0.05,,NASA TM-84245 Vol. 1 (NTRS 19820024438)
29101,AMES-01,14,45,0.29,15.0,10.0,0.05,trip,NASA TM-84245 Vol. 1 (NTRS 19820024438)
24105,AMES-01,14,45,0.29,15.0,10.0,0.1,,NASA TM-84245 Vol. 1 (NTRS 19820024438)
29106,AMES-01,14,45,0.29,15.0,10.0,0.1,trip,NASA TM-84245 Vol. 1 (NTRS 19820024438)
24109,AMES-01,14,45,0.29,15.0,10.0,0.15,,NASA TM-84245 Vol. 1 (NTRS 19820024438)
30105,AMES-01,15,46,0.3,10.0,10.0,0.01,,NASA TM-84245 Vol. 1 (NTRS 19820024438)
25022,AMES-01,15,46,0.3,10.0,10.0,0.025,,NASA TM-84245 Vol. 1 (NTRS 19820024438)
31102,AMES-01,15,46,0.3,10.0,10.0,0.025,,NASA TM-84245 Vol. 1 (NTRS 19820024438)
25102,AMES-01,15,46,0.3,10.0,10.0,0.05,,NASA TM-84245 Vol. 1 (NTRS 19820024438)
31104,AMES-01,15,46,0.3,10.0,10.0,0.05,,NASA TM-84245 Vol. 1 (NTRS 19820024438)
25104,AMES-01,15,46,0.3,10.0,10.0,0.1,,NASA TM-84245 Vol. 1 (NTRS 19820024438)
25109,AMES-01,15,46,0.3,10.0,10.0,0.15,,NASA TM-84245 Vol. 1 (NTRS 19820024438)
31110,AMES-01,15,46,0.3,10.0,10.0,0.15,,NASA TM-84245 Vol. 1 (NTRS 19820024438)
31112,AMES-01,15,46,0.3,10.0,10.0,0.15,,NASA TM-84245 Vol. 1 (NTRS 19820024438)
30110,AMES-01,16,46,0.3,15.0,5.0,0.01,,NASA TM-84245 Vol. 1 (NTRS 19820024438)
25204,AMES-01,16,46,0.3,15.0,5.0,0.025,,NASA TM-84245 Vol. 1 (NTRS 19820024438)
25205,AMES-01,16,46,0.3,15.0,5.0,0.05,,NASA TM-84245 Vol. 1 (NTRS 19820024438)
25208,AMES-01,16,46,0.3,15.0,5.0,0.1,,NASA TM-84245 Vol. 1 (NTRS 19820024438)
25209,AMES-01,16,46,0.3,15.0,5.0,0.15,,NASA TM-84245 Vol. 1 (NTRS 19820024438)
25210,AMES-01,16,46,0.3,15.0,5.0,0.2,,NASA TM-84245 Vol. 1 (NTRS 19820024438)
30119,AMES-01,17,46,0.3,10.0,5.0,0.01,,NASA TM-84245 Vol. 1 (NTRS 19820024438)
25117,AMES-01,17,46,0.3,10.0,5.0,0.025,,NASA TM-84245 Vol. 1 (NTRS 19820024438)
25118,AMES-01,17,46,0.3,10.0,5.0,0.05,,NASA TM-84245 Vol. 1 (NTRS 19820024438)
25119,AMES-01,17,46,0.3,10.0,5.0,0.1,,NASA TM-84245 Vol. 1 (NTRS 19820024438)
25121,AMES-01,17,46,0.3,10.0,5.0,0.15,,NASA TM-84245 Vol. 1 (NTRS 19820024438)
25122,AMES-01,17,46,0.3,10.0,5.0,0.15,,NASA TM-84245 Vol. 1 (NTRS 19820024438)
25123,AMES-01,17,46,0.3,10.0,5.0,0.2,,NASA TM-84245 Vol. 1 (NTRS 19820024438)
25319,AMES-01,18,47,0.3,5.5,10.0,0.1,stall onset,NASA TM-84245 Vol. 1 (NTRS 19820024438)
29205,AMES-01,19,47,0.3,5.0,10.0,0.01,stall suppression,NASA TM-84245 Vol. 1 (NTRS 19820024438)
31119,AMES-01,19,47,0.3,5.0,10.0,0.025,stall suppression,NASA TM-84245 Vol. 1 (NTRS 19820024438)
29207,AMES-01,19,47,0.3,5.0,10.0,0.05,stall suppression,NASA TM-84245 Vol. 1 (NTRS 19820024438)
31121,AMES-01,19,47,0.3,5.0,10.0,0.05,stall suppression,NASA TM-84245 Vol. 1 (NTRS 19820024438)
25311,AMES-01,19,47,0.3,5.0,10.0,0.1,stall suppression,NASA TM-84245 Vol. 1 (NTRS 19820024438)
29211,AMES-01,19,47,0.3,5.0,10.0,0.1,stall suppression,NASA TM-84245 Vol. 1 (NTRS 19820024438)
31123,AMES-01,19,47,0.3,5.0,10.0,0.1,stall suppression,NASA TM-84245 Vol. 1 (NTRS 19820024438)
29213,AMES-01,19,47,0.3,5.0,10.0,0.15,stall suppression,NASA TM-84245 Vol. 1 (NTRS 19820024438)
29215,AMES-01,19,47,0.3,5.0,10.0,0.15,stall suppression,NASA TM-84245 Vol. 1 (NTRS 19820024438)
31201,AMES-01,19,47,0.3,5.0,10.0,0.15,stall suppression,NASA TM-84245 Vol. 1 (NTRS 19820024438)
30215,AMES-01,20,47,0.18,7.5,10.0,0.01,stall suppression,NASA TM-84245 Vol. 1 (NTRS 19820024438)
24302,AMES-01,20,47,0.18,7.5,10.0,0.05,stall suppression,NASA TM-84245 Vol. 1 (NTRS 19820024438)
31215,AMES-01,20,47,0.18,7.5,10.0,0.05,stall suppression,NASA TM-84245 Vol. 1 (NTRS 19820024438)
24306,AMES-01,20,47,0.18,7.5,10.0,0.2,stall suppression,NASA TM-84245 Vol. 1 (NTRS 19820024438)
31217,AMES-01,20,47,0.18,7.5,10.0,0.2,stall suppression,NASA TM-84245 Vol. 1 (NTRS 19820024438)
30206,AMES-01,21,48,0.3,14.0,2.0,0.01,pitch damping,NASA TM-84245 Vol. 1 (NTRS 19820024438)
31310,AMES-01,21,48,0.3,14.5,2.0,0.15,pitch damping,NASA TM-84245 Vol. 1 (NTRS 19820024438)
29223,AMES-01,21,48,0.3,13.5,2.0,0.2,pitch damping,NASA TM-84245 Vol. 1 (NTRS 19820024438)
29304,AMES-01,21,48,0.3,14.5,2.0,0.2,pitch damping,NASA TM-84245 Vol. 1 (NTRS 19820024438)
31302,AMES-01,21,48,0.3,14.5,2.0,0.2,pitch damping,NASA TM-84245 Vol. 1 (NTRS 19820024438)
29309,AMES-01,21,48,0.3,16.5,2.0,0.2,pitch damping,NASA TM-84245 Vol. 1 (NTRS 19820024438)
25301,AMES-01,22,50,0.3,5.0,5.0,0.1,no separation,NASA TM-84245 Vol. 1 (NTRS 19820024438)
25303,AMES-01,22,50,0.3,5.0,5.0,0.2,no separation,NASA TM-84245 Vol. 1 (NTRS 19820024438)
30201,AMES-01,24,52,0.3,11.0,5.0,0.01,,NASA TM-84245 Vol. 1 (NTRS 19820024438)
25214,AMES-01,24,52,0.3,11.0,5.0,0.05,,NASA TM-84245 Vol. 1 (NTRS 19820024438)
25216,AMES-01,24,52,0.3,11.0,5.0,0.1,,NASA TM-84245 Vol. 1 (NTRS 19820024438)
26020,AMES-01,12,44,0.3,,,0.001,quasi-steady static sweep (first frame of the Ames-01 M 0.30 static set),NASA TM-84245 Vol. 1 (NTRS 19820024438)
69019,NLR-7301,15,46,0.3,10.0,10.0,0.01,,NASA TM-84245 Vol. 1 (NTRS 19820024438)
