frame,flag,source
frame_8019,unusual transducer zero drift (Table 9 p.26),"NASA TM-84245 Vol. 1 (NTRS 19820024438), Table 9, printed p. 26"
frame_8021,unusual transducer zero drift (Table 9 p.26),"NASA TM-84245 Vol. 1 (NTRS 19820024438), Table 9, printed p. 26"
frame_8023,unusual transducer zero drift (Table 9 p.26),"NASA TM-84245 Vol. 1 (NTRS 19820024438), Table 9, printed p. 26"
frame_8102,unusual transducer zero drift (Table 9 p.26),"NASA TM-84245 Vol. 1 (NTRS 19820024438), Table 9, printed p. 26"
frame_8104,unusual transducer zero drift (Table 9 p.26),"NASA TM-84245 Vol. 1 (NTRS 19820024438), Table 9, printed p. 26"
frame_8106,unusual transducer zero drift (Table 9 p.26),"NASA TM-84245 Vol. 1 (NTRS 19820024438), Table 9, printed p. 26"
frame_8114,unusual transducer zero drift (Table 9 p.26),"NASA TM-84245 Vol. 1 (NTRS 19820024438), Table 9, printed p. 26"
frame_8116,unusual transducer zero drift (Table 9 p.26),"NASA TM-84245 Vol. 1 (NTRS 19820024438), Table 9, printed p. 26"
frame_8118,unusual transducer zero drift (Table 9 p.26),"NASA TM-84245 Vol. 1 (NTRS 19820024438), Table 9, printed p. 26"
frame_8210,unusual transducer zero drift (Table 9 p.26),"NASA TM-84245 Vol. 1 (NTRS 19820024438), Table 9, printed p. 26"
frame_13107,unusual transducer zero drift (Table 9 p.26),"NASA TM-84245 Vol. 1 (NTRS 19820024438), Table 9, printed p. 26"
frame_13115,unusual transducer zero drift (Table 9 p.26),"NASA TM-84245 Vol. 1 (NTRS 19820024438), Table 9, printed p. 26"
frame_13120,unusual transducer zero drift (Table 9 p.26),"NASA TM-84245 Vol. 1 (NTRS 19820024438), Table 9, printed p. 26"
frame_13205,unusual transducer zero drift (Table 9 p.26),"NASA TM-84245 Vol. 1 (NTRS 19820024438), Table 9, printed p. 26"
frame_13217,unusual transducer zero drift (Table 9 p.26),"NASA TM-84245 Vol. 1 (NTRS 19820024438), Table 9, printed p. 26"
