alpha_deg,Cl,marker_overlapped,u_alpha_deg,u_Cl,source,method
-5.03,-0.579,False,0.1,0.012,"NASA TM-84245 Vol. 1 (NTRS 19820024438), Fig. 16(a), printed p. 67: static C_L, NACA 0012, M = 0.30, wind-tunnel-wall corrections included",digitised from a 300 dpi render; scan skew 0.78 deg removed; axes calibrated on the printed ticks
-2.06,-0.244,False,0.1,0.012,"NASA TM-84245 Vol. 1 (NTRS 19820024438), Fig. 16(a), printed p. 67: static C_L, NACA 0012, M = 0.30, wind-tunnel-wall corrections included",digitised from a 300 dpi render; scan skew 0.78 deg removed; axes calibrated on the printed ticks
-0.01,-0.03,False,0.1,0.012,"NASA TM-84245 Vol. 1 (NTRS 19820024438), Fig. 16(a), printed p. 67: static C_L, NACA 0012, M = 0.30, wind-tunnel-wall corrections included",digitised from a 300 dpi render; scan skew 0.78 deg removed; axes calibrated on the printed ticks
2.01,0.22,True,0.2,0.02,"NASA TM-84245 Vol. 1 (NTRS 19820024438), Fig. 16(a), printed p. 67: static C_L, NACA 0012, M = 0.30, wind-tunnel-wall corrections included",digitised from a 300 dpi render; scan skew 0.78 deg removed; axes calibrated on the printed ticks
4.0,0.452,False,0.1,0.012,"NASA TM-84245 Vol. 1 (NTRS 19820024438), Fig. 16(a), printed p. 67: static C_L, NACA 0012, M = 0.30, wind-tunnel-wall corrections included",digitised from a 300 dpi render; scan skew 0.78 deg removed; axes calibrated on the printed ticks
5.01,0.528,False,0.1,0.012,"NASA TM-84245 Vol. 1 (NTRS 19820024438), Fig. 16(a), printed p. 67: static C_L, NACA 0012, M = 0.30, wind-tunnel-wall corrections included",digitised from a 300 dpi render; scan skew 0.78 deg removed; axes calibrated on the printed ticks
8.07,0.86,True,0.2,0.02,"NASA TM-84245 Vol. 1 (NTRS 19820024438), Fig. 16(a), printed p. 67: static C_L, NACA 0012, M = 0.30, wind-tunnel-wall corrections included",digitised from a 300 dpi render; scan skew 0.78 deg removed; axes calibrated on the printed ticks
10.06,1.066,False,0.1,0.012,"NASA TM-84245 Vol. 1 (NTRS 19820024438), Fig. 16(a), printed p. 67: static C_L, NACA 0012, M = 0.30, wind-tunnel-wall corrections included",digitised from a 300 dpi render; scan skew 0.78 deg removed; axes calibrated on the printed ticks
11.09,1.143,False,0.1,0.012,"NASA TM-84245 Vol. 1 (NTRS 19820024438), Fig. 16(a), printed p. 67: static C_L, NACA 0012, M = 0.30, wind-tunnel-wall corrections included",digitised from a 300 dpi render; scan skew 0.78 deg removed; axes calibrated on the printed ticks
12.42,1.264,False,0.1,0.012,"NASA TM-84245 Vol. 1 (NTRS 19820024438), Fig. 16(a), printed p. 67: static C_L, NACA 0012, M = 0.30, wind-tunnel-wall corrections included",digitised from a 300 dpi render; scan skew 0.78 deg removed; axes calibrated on the printed ticks
13.24,1.294,False,0.1,0.012,"NASA TM-84245 Vol. 1 (NTRS 19820024438), Fig. 16(a), printed p. 67: static C_L, NACA 0012, M = 0.30, wind-tunnel-wall corrections included",digitised from a 300 dpi render; scan skew 0.78 deg removed; axes calibrated on the printed ticks
13.63,1.33,True,0.2,0.02,"NASA TM-84245 Vol. 1 (NTRS 19820024438), Fig. 16(a), printed p. 67: static C_L, NACA 0012, M = 0.30, wind-tunnel-wall corrections included",digitised from a 300 dpi render; scan skew 0.78 deg removed; axes calibrated on the printed ticks
14.13,1.26,False,0.1,0.012,"NASA TM-84245 Vol. 1 (NTRS 19820024438), Fig. 16(a), printed p. 67: static C_L, NACA 0012, M = 0.30, wind-tunnel-wall corrections included",digitised from a 300 dpi render; scan skew 0.78 deg removed; axes calibrated on the printed ticks
14.19,1.324,True,0.2,0.02,"NASA TM-84245 Vol. 1 (NTRS 19820024438), Fig. 16(a), printed p. 67: static C_L, NACA 0012, M = 0.30, wind-tunnel-wall corrections included",digitised from a 300 dpi render; scan skew 0.78 deg removed; axes calibrated on the printed ticks
14.65,1.025,True,0.2,0.02,"NASA TM-84245 Vol. 1 (NTRS 19820024438), Fig. 16(a), printed p. 67: static C_L, NACA 0012, M = 0.30, wind-tunnel-wall corrections included",digitised from a 300 dpi render; scan skew 0.78 deg removed; axes calibrated on the printed ticks
14.98,1.0,True,0.2,0.02,"NASA TM-84245 Vol. 1 (NTRS 19820024438), Fig. 16(a), printed p. 67: static C_L, NACA 0012, M = 0.30, wind-tunnel-wall corrections included",digitised from a 300 dpi render; scan skew 0.78 deg removed; axes calibrated on the printed ticks
15.01,0.918,False,0.1,0.012,"NASA TM-84245 Vol. 1 (NTRS 19820024438), Fig. 16(a), printed p. 67: static C_L, NACA 0012, M = 0.30, wind-tunnel-wall corrections included",digitised from a 300 dpi render; scan skew 0.78 deg removed; axes calibrated on the printed ticks
15.63,1.244,False,0.1,0.012,"NASA TM-84245 Vol. 1 (NTRS 19820024438), Fig. 16(a), printed p. 67: static C_L, NACA 0012, M = 0.30, wind-tunnel-wall corrections included",digitised from a 300 dpi render; scan skew 0.78 deg removed; axes calibrated on the printed ticks
16.04,0.871,False,0.1,0.012,"NASA TM-84245 Vol. 1 (NTRS 19820024438), Fig. 16(a), printed p. 67: static C_L, NACA 0012, M = 0.30, wind-tunnel-wall corrections included",digitised from a 300 dpi render; scan skew 0.78 deg removed; axes calibrated on the printed ticks
16.11,1.129,False,0.1,0.012,"NASA TM-84245 Vol. 1 (NTRS 19820024438), Fig. 16(a), printed p. 67: static C_L, NACA 0012, M = 0.30, wind-tunnel-wall corrections included",digitised from a 300 dpi render; scan skew 0.78 deg removed; axes calibrated on the printed ticks
17.05,0.806,False,0.1,0.012,"NASA TM-84245 Vol. 1 (NTRS 19820024438), Fig. 16(a), printed p. 67: static C_L, NACA 0012, M = 0.30, wind-tunnel-wall corrections included",digitised from a 300 dpi render; scan skew 0.78 deg removed; axes calibrated on the printed ticks
17.99,1.078,False,0.1,0.012,"NASA TM-84245 Vol. 1 (NTRS 19820024438), Fig. 16(a), printed p. 67: static C_L, NACA 0012, M = 0.30, wind-tunnel-wall corrections included",digitised from a 300 dpi render; scan skew 0.78 deg removed; axes calibrated on the printed ticks
18.05,1.141,False,0.1,0.012,"NASA TM-84245 Vol. 1 (NTRS 19820024438), Fig. 16(a), printed p. 67: static C_L, NACA 0012, M = 0.30, wind-tunnel-wall corrections included",digitised from a 300 dpi render; scan skew 0.78 deg removed; axes calibrated on the printed ticks
19.99,0.774,True,0.2,0.02,"NASA TM-84245 Vol. 1 (NTRS 19820024438), Fig. 16(a), printed p. 67: static C_L, NACA 0012, M = 0.30, wind-tunnel-wall corrections included",digitised from a 300 dpi render; scan skew 0.78 deg removed; axes calibrated on the printed ticks
20.04,1.116,True,0.2,0.02,"NASA TM-84245 Vol. 1 (NTRS 19820024438), Fig. 16(a), printed p. 67: static C_L, NACA 0012, M = 0.30, wind-tunnel-wall corrections included",digitised from a 300 dpi render; scan skew 0.78 deg removed; axes calibrated on the printed ticks
20.14,0.781,True,0.2,0.02,"NASA TM-84245 Vol. 1 (NTRS 19820024438), Fig. 16(a), printed p. 67: static C_L, NACA 0012, M = 0.30, wind-tunnel-wall corrections included",digitised from a 300 dpi render; scan skew 0.78 deg removed; axes calibrated on the printed ticks
20.15,1.123,True,0.2,0.02,"NASA TM-84245 Vol. 1 (NTRS 19820024438), Fig. 16(a), printed p. 67: static C_L, NACA 0012, M = 0.30, wind-tunnel-wall corrections included",digitised from a 300 dpi render; scan skew 0.78 deg removed; axes calibrated on the printed ticks
24.99,0.987,False,0.1,0.012,"NASA TM-84245 Vol. 1 (NTRS 19820024438), Fig. 16(a), printed p. 67: static C_L, NACA 0012, M = 0.30, wind-tunnel-wall corrections included",digitised from a 300 dpi render; scan skew 0.78 deg removed; axes calibrated on the printed ticks
25.03,0.925,False,0.1,0.012,"NASA TM-84245 Vol. 1 (NTRS 19820024438), Fig. 16(a), printed p. 67: static C_L, NACA 0012, M = 0.30, wind-tunnel-wall corrections included",digitised from a 300 dpi render; scan skew 0.78 deg removed; axes calibrated on the printed ticks
