alpha_deg,Cm_c4,u_alpha_deg,u_Cm,source,method
-4.99,-0.0137,0.15,0.003,"NASA TM-84245 Vol. 1 (NTRS 19820024438), Fig. 9, printed p. 62: static C_M, NACA 0012, M = 0.30, data corrected for wind-tunnel-wall effects",digitised from a 300 dpi render; axes calibrated on the printed ticks
-1.94,-0.0095,0.15,0.003,"NASA TM-84245 Vol. 1 (NTRS 19820024438), Fig. 9, printed p. 62: static C_M, NACA 0012, M = 0.30, data corrected for wind-tunnel-wall effects",digitised from a 300 dpi render; axes calibrated on the printed ticks
0.1,-0.0053,0.15,0.003,"NASA TM-84245 Vol. 1 (NTRS 19820024438), Fig. 9, printed p. 62: static C_M, NACA 0012, M = 0.30, data corrected for wind-tunnel-wall effects",digitised from a 300 dpi render; axes calibrated on the printed ticks
1.56,-0.0048,0.15,0.003,"NASA TM-84245 Vol. 1 (NTRS 19820024438), Fig. 9, printed p. 62: static C_M, NACA 0012, M = 0.30, data corrected for wind-tunnel-wall effects",digitised from a 300 dpi render; axes calibrated on the printed ticks
4.15,-0.0016,0.15,0.003,"NASA TM-84245 Vol. 1 (NTRS 19820024438), Fig. 9, printed p. 62: static C_M, NACA 0012, M = 0.30, data corrected for wind-tunnel-wall effects",digitised from a 300 dpi render; axes calibrated on the printed ticks
5.12,0.0015,0.15,0.003,"NASA TM-84245 Vol. 1 (NTRS 19820024438), Fig. 9, printed p. 62: static C_M, NACA 0012, M = 0.30, data corrected for wind-tunnel-wall effects",digitised from a 300 dpi render; axes calibrated on the printed ticks
8.14,0.0087,0.15,0.003,"NASA TM-84245 Vol. 1 (NTRS 19820024438), Fig. 9, printed p. 62: static C_M, NACA 0012, M = 0.30, data corrected for wind-tunnel-wall effects",digitised from a 300 dpi render; axes calibrated on the printed ticks
10.05,0.0134,0.15,0.003,"NASA TM-84245 Vol. 1 (NTRS 19820024438), Fig. 9, printed p. 62: static C_M, NACA 0012, M = 0.30, data corrected for wind-tunnel-wall effects",digitised from a 300 dpi render; axes calibrated on the printed ticks
11.06,0.018,0.15,0.003,"NASA TM-84245 Vol. 1 (NTRS 19820024438), Fig. 9, printed p. 62: static C_M, NACA 0012, M = 0.30, data corrected for wind-tunnel-wall effects",digitised from a 300 dpi render; axes calibrated on the printed ticks
12.34,0.0246,0.15,0.003,"NASA TM-84245 Vol. 1 (NTRS 19820024438), Fig. 9, printed p. 62: static C_M, NACA 0012, M = 0.30, data corrected for wind-tunnel-wall effects",digitised from a 300 dpi render; axes calibrated on the printed ticks
13.13,0.0292,0.15,0.003,"NASA TM-84245 Vol. 1 (NTRS 19820024438), Fig. 9, printed p. 62: static C_M, NACA 0012, M = 0.30, data corrected for wind-tunnel-wall effects",digitised from a 300 dpi render; axes calibrated on the printed ticks
13.5,0.0292,0.15,0.003,"NASA TM-84245 Vol. 1 (NTRS 19820024438), Fig. 9, printed p. 62: static C_M, NACA 0012, M = 0.30, data corrected for wind-tunnel-wall effects",digitised from a 300 dpi render; axes calibrated on the printed ticks
14.1,0.0293,0.15,0.003,"NASA TM-84245 Vol. 1 (NTRS 19820024438), Fig. 9, printed p. 62: static C_M, NACA 0012, M = 0.30, data corrected for wind-tunnel-wall effects",digitised from a 300 dpi render; axes calibrated on the printed ticks
14.68,-0.0749,0.15,0.003,"NASA TM-84245 Vol. 1 (NTRS 19820024438), Fig. 9, printed p. 62: static C_M, NACA 0012, M = 0.30, data corrected for wind-tunnel-wall effects",digitised from a 300 dpi render; axes calibrated on the printed ticks
15.14,-0.0652,0.15,0.003,"NASA TM-84245 Vol. 1 (NTRS 19820024438), Fig. 9, printed p. 62: static C_M, NACA 0012, M = 0.30, data corrected for wind-tunnel-wall effects",digitised from a 300 dpi render; axes calibrated on the printed ticks
15.6,0.0024,0.15,0.003,"NASA TM-84245 Vol. 1 (NTRS 19820024438), Fig. 9, printed p. 62: static C_M, NACA 0012, M = 0.30, data corrected for wind-tunnel-wall effects",digitised from a 300 dpi render; axes calibrated on the printed ticks
16.08,-0.0931,0.15,0.003,"NASA TM-84245 Vol. 1 (NTRS 19820024438), Fig. 9, printed p. 62: static C_M, NACA 0012, M = 0.30, data corrected for wind-tunnel-wall effects",digitised from a 300 dpi render; axes calibrated on the printed ticks
16.14,-0.022,0.15,0.003,"NASA TM-84245 Vol. 1 (NTRS 19820024438), Fig. 9, printed p. 62: static C_M, NACA 0012, M = 0.30, data corrected for wind-tunnel-wall effects",digitised from a 300 dpi render; axes calibrated on the printed ticks
17.12,-0.0789,0.15,0.003,"NASA TM-84245 Vol. 1 (NTRS 19820024438), Fig. 9, printed p. 62: static C_M, NACA 0012, M = 0.30, data corrected for wind-tunnel-wall effects",digitised from a 300 dpi render; axes calibrated on the printed ticks
17.97,-0.0209,0.15,0.003,"NASA TM-84245 Vol. 1 (NTRS 19820024438), Fig. 9, printed p. 62: static C_M, NACA 0012, M = 0.30, data corrected for wind-tunnel-wall effects",digitised from a 300 dpi render; axes calibrated on the printed ticks
18.09,-0.0326,0.15,0.003,"NASA TM-84245 Vol. 1 (NTRS 19820024438), Fig. 9, printed p. 62: static C_M, NACA 0012, M = 0.30, data corrected for wind-tunnel-wall effects",digitised from a 300 dpi render; axes calibrated on the printed ticks
20.1,-0.1098,0.15,0.003,"NASA TM-84245 Vol. 1 (NTRS 19820024438), Fig. 9, printed p. 62: static C_M, NACA 0012, M = 0.30, data corrected for wind-tunnel-wall effects",digitised from a 300 dpi render; axes calibrated on the printed ticks
20.13,-0.0772,0.15,0.003,"NASA TM-84245 Vol. 1 (NTRS 19820024438), Fig. 9, printed p. 62: static C_M, NACA 0012, M = 0.30, data corrected for wind-tunnel-wall effects",digitised from a 300 dpi render; axes calibrated on the printed ticks
