document,page,filled,ends_a_part,last_page,short
UNISTALL_report.pdf,1,0.728,True,False,False
UNISTALL_report.pdf,2,0.995,False,False,False
UNISTALL_report.pdf,3,0.992,False,False,False
UNISTALL_report.pdf,4,0.985,False,False,False
UNISTALL_report.pdf,5,0.987,False,False,False
UNISTALL_report.pdf,6,0.961,False,False,False
UNISTALL_report.pdf,7,1.0,False,False,False
UNISTALL_report.pdf,8,0.982,False,False,False
UNISTALL_report.pdf,9,0.883,False,False,False
UNISTALL_report.pdf,10,0.898,False,False,False
UNISTALL_report.pdf,11,0.908,False,False,False
UNISTALL_report.pdf,12,0.994,False,False,False
UNISTALL_report.pdf,13,0.916,False,False,False
UNISTALL_report.pdf,14,0.988,False,False,False
UNISTALL_report.pdf,15,0.993,False,False,False
UNISTALL_report.pdf,16,0.992,False,False,False
UNISTALL_report.pdf,17,1.0,False,False,False
UNISTALL_report.pdf,18,0.99,False,False,False
UNISTALL_report.pdf,19,1.0,False,False,False
UNISTALL_report.pdf,20,0.994,False,False,False
UNISTALL_report.pdf,21,0.952,False,False,False
UNISTALL_report.pdf,22,0.994,False,False,False
UNISTALL_report.pdf,23,0.972,False,False,False
UNISTALL_report.pdf,24,0.994,False,False,False
UNISTALL_report.pdf,25,0.987,False,False,False
UNISTALL_report.pdf,26,1.0,False,False,False
UNISTALL_report.pdf,27,0.994,False,False,False
UNISTALL_report.pdf,28,0.989,False,False,False
UNISTALL_report.pdf,29,0.995,False,False,False
UNISTALL_report.pdf,30,0.89,False,False,False
UNISTALL_report.pdf,31,0.986,False,False,False
UNISTALL_report.pdf,32,0.985,False,False,False
UNISTALL_report.pdf,33,0.987,False,False,False
UNISTALL_report.pdf,34,0.98,False,False,False
UNISTALL_report.pdf,35,0.988,False,False,False
UNISTALL_report.pdf,36,0.942,False,False,False
UNISTALL_report.pdf,37,0.99,False,False,False
UNISTALL_report.pdf,38,0.994,False,False,False
UNISTALL_report.pdf,39,0.986,False,False,False
UNISTALL_report.pdf,40,0.873,False,False,False
UNISTALL_report.pdf,41,0.911,False,False,False
UNISTALL_report.pdf,42,0.988,False,False,False
UNISTALL_report.pdf,43,0.969,False,False,False
UNISTALL_report.pdf,44,0.924,False,False,False
UNISTALL_report.pdf,45,0.991,False,False,False
UNISTALL_report.pdf,46,0.865,False,False,False
UNISTALL_report.pdf,47,0.992,False,False,False
UNISTALL_report.pdf,48,0.873,False,False,False
UNISTALL_report.pdf,49,0.872,False,False,False
UNISTALL_report.pdf,50,0.994,False,False,False
UNISTALL_report.pdf,51,0.941,False,False,False
UNISTALL_report.pdf,52,0.946,False,False,False
UNISTALL_report.pdf,53,0.966,False,False,False
UNISTALL_report.pdf,54,0.846,True,False,False
UNISTALL_report.pdf,55,0.994,True,False,False
UNISTALL_report.pdf,56,0.972,True,False,False
UNISTALL_report.pdf,57,0.994,True,False,False
UNISTALL_report.pdf,58,0.972,True,False,False
UNISTALL_report.pdf,59,0.896,False,False,False
UNISTALL_report.pdf,60,0.569,False,True,False
UNISTALL_plots_album.pdf,1,0.955,True,False,False
UNISTALL_plots_album.pdf,2,0.69,True,False,False
UNISTALL_plots_album.pdf,3,0.795,False,False,False
UNISTALL_plots_album.pdf,4,0.746,False,False,False
UNISTALL_plots_album.pdf,5,0.72,False,False,False
UNISTALL_plots_album.pdf,6,0.905,False,False,False
UNISTALL_plots_album.pdf,7,0.379,True,False,False
UNISTALL_plots_album.pdf,8,0.649,False,False,False
UNISTALL_plots_album.pdf,9,0.768,False,False,False
UNISTALL_plots_album.pdf,10,0.768,False,False,False
UNISTALL_plots_album.pdf,11,0.794,False,False,False
UNISTALL_plots_album.pdf,12,0.794,False,False,False
UNISTALL_plots_album.pdf,13,0.847,False,False,False
UNISTALL_plots_album.pdf,14,0.847,False,False,False
UNISTALL_plots_album.pdf,15,0.847,False,False,False
UNISTALL_plots_album.pdf,16,0.847,False,False,False
UNISTALL_plots_album.pdf,17,0.728,False,False,False
UNISTALL_plots_album.pdf,18,0.655,False,False,False
UNISTALL_plots_album.pdf,19,0.728,False,False,False
UNISTALL_plots_album.pdf,20,0.655,False,False,False
UNISTALL_plots_album.pdf,21,0.744,False,False,False
UNISTALL_plots_album.pdf,22,0.661,False,False,False
UNISTALL_plots_album.pdf,23,0.829,False,False,False
UNISTALL_plots_album.pdf,24,0.824,False,False,False
UNISTALL_plots_album.pdf,25,0.718,False,False,False
UNISTALL_plots_album.pdf,26,0.718,False,False,False
UNISTALL_plots_album.pdf,27,0.856,False,False,False
UNISTALL_plots_album.pdf,28,0.833,False,False,False
UNISTALL_plots_album.pdf,29,0.796,False,False,False
UNISTALL_plots_album.pdf,30,0.395,True,False,False
UNISTALL_plots_album.pdf,31,0.99,False,False,False
UNISTALL_plots_album.pdf,32,0.921,False,False,False
UNISTALL_plots_album.pdf,33,0.921,False,False,False
UNISTALL_plots_album.pdf,34,0.921,False,False,False
UNISTALL_plots_album.pdf,35,0.938,False,False,False
UNISTALL_plots_album.pdf,36,0.938,False,False,False
UNISTALL_plots_album.pdf,37,0.921,False,False,False
UNISTALL_plots_album.pdf,38,0.938,False,False,False
UNISTALL_plots_album.pdf,39,0.955,False,False,False
UNISTALL_plots_album.pdf,40,0.955,False,False,False
UNISTALL_plots_album.pdf,41,0.938,False,False,False
UNISTALL_plots_album.pdf,42,0.955,False,False,False
UNISTALL_plots_album.pdf,43,0.938,False,False,False
UNISTALL_plots_album.pdf,44,0.938,False,False,False
UNISTALL_plots_album.pdf,45,0.921,False,False,False
UNISTALL_plots_album.pdf,46,0.938,False,False,False
UNISTALL_plots_album.pdf,47,0.889,False,False,False
UNISTALL_plots_album.pdf,48,0.889,False,False,False
UNISTALL_plots_album.pdf,49,0.889,False,False,False
UNISTALL_plots_album.pdf,50,0.889,False,False,False
UNISTALL_plots_album.pdf,51,0.889,False,False,False
UNISTALL_plots_album.pdf,52,0.889,False,False,False
UNISTALL_plots_album.pdf,53,0.889,False,False,False
UNISTALL_plots_album.pdf,54,0.889,False,False,False
UNISTALL_plots_album.pdf,55,0.889,False,False,False
UNISTALL_plots_album.pdf,56,0.889,False,False,False
UNISTALL_plots_album.pdf,57,0.889,False,False,False
UNISTALL_plots_album.pdf,58,0.889,True,False,False
UNISTALL_plots_album.pdf,59,0.99,False,False,False
UNISTALL_plots_album.pdf,60,0.938,False,False,False
UNISTALL_plots_album.pdf,61,0.921,False,False,False
UNISTALL_plots_album.pdf,62,0.938,False,False,False
UNISTALL_plots_album.pdf,63,0.938,False,False,False
UNISTALL_plots_album.pdf,64,0.938,False,False,False
UNISTALL_plots_album.pdf,65,0.938,False,False,False
UNISTALL_plots_album.pdf,66,0.938,False,False,False
UNISTALL_plots_album.pdf,67,0.955,False,False,False
UNISTALL_plots_album.pdf,68,0.955,False,False,False
UNISTALL_plots_album.pdf,69,0.955,False,False,False
UNISTALL_plots_album.pdf,70,0.955,False,False,False
UNISTALL_plots_album.pdf,71,0.938,False,False,False
UNISTALL_plots_album.pdf,72,0.938,False,False,False
UNISTALL_plots_album.pdf,73,0.938,False,False,False
UNISTALL_plots_album.pdf,74,0.938,False,False,False
UNISTALL_plots_album.pdf,75,0.889,False,False,False
UNISTALL_plots_album.pdf,76,0.889,False,False,False
UNISTALL_plots_album.pdf,77,0.889,False,False,False
UNISTALL_plots_album.pdf,78,0.889,False,False,False
UNISTALL_plots_album.pdf,79,0.889,False,False,False
UNISTALL_plots_album.pdf,80,0.889,False,False,False
UNISTALL_plots_album.pdf,81,0.889,False,False,False
UNISTALL_plots_album.pdf,82,0.889,False,False,False
UNISTALL_plots_album.pdf,83,0.889,False,False,False
UNISTALL_plots_album.pdf,84,0.889,False,False,False
UNISTALL_plots_album.pdf,85,0.889,False,False,False
UNISTALL_plots_album.pdf,86,0.889,True,False,False
UNISTALL_plots_album.pdf,87,0.98,False,False,False
UNISTALL_plots_album.pdf,88,0.389,True,False,False
UNISTALL_plots_album.pdf,89,0.814,False,False,False
UNISTALL_plots_album.pdf,90,0.79,True,False,False
UNISTALL_plots_album.pdf,91,0.748,False,False,False
UNISTALL_plots_album.pdf,92,0.796,False,False,False
UNISTALL_plots_album.pdf,93,0.641,False,False,False
UNISTALL_plots_album.pdf,94,0.666,False,False,False
UNISTALL_plots_album.pdf,95,0.895,False,False,False
UNISTALL_plots_album.pdf,96,0.883,False,False,False
UNISTALL_plots_album.pdf,97,0.965,False,False,False
UNISTALL_plots_album.pdf,98,0.657,False,False,False
UNISTALL_plots_album.pdf,99,0.758,False,False,False
UNISTALL_plots_album.pdf,100,0.737,False,False,False
UNISTALL_plots_album.pdf,101,0.379,False,True,False
UNISTALL_data_dossier.pdf,1,0.989,True,False,False
UNISTALL_data_dossier.pdf,2,0.997,False,False,False
UNISTALL_data_dossier.pdf,3,0.926,False,False,False
UNISTALL_data_dossier.pdf,4,0.98,False,False,False
UNISTALL_data_dossier.pdf,5,0.986,False,False,False
UNISTALL_data_dossier.pdf,6,0.973,False,False,False
UNISTALL_data_dossier.pdf,7,0.982,False,False,False
UNISTALL_data_dossier.pdf,8,0.978,False,False,False
UNISTALL_data_dossier.pdf,9,0.989,False,False,False
UNISTALL_data_dossier.pdf,10,0.982,False,False,False
UNISTALL_data_dossier.pdf,11,0.995,False,False,False
UNISTALL_data_dossier.pdf,12,0.744,False,False,False
UNISTALL_data_dossier.pdf,13,0.985,False,False,False
UNISTALL_data_dossier.pdf,14,0.986,False,False,False
UNISTALL_data_dossier.pdf,15,0.986,False,False,False
UNISTALL_data_dossier.pdf,16,0.986,False,False,False
UNISTALL_data_dossier.pdf,17,0.986,False,False,False
UNISTALL_data_dossier.pdf,18,0.909,False,False,False
UNISTALL_data_dossier.pdf,19,0.972,False,False,False
UNISTALL_data_dossier.pdf,20,0.875,False,False,False
UNISTALL_data_dossier.pdf,21,0.998,False,False,False
UNISTALL_data_dossier.pdf,22,0.981,False,False,False
UNISTALL_data_dossier.pdf,23,0.986,False,False,False
UNISTALL_data_dossier.pdf,24,0.986,False,False,False
UNISTALL_data_dossier.pdf,25,0.986,False,False,False
UNISTALL_data_dossier.pdf,26,0.986,False,False,False
UNISTALL_data_dossier.pdf,27,0.981,False,False,False
UNISTALL_data_dossier.pdf,28,0.904,False,False,False
UNISTALL_data_dossier.pdf,29,0.917,False,False,False
UNISTALL_data_dossier.pdf,30,0.758,False,False,False
UNISTALL_data_dossier.pdf,31,0.998,False,False,False
UNISTALL_data_dossier.pdf,32,0.82,False,False,False
UNISTALL_data_dossier.pdf,33,0.96,False,False,False
UNISTALL_data_dossier.pdf,34,0.958,False,False,False
UNISTALL_data_dossier.pdf,35,0.984,False,False,False
UNISTALL_data_dossier.pdf,36,0.981,False,False,False
UNISTALL_data_dossier.pdf,37,0.907,False,False,False
UNISTALL_data_dossier.pdf,38,0.995,False,False,False
UNISTALL_data_dossier.pdf,39,0.654,False,False,False
UNISTALL_data_dossier.pdf,40,0.856,False,False,False
UNISTALL_data_dossier.pdf,41,0.842,False,False,False
UNISTALL_data_dossier.pdf,42,0.886,False,False,False
UNISTALL_data_dossier.pdf,43,0.936,False,False,False
UNISTALL_data_dossier.pdf,44,0.856,False,False,False
UNISTALL_data_dossier.pdf,45,0.872,False,False,False
UNISTALL_data_dossier.pdf,46,0.959,False,False,False
UNISTALL_data_dossier.pdf,47,0.972,False,False,False
UNISTALL_data_dossier.pdf,48,0.976,False,False,False
UNISTALL_data_dossier.pdf,49,0.954,False,False,False
UNISTALL_data_dossier.pdf,50,0.991,False,False,False
UNISTALL_data_dossier.pdf,51,0.957,False,False,False
UNISTALL_data_dossier.pdf,52,0.993,False,False,False
UNISTALL_data_dossier.pdf,53,0.979,False,False,False
UNISTALL_data_dossier.pdf,54,0.991,False,False,False
UNISTALL_data_dossier.pdf,55,0.734,False,False,False
UNISTALL_data_dossier.pdf,56,0.993,False,False,False
UNISTALL_data_dossier.pdf,57,0.909,False,False,False
UNISTALL_data_dossier.pdf,58,0.999,False,False,False
UNISTALL_data_dossier.pdf,59,0.98,False,False,False
UNISTALL_data_dossier.pdf,60,0.971,False,False,False
UNISTALL_data_dossier.pdf,61,0.965,False,False,False
UNISTALL_data_dossier.pdf,62,0.914,False,True,False
