frame,nRMS_CL_tabulated,nRMS_CL_reference,nRMS_CM_tabulated,nRMS_CM_reference,nRMS_CD_tabulated,nRMS_CD_reference,CLmax_err_pct_tabulated,CLmax_err_pct_reference,dalpha_CLmax_deg_tabulated,dalpha_CLmax_deg_reference,dalpha_Mstall_deg_tabulated,dalpha_Mstall_deg_reference
frame_7019,0.048,0.0444,0.2364,0.2425,0.1635,0.1697,0.7961,0.6151,0.1901,0.1767,,
frame_7021,0.1059,0.1034,0.364,0.3632,0.3047,0.3051,0.4731,0.4499,0.2233,0.2244,,
frame_7108,0.0294,0.0298,0.1557,0.1657,0.4392,0.4377,0.6438,1.39,0.2097,0.2073,,
frame_7111,0.0767,0.0758,0.1313,0.1312,0.1556,0.1517,8.0406,7.9065,0.0449,0.0455,,
frame_7112,0.0759,0.0764,0.1661,0.1679,0.1043,0.1075,1.2295,0.5465,0.9623,0.9677,0.0138,0.0247
frame_7113,0.1615,0.1534,0.3082,0.3011,0.2083,0.2017,1.1407,1.1906,0.5409,0.5457,,
frame_7114,0.2272,0.2245,0.3409,0.3313,0.3121,0.3077,6.7492,6.6703,0.5629,0.5619,,
frame_7117,0.0918,0.0837,0.2194,0.2209,0.1272,0.1289,2.918,2.4884,0.3863,0.3715,0.1321,0.1405
frame_7118,0.0653,0.0559,0.1415,0.1388,0.075,0.0717,0.3496,0.6068,0.8569,0.8885,0.0059,0.0149
frame_7120,0.1727,0.1765,0.1108,0.1129,0.1957,0.1912,0.6656,0.7578,0.8064,0.8064,0.0294,0.0387
frame_7121,0.2096,0.2113,0.2084,0.2039,0.2541,0.2511,5.4158,5.6112,0.0068,0.0007,,
frame_7202,0.1284,0.1356,0.1625,0.1656,0.0817,0.0776,1.8917,1.5496,0.8923,0.9295,0.1186,0.1275
frame_7205,0.0915,0.0908,0.1203,0.1242,0.1445,0.1417,1.7059,1.6139,0.2953,0.2726,0.1159,0.1416
frame_7207,0.1547,0.1605,0.1241,0.1219,0.184,0.182,10.2849,10.4956,0.2696,0.2637,0.0627,0.0846
frame_7214,0.0421,0.04,0.2045,0.2118,0.1496,0.1539,0.3263,0.3602,0.0473,0.0477,,
frame_7216,0.0398,0.0371,0.0901,0.1044,0.1907,0.1912,1.3198,1.0672,0.1063,0.092,,
frame_7222,0.0958,0.0899,0.3011,0.3048,0.1577,0.1601,2.6638,2.4889,0.396,0.37,0.1281,0.1358
frame_7300,0.165,0.1614,0.3372,0.3319,0.2649,0.2615,2.1229,1.981,0.3787,0.3752,,
frame_9202,0.1578,0.1425,0.2721,0.2703,0.1914,0.1819,10.128,9.7482,3.7518,3.4152,2.671,2.7111
frame_9203,0.088,0.0857,0.1809,0.1817,0.1045,0.0984,9.3949,8.7624,2.03,1.6423,1.8194,1.8644
frame_9208,0.074,0.0737,0.1229,0.1212,0.0799,0.0757,6.6622,5.9259,0.7014,0.3167,0.9573,1.0073
frame_9214,0.0894,0.0877,0.1669,0.1673,0.1073,0.1068,0.066,0.4211,0.7097,0.5286,0.4689,0.5089
frame_9217,0.0738,0.0719,0.134,0.1355,0.0661,0.0632,10.9221,10.2202,0.0431,0.3604,0.9712,1.0199
frame_9218,0.0889,0.0869,0.1222,0.1206,0.0722,0.0689,11.5502,10.8577,0.7931,0.4556,1.8556,1.9181
frame_9221,0.0477,0.0497,0.1893,0.185,0.1466,0.15,3.4274,2.6648,0.7467,0.7345,0.1501,0.1388
frame_9223,0.0457,0.0414,0.1289,0.1269,0.1152,0.1155,1.5683,1.4474,0.0001,0.0992,0.006,0.0237
frame_9307,0.1064,0.1057,0.0799,0.0826,0.1009,0.0981,2.3024,2.2439,0.4308,0.3662,0.496,0.5383
frame_10022,0.0863,0.0849,0.0973,0.1,0.0806,0.0782,3.8288,3.5164,0.4989,0.3172,0.5207,0.5633
frame_10105,0.0678,0.0633,0.1033,0.1075,0.084,0.0818,0.6,0.1697,0.5773,0.4473,0.4429,0.4793
frame_10108,0.0713,0.0677,0.0929,0.0948,0.076,0.0737,9.6744,9.2319,1.0603,0.9521,0.9048,0.945
frame_10114,0.1276,0.1363,0.2448,0.2431,0.1143,0.1267,0.1785,0.1455,0.551,0.5707,0.4345,0.4429
frame_10117,0.2776,0.3009,0.3032,0.3113,0.1061,0.1044,4.7433,4.9734,0.6918,0.6098,0.5942,0.608
frame_10118,0.2522,0.2599,0.2215,0.2196,0.0766,0.0748,6.8911,6.7876,0.8282,0.9109,0.8664,0.9047
frame_10120,0.1588,0.1627,0.2387,0.2375,0.0898,0.0889,11.7015,11.3777,0.9146,0.7375,1.3247,1.3627
frame_10123,0.1235,0.1262,0.1625,0.1659,0.1007,0.1026,19.542,19.3906,0.8166,0.657,1.7076,1.7475
frame_10202,0.0961,0.0885,0.3149,0.3148,0.2798,0.2731,4.1604,3.3725,0.4591,0.5207,0.3846,0.3922
frame_10204,0.0794,0.0778,0.2591,0.2587,0.1228,0.1228,1.6662,1.2208,0.0352,0.6612,0.0373,0.0289
frame_10207,0.1049,0.1024,0.2258,0.2232,0.1186,0.1172,2.1866,2.0741,0.2137,0.2353,,
frame_10208,0.116,0.1108,0.3,0.2968,0.1794,0.1744,1.4683,1.5526,0.1988,0.2004,,
frame_10211,0.1525,0.148,0.3402,0.3337,0.2588,0.2544,1.6087,1.4768,0.2435,0.2425,,
frame_10222,0.0578,0.0569,0.1142,0.1143,0.1672,0.1664,10.8233,10.5174,0.0375,0.038,,
frame_10303,0.064,0.0621,0.2976,0.2927,0.2528,0.2497,0.8427,0.8598,0.0479,0.0479,,
frame_10309,0.0235,0.0226,0.0865,0.0868,0.1402,0.1407,5.7016,5.5645,0.223,0.223,,
frame_14218,0.0984,0.0945,0.1112,0.1148,0.0428,0.0467,7.4111,7.5756,1.3689,1.4087,0.2847,0.3021
frame_14219,0.0929,0.092,0.1818,0.1826,0.0772,0.0768,6.1145,5.7496,0.6065,0.4164,0.5233,0.5641
