frame,k,coefficient,step_semichords,loop_error_default,loop_error_2x,loop_error_4x,observed_order,order_used,loop_error_at_zero_step,error_of_default_step
frame_7023,0.201,CL,0.01737,0.13809,0.138144,0.138168,1.167525,observed,0.138149,5.9e-05
frame_7023,0.201,CM,0.01737,0.35924,0.359304,0.359327,1.465082,observed,0.359313,7.3e-05
frame_7023,0.201,CD,0.01737,0.338071,0.338223,0.338285,1.306816,observed,0.338243,0.000172
frame_7101,0.15,CL,0.01939,0.097195,0.097228,0.097246,0.800791,observed,0.097221,2.6e-05
frame_7101,0.15,CM,0.01939,0.382664,0.38269,0.382707,0.67945,observed,0.382679,1.6e-05
frame_7101,0.15,CD,0.01939,0.296998,0.297077,0.297122,0.801785,observed,0.297061,6.3e-05
frame_7104,0.025,CL,0.01995,0.042037,0.042036,0.042031,,first order assumed,0.042036,1e-06
frame_7104,0.025,CM,0.01995,0.075056,0.075058,0.075038,,first order assumed,0.075058,1e-06
frame_7104,0.025,CD,0.01995,0.258938,0.258929,0.258897,,first order assumed,0.258929,9e-06
frame_7110,0.1,CL,0.01939,0.042485,0.042494,0.0425,0.669052,observed,0.04249,5e-06
frame_7110,0.1,CM,0.01939,0.12491,0.12489,0.124864,,first order assumed,0.12489,2e-05
frame_7110,0.1,CD,0.01939,0.205601,0.20559,0.205574,,first order assumed,0.20559,1.1e-05
frame_7119,0.099,CL,0.01959,0.087903,0.087874,0.087927,,first order assumed,0.087874,2.9e-05
frame_7119,0.099,CM,0.01959,0.112532,0.112571,0.112587,1.24084,observed,0.112575,4.3e-05
frame_7119,0.099,CD,0.01959,0.180655,0.180726,0.180721,,first order assumed,0.180726,7.1e-05
frame_7200,0.025,CL,0.01995,0.138569,0.138547,0.138567,,first order assumed,0.138547,2.2e-05
frame_7200,0.025,CM,0.01995,0.149112,0.148753,0.148758,,first order assumed,0.148753,0.000358
frame_7200,0.025,CD,0.01995,0.114443,0.114476,0.114465,,first order assumed,0.114476,3.3e-05
frame_7212,0.149,CL,0.01952,0.065725,0.065759,0.065777,0.940016,observed,0.065758,3.2e-05
frame_7212,0.149,CM,0.01952,0.22728,0.227287,0.227291,0.686911,observed,0.227284,4e-06
frame_7212,0.149,CD,0.01952,0.188136,0.188278,0.188364,0.737425,observed,0.188236,0.0001
frame_7305,0.151,CL,0.01926,0.085017,0.085063,0.085083,1.186696,observed,0.085068,5e-05
frame_7305,0.151,CM,0.01926,0.095722,0.095567,0.095495,1.121027,observed,0.095556,0.000166
frame_7305,0.151,CD,0.01926,0.132138,0.132244,0.132293,1.109192,observed,0.13225,0.000113
frame_9210,0.01,CL,0.01983,0.084814,0.084792,0.084768,,first order assumed,0.084792,2.2e-05
frame_9210,0.01,CM,0.01983,0.189151,0.189155,0.189142,,first order assumed,0.189155,4e-06
frame_9210,0.01,CD,0.01983,0.078461,0.078482,0.07848,,first order assumed,0.078482,2.2e-05
frame_9213,0.024,CL,0.01965,0.083014,0.083109,0.083172,0.609397,observed,0.083053,3.9e-05
frame_9213,0.024,CM,0.01965,0.100933,0.10114,0.101288,,first order assumed,0.10114,0.000207
frame_9213,0.024,CD,0.01965,0.079037,0.079139,0.079204,0.642658,observed,0.079088,5.1e-05
frame_9222,0.024,CL,0.01965,0.045636,0.045684,0.045708,1.028685,observed,0.045685,4.9e-05
frame_9222,0.024,CM,0.01965,0.138218,0.13836,0.138429,1.039762,observed,0.138364,0.000146
frame_9222,0.024,CD,0.01965,0.125693,0.125698,0.125695,,first order assumed,0.125698,5e-06
frame_9302,0.096,CL,0.01818,0.065596,0.065564,0.06561,,first order assumed,0.065564,3.2e-05
frame_9302,0.096,CM,0.01818,0.114081,0.114053,0.114141,,first order assumed,0.114053,2.7e-05
frame_9302,0.096,CD,0.01818,0.113474,0.113519,0.113554,,first order assumed,0.113519,4.5e-05
frame_10104,0.048,CL,0.01914,0.095879,0.095896,0.095914,,first order assumed,0.095896,1.7e-05
frame_10104,0.048,CM,0.01914,0.143161,0.143171,0.143186,,first order assumed,0.143171,1e-05
frame_10104,0.048,CD,0.01914,0.074511,0.074546,0.074541,,first order assumed,0.074546,3.4e-05
frame_10113,0.01,CL,0.01983,0.115901,0.115884,0.115882,2.691811,observed,0.115882,1.9e-05
frame_10113,0.01,CM,0.01983,0.196993,0.197529,0.197751,1.276202,observed,0.197595,0.000602
frame_10113,0.01,CD,0.01983,0.150601,0.150461,0.150408,1.40217,observed,0.150441,0.000161
frame_10203,0.025,CL,0.01995,0.072528,0.072537,0.072554,,first order assumed,0.072537,9e-06
frame_10203,0.025,CM,0.01995,0.457726,0.457728,0.457543,,first order assumed,0.457728,2e-06
frame_10203,0.025,CD,0.01995,0.280162,0.280151,0.280032,,first order assumed,0.280151,1e-05
frame_10212,0.198,CL,0.01763,0.208994,0.209021,0.209042,,first order assumed,0.209021,2.6e-05
frame_10212,0.198,CM,0.01763,0.334427,0.334501,0.334544,0.801514,observed,0.334486,6e-05
frame_10212,0.198,CD,0.01763,0.320791,0.320902,0.320964,0.827654,observed,0.320884,9.2e-05
frame_10218,0.01,CL,0.01983,0.030438,0.030438,0.030438,1.297751,observed,0.030438,0.0
frame_10218,0.01,CM,0.01983,0.100168,0.100167,0.100166,0.998063,observed,0.100167,1e-06
frame_10218,0.01,CD,0.01983,0.218954,0.218954,0.218954,0.924236,observed,0.218954,0.0
frame_10221,0.099,CL,0.01959,0.033941,0.033955,0.033961,0.999062,observed,0.033955,1.3e-05
frame_10221,0.099,CM,0.01959,0.120201,0.120166,0.120149,0.989666,observed,0.120166,3.4e-05
frame_10221,0.099,CD,0.01959,0.210279,0.210278,0.210277,1.113378,observed,0.210278,1e-06
frame_10305,0.099,CL,0.01959,0.021483,0.021502,0.021511,1.035015,observed,0.021502,1.9e-05
frame_10305,0.099,CM,0.01959,0.183008,0.183009,0.183011,,first order assumed,0.183009,1e-06
frame_10305,0.099,CD,0.01959,0.217601,0.217685,0.217729,0.930929,observed,0.217681,8e-05
frame_14220,0.103,CL,0.01883,0.084931,0.084925,0.084924,2.446528,observed,0.084924,7e-06
frame_14220,0.103,CM,0.01883,0.128145,0.128153,0.128156,1.527686,observed,0.128155,1e-05
frame_14220,0.103,CD,0.01883,0.084937,0.084946,0.084956,,first order assumed,0.084946,1e-05
