Tvl,Tp,cost,inputs_sha256
5.0,0.5,2.1820414981572345,834b7412f6cec370c317e795d83ea640d7b1540c991ffc029d23060e20399260
5.0,1.0,2.1226743333018567,834b7412f6cec370c317e795d83ea640d7b1540c991ffc029d23060e20399260
5.0,1.5,2.085966603432046,834b7412f6cec370c317e795d83ea640d7b1540c991ffc029d23060e20399260
5.0,1.651526,2.0793340849860042,834b7412f6cec370c317e795d83ea640d7b1540c991ffc029d23060e20399260
5.0,2.0,2.076009972929274,834b7412f6cec370c317e795d83ea640d7b1540c991ffc029d23060e20399260
5.0,2.5,2.108586389959999,834b7412f6cec370c317e795d83ea640d7b1540c991ffc029d23060e20399260
5.0,3.0,2.1735615363130916,834b7412f6cec370c317e795d83ea640d7b1540c991ffc029d23060e20399260
5.0,3.5,2.276907380069416,834b7412f6cec370c317e795d83ea640d7b1540c991ffc029d23060e20399260
6.0,0.5,2.143115295008081,834b7412f6cec370c317e795d83ea640d7b1540c991ffc029d23060e20399260
6.0,1.0,2.060791346581021,834b7412f6cec370c317e795d83ea640d7b1540c991ffc029d23060e20399260
6.0,1.5,2.0118876447925973,834b7412f6cec370c317e795d83ea640d7b1540c991ffc029d23060e20399260
6.0,1.651526,2.001751434750429,834b7412f6cec370c317e795d83ea640d7b1540c991ffc029d23060e20399260
6.0,2.0,1.9909021394896567,834b7412f6cec370c317e795d83ea640d7b1540c991ffc029d23060e20399260
6.0,2.5,2.024286370202366,834b7412f6cec370c317e795d83ea640d7b1540c991ffc029d23060e20399260
6.0,3.0,2.102973958486176,834b7412f6cec370c317e795d83ea640d7b1540c991ffc029d23060e20399260
6.0,3.5,2.218677839666375,834b7412f6cec370c317e795d83ea640d7b1540c991ffc029d23060e20399260
7.0,0.5,2.1127126439834845,834b7412f6cec370c317e795d83ea640d7b1540c991ffc029d23060e20399260
7.0,1.0,2.028414417319905,834b7412f6cec370c317e795d83ea640d7b1540c991ffc029d23060e20399260
7.0,1.5,1.9792821205059037,834b7412f6cec370c317e795d83ea640d7b1540c991ffc029d23060e20399260
7.0,1.651526,1.9675089279986808,834b7412f6cec370c317e795d83ea640d7b1540c991ffc029d23060e20399260
7.0,2.0,1.9648460080904213,834b7412f6cec370c317e795d83ea640d7b1540c991ffc029d23060e20399260
7.0,2.5,2.0069163779432038,834b7412f6cec370c317e795d83ea640d7b1540c991ffc029d23060e20399260
7.0,3.0,2.091275720464849,834b7412f6cec370c317e795d83ea640d7b1540c991ffc029d23060e20399260
7.0,3.5,2.2159017020544276,834b7412f6cec370c317e795d83ea640d7b1540c991ffc029d23060e20399260
8.0,0.5,2.051092702958102,834b7412f6cec370c317e795d83ea640d7b1540c991ffc029d23060e20399260
8.0,1.0,1.967174859210353,834b7412f6cec370c317e795d83ea640d7b1540c991ffc029d23060e20399260
8.0,1.5,1.935693104779997,834b7412f6cec370c317e795d83ea640d7b1540c991ffc029d23060e20399260
8.0,1.651526,1.9308079217348084,834b7412f6cec370c317e795d83ea640d7b1540c991ffc029d23060e20399260
8.0,2.0,1.9319356859878136,834b7412f6cec370c317e795d83ea640d7b1540c991ffc029d23060e20399260
8.0,2.5,1.9817686762263966,834b7412f6cec370c317e795d83ea640d7b1540c991ffc029d23060e20399260
8.0,3.0,2.0719607603071752,834b7412f6cec370c317e795d83ea640d7b1540c991ffc029d23060e20399260
8.0,3.5,2.1992272590872273,834b7412f6cec370c317e795d83ea640d7b1540c991ffc029d23060e20399260
8.391549,0.5,2.0274952478665123,834b7412f6cec370c317e795d83ea640d7b1540c991ffc029d23060e20399260
8.391549,1.0,1.946907390760178,834b7412f6cec370c317e795d83ea640d7b1540c991ffc029d23060e20399260
8.391549,1.5,1.910163561274208,834b7412f6cec370c317e795d83ea640d7b1540c991ffc029d23060e20399260
8.391549,1.651526,1.9057647998104383,834b7412f6cec370c317e795d83ea640d7b1540c991ffc029d23060e20399260
8.391549,2.0,1.917342692468624,834b7412f6cec370c317e795d83ea640d7b1540c991ffc029d23060e20399260
8.391549,2.5,1.980882777290078,834b7412f6cec370c317e795d83ea640d7b1540c991ffc029d23060e20399260
8.391549,3.0,2.079900427371723,834b7412f6cec370c317e795d83ea640d7b1540c991ffc029d23060e20399260
8.391549,3.5,2.213608399907216,834b7412f6cec370c317e795d83ea640d7b1540c991ffc029d23060e20399260
9.0,0.5,2.007902664809932,834b7412f6cec370c317e795d83ea640d7b1540c991ffc029d23060e20399260
9.0,1.0,1.9478542490162432,834b7412f6cec370c317e795d83ea640d7b1540c991ffc029d23060e20399260
9.0,1.5,1.936797374171859,834b7412f6cec370c317e795d83ea640d7b1540c991ffc029d23060e20399260
9.0,1.651526,1.9418975322160872,834b7412f6cec370c317e795d83ea640d7b1540c991ffc029d23060e20399260
9.0,2.0,1.9715720108593413,834b7412f6cec370c317e795d83ea640d7b1540c991ffc029d23060e20399260
9.0,2.5,2.0561826424003935,834b7412f6cec370c317e795d83ea640d7b1540c991ffc029d23060e20399260
9.0,3.0,2.1775641657683527,834b7412f6cec370c317e795d83ea640d7b1540c991ffc029d23060e20399260
9.0,3.5,2.309212685637106,834b7412f6cec370c317e795d83ea640d7b1540c991ffc029d23060e20399260
10.0,0.5,2.1068351412034287,834b7412f6cec370c317e795d83ea640d7b1540c991ffc029d23060e20399260
10.0,1.0,2.0520747002121555,834b7412f6cec370c317e795d83ea640d7b1540c991ffc029d23060e20399260
10.0,1.5,2.0415166579369566,834b7412f6cec370c317e795d83ea640d7b1540c991ffc029d23060e20399260
10.0,1.651526,2.044938306009028,834b7412f6cec370c317e795d83ea640d7b1540c991ffc029d23060e20399260
10.0,2.0,2.0658086890355554,834b7412f6cec370c317e795d83ea640d7b1540c991ffc029d23060e20399260
10.0,2.5,2.1303465903382763,834b7412f6cec370c317e795d83ea640d7b1540c991ffc029d23060e20399260
10.0,3.0,2.2246219935725744,834b7412f6cec370c317e795d83ea640d7b1540c991ffc029d23060e20399260
10.0,3.5,2.3494050808893996,834b7412f6cec370c317e795d83ea640d7b1540c991ffc029d23060e20399260
11.0,0.5,2.154748633834726,834b7412f6cec370c317e795d83ea640d7b1540c991ffc029d23060e20399260
11.0,1.0,2.1123909326553907,834b7412f6cec370c317e795d83ea640d7b1540c991ffc029d23060e20399260
11.0,1.5,2.1115053743369487,834b7412f6cec370c317e795d83ea640d7b1540c991ffc029d23060e20399260
11.0,1.651526,2.118698812029141,834b7412f6cec370c317e795d83ea640d7b1540c991ffc029d23060e20399260
11.0,2.0,2.1473843947654956,834b7412f6cec370c317e795d83ea640d7b1540c991ffc029d23060e20399260
11.0,2.5,2.212845246603803,834b7412f6cec370c317e795d83ea640d7b1540c991ffc029d23060e20399260
11.0,3.0,2.2999086729462177,834b7412f6cec370c317e795d83ea640d7b1540c991ffc029d23060e20399260
11.0,3.5,2.4169283077623973,834b7412f6cec370c317e795d83ea640d7b1540c991ffc029d23060e20399260
12.0,0.5,2.183078959491166,834b7412f6cec370c317e795d83ea640d7b1540c991ffc029d23060e20399260
12.0,1.0,2.1232030736655485,834b7412f6cec370c317e795d83ea640d7b1540c991ffc029d23060e20399260
12.0,1.5,2.1076922854203626,834b7412f6cec370c317e795d83ea640d7b1540c991ffc029d23060e20399260
12.0,1.651526,2.1084593170415227,834b7412f6cec370c317e795d83ea640d7b1540c991ffc029d23060e20399260
12.0,2.0,2.120482371615738,834b7412f6cec370c317e795d83ea640d7b1540c991ffc029d23060e20399260
12.0,2.5,2.1780743828812765,834b7412f6cec370c317e795d83ea640d7b1540c991ffc029d23060e20399260
12.0,3.0,2.2637178368842457,834b7412f6cec370c317e795d83ea640d7b1540c991ffc029d23060e20399260
12.0,3.5,2.377115437680676,834b7412f6cec370c317e795d83ea640d7b1540c991ffc029d23060e20399260
13.0,0.5,2.149302562788664,834b7412f6cec370c317e795d83ea640d7b1540c991ffc029d23060e20399260
13.0,1.0,2.096735207145312,834b7412f6cec370c317e795d83ea640d7b1540c991ffc029d23060e20399260
13.0,1.5,2.093034072155589,834b7412f6cec370c317e795d83ea640d7b1540c991ffc029d23060e20399260
13.0,1.651526,2.0917784765198673,834b7412f6cec370c317e795d83ea640d7b1540c991ffc029d23060e20399260
13.0,2.0,2.103157034199523,834b7412f6cec370c317e795d83ea640d7b1540c991ffc029d23060e20399260
13.0,2.5,2.158018458225104,834b7412f6cec370c317e795d83ea640d7b1540c991ffc029d23060e20399260
13.0,3.0,2.2419164226929147,834b7412f6cec370c317e795d83ea640d7b1540c991ffc029d23060e20399260
13.0,3.5,2.353637239987679,834b7412f6cec370c317e795d83ea640d7b1540c991ffc029d23060e20399260
