alpha_mean_deg,alpha_amp_deg,M,k,CL_max,CM_min,CD_max,cycle_damping,inputs_sha256
4.0,5.0,0.3,0.01,1.0066,-0.006,0.0218,0.01666,e6c7a48782896b5d6188c13c18ffbcdc8d7b40f043fd3832731d89fad134bc29
4.0,5.0,0.3,0.02,1.0041,-0.0068,0.0218,0.0332,e6c7a48782896b5d6188c13c18ffbcdc8d7b40f043fd3832731d89fad134bc29
4.0,5.0,0.3,0.03,0.9999,-0.0078,0.0218,0.04953,e6c7a48782896b5d6188c13c18ffbcdc8d7b40f043fd3832731d89fad134bc29
4.0,5.0,0.3,0.04,0.9944,-0.0088,0.0219,0.06555,e6c7a48782896b5d6188c13c18ffbcdc8d7b40f043fd3832731d89fad134bc29
4.0,5.0,0.3,0.05,0.9879,-0.0099,0.022,0.08121,e6c7a48782896b5d6188c13c18ffbcdc8d7b40f043fd3832731d89fad134bc29
4.0,5.0,0.3,0.06,0.9806,-0.0109,0.0221,0.09649,e6c7a48782896b5d6188c13c18ffbcdc8d7b40f043fd3832731d89fad134bc29
4.0,5.0,0.3,0.07,0.9729,-0.012,0.0223,0.11135,e6c7a48782896b5d6188c13c18ffbcdc8d7b40f043fd3832731d89fad134bc29
4.0,5.0,0.3,0.08,0.965,-0.0131,0.0225,0.1258,e6c7a48782896b5d6188c13c18ffbcdc8d7b40f043fd3832731d89fad134bc29
4.0,5.0,0.3,0.09,0.957,-0.0141,0.0227,0.13984,e6c7a48782896b5d6188c13c18ffbcdc8d7b40f043fd3832731d89fad134bc29
4.0,5.0,0.3,0.1,0.949,-0.0152,0.023,0.1535,e6c7a48782896b5d6188c13c18ffbcdc8d7b40f043fd3832731d89fad134bc29
4.0,5.0,0.3,0.11,0.9411,-0.0162,0.0233,0.16678,e6c7a48782896b5d6188c13c18ffbcdc8d7b40f043fd3832731d89fad134bc29
4.0,5.0,0.3,0.12,0.9334,-0.0173,0.0237,0.1797,e6c7a48782896b5d6188c13c18ffbcdc8d7b40f043fd3832731d89fad134bc29
4.0,5.0,0.3,0.13,0.926,-0.0183,0.0241,0.19229,e6c7a48782896b5d6188c13c18ffbcdc8d7b40f043fd3832731d89fad134bc29
4.0,5.0,0.3,0.14,0.9188,-0.0193,0.0245,0.20455,e6c7a48782896b5d6188c13c18ffbcdc8d7b40f043fd3832731d89fad134bc29
4.0,5.0,0.3,0.15,0.9119,-0.0202,0.025,0.21649,e6c7a48782896b5d6188c13c18ffbcdc8d7b40f043fd3832731d89fad134bc29
4.0,5.0,0.3,0.16,0.9053,-0.0212,0.0254,0.22814,e6c7a48782896b5d6188c13c18ffbcdc8d7b40f043fd3832731d89fad134bc29
4.0,5.0,0.3,0.17,0.899,-0.0222,0.0259,0.23952,e6c7a48782896b5d6188c13c18ffbcdc8d7b40f043fd3832731d89fad134bc29
4.0,5.0,0.3,0.18,0.8931,-0.0231,0.0264,0.25063,e6c7a48782896b5d6188c13c18ffbcdc8d7b40f043fd3832731d89fad134bc29
4.0,5.0,0.3,0.19,0.8873,-0.024,0.0269,0.26149,e6c7a48782896b5d6188c13c18ffbcdc8d7b40f043fd3832731d89fad134bc29
4.0,5.0,0.3,0.2,0.8819,-0.0249,0.0274,0.27212,e6c7a48782896b5d6188c13c18ffbcdc8d7b40f043fd3832731d89fad134bc29
4.0,5.0,0.3,0.202,0.8808,-0.0251,0.0275,0.27421,e6c7a48782896b5d6188c13c18ffbcdc8d7b40f043fd3832731d89fad134bc29
4.5,5.0,0.3,0.01,1.0623,-0.0058,0.0234,0.01692,e6c7a48782896b5d6188c13c18ffbcdc8d7b40f043fd3832731d89fad134bc29
4.5,5.0,0.3,0.02,1.0602,-0.0066,0.0234,0.03372,e6c7a48782896b5d6188c13c18ffbcdc8d7b40f043fd3832731d89fad134bc29
4.5,5.0,0.3,0.03,1.0566,-0.0076,0.0235,0.05029,e6c7a48782896b5d6188c13c18ffbcdc8d7b40f043fd3832731d89fad134bc29
4.5,5.0,0.3,0.04,1.0516,-0.0086,0.0235,0.06655,e6c7a48782896b5d6188c13c18ffbcdc8d7b40f043fd3832731d89fad134bc29
4.5,5.0,0.3,0.05,1.0454,-0.0096,0.0236,0.08244,e6c7a48782896b5d6188c13c18ffbcdc8d7b40f043fd3832731d89fad134bc29
4.5,5.0,0.3,0.06,1.0383,-0.0106,0.0238,0.09792,e6c7a48782896b5d6188c13c18ffbcdc8d7b40f043fd3832731d89fad134bc29
4.5,5.0,0.3,0.07,1.0308,-0.0117,0.024,0.11296,e6c7a48782896b5d6188c13c18ffbcdc8d7b40f043fd3832731d89fad134bc29
4.5,5.0,0.3,0.08,1.0228,-0.0127,0.0242,0.12758,e6c7a48782896b5d6188c13c18ffbcdc8d7b40f043fd3832731d89fad134bc29
4.5,5.0,0.3,0.09,1.0148,-0.0138,0.0245,0.14176,e6c7a48782896b5d6188c13c18ffbcdc8d7b40f043fd3832731d89fad134bc29
4.5,5.0,0.3,0.1,1.0068,-0.0148,0.0248,0.15554,e6c7a48782896b5d6188c13c18ffbcdc8d7b40f043fd3832731d89fad134bc29
4.5,5.0,0.3,0.11,0.999,-0.0159,0.0251,0.16893,e6c7a48782896b5d6188c13c18ffbcdc8d7b40f043fd3832731d89fad134bc29
4.5,5.0,0.3,0.12,0.9914,-0.0169,0.0255,0.18196,e6c7a48782896b5d6188c13c18ffbcdc8d7b40f043fd3832731d89fad134bc29
4.5,5.0,0.3,0.13,0.9841,-0.0179,0.0259,0.19465,e6c7a48782896b5d6188c13c18ffbcdc8d7b40f043fd3832731d89fad134bc29
4.5,5.0,0.3,0.14,0.977,-0.0189,0.0264,0.20702,e6c7a48782896b5d6188c13c18ffbcdc8d7b40f043fd3832731d89fad134bc29
4.5,5.0,0.3,0.15,0.9703,-0.0198,0.0268,0.21908,e6c7a48782896b5d6188c13c18ffbcdc8d7b40f043fd3832731d89fad134bc29
4.5,5.0,0.3,0.16,0.9637,-0.0208,0.0273,0.23085,e6c7a48782896b5d6188c13c18ffbcdc8d7b40f043fd3832731d89fad134bc29
4.5,5.0,0.3,0.17,0.9575,-0.0217,0.0278,0.24233,e6c7a48782896b5d6188c13c18ffbcdc8d7b40f043fd3832731d89fad134bc29
4.5,5.0,0.3,0.18,0.9515,-0.0227,0.0284,0.25354,e6c7a48782896b5d6188c13c18ffbcdc8d7b40f043fd3832731d89fad134bc29
4.5,5.0,0.3,0.19,0.9458,-0.0236,0.0289,0.26448,e6c7a48782896b5d6188c13c18ffbcdc8d7b40f043fd3832731d89fad134bc29
4.5,5.0,0.3,0.2,0.9404,-0.0245,0.0295,0.27516,e6c7a48782896b5d6188c13c18ffbcdc8d7b40f043fd3832731d89fad134bc29
4.5,5.0,0.3,0.202,0.9393,-0.0246,0.0296,0.27726,e6c7a48782896b5d6188c13c18ffbcdc8d7b40f043fd3832731d89fad134bc29
5.0,5.0,0.3,0.01,1.1132,-0.0056,0.0251,0.01719,e6c7a48782896b5d6188c13c18ffbcdc8d7b40f043fd3832731d89fad134bc29
5.0,5.0,0.3,0.02,1.1124,-0.0064,0.0251,0.03424,e6c7a48782896b5d6188c13c18ffbcdc8d7b40f043fd3832731d89fad134bc29
5.0,5.0,0.3,0.03,1.11,-0.0073,0.0252,0.05105,e6c7a48782896b5d6188c13c18ffbcdc8d7b40f043fd3832731d89fad134bc29
5.0,5.0,0.3,0.04,1.106,-0.0083,0.0253,0.06753,e6c7a48782896b5d6188c13c18ffbcdc8d7b40f043fd3832731d89fad134bc29
5.0,5.0,0.3,0.05,1.1007,-0.0093,0.0254,0.08361,e6c7a48782896b5d6188c13c18ffbcdc8d7b40f043fd3832731d89fad134bc29
5.0,5.0,0.3,0.06,1.0944,-0.0103,0.0256,0.09926,e6c7a48782896b5d6188c13c18ffbcdc8d7b40f043fd3832731d89fad134bc29
5.0,5.0,0.3,0.07,1.0874,-0.0113,0.0257,0.11446,e6c7a48782896b5d6188c13c18ffbcdc8d7b40f043fd3832731d89fad134bc29
5.0,5.0,0.3,0.08,1.08,-0.0123,0.026,0.12922,e6c7a48782896b5d6188c13c18ffbcdc8d7b40f043fd3832731d89fad134bc29
5.0,5.0,0.3,0.09,1.0723,-0.0134,0.0263,0.14355,e6c7a48782896b5d6188c13c18ffbcdc8d7b40f043fd3832731d89fad134bc29
5.0,5.0,0.3,0.1,1.0646,-0.0144,0.0266,0.15746,e6c7a48782896b5d6188c13c18ffbcdc8d7b40f043fd3832731d89fad134bc29
5.0,5.0,0.3,0.11,1.057,-0.0154,0.027,0.17097,e6c7a48782896b5d6188c13c18ffbcdc8d7b40f043fd3832731d89fad134bc29
5.0,5.0,0.3,0.12,1.0494,-0.0164,0.0274,0.18411,e6c7a48782896b5d6188c13c18ffbcdc8d7b40f043fd3832731d89fad134bc29
5.0,5.0,0.3,0.13,1.0421,-0.0174,0.0278,0.19689,e6c7a48782896b5d6188c13c18ffbcdc8d7b40f043fd3832731d89fad134bc29
5.0,5.0,0.3,0.14,1.0351,-0.0183,0.0283,0.20933,e6c7a48782896b5d6188c13c18ffbcdc8d7b40f043fd3832731d89fad134bc29
5.0,5.0,0.3,0.15,1.0283,-0.0193,0.0288,0.22145,e6c7a48782896b5d6188c13c18ffbcdc8d7b40f043fd3832731d89fad134bc29
5.0,5.0,0.3,0.16,1.0218,-0.0202,0.0293,0.23326,e6c7a48782896b5d6188c13c18ffbcdc8d7b40f043fd3832731d89fad134bc29
5.0,5.0,0.3,0.17,1.0156,-0.0211,0.0299,0.24478,e6c7a48782896b5d6188c13c18ffbcdc8d7b40f043fd3832731d89fad134bc29
5.0,5.0,0.3,0.18,1.0098,-0.022,0.0304,0.25601,e6c7a48782896b5d6188c13c18ffbcdc8d7b40f043fd3832731d89fad134bc29
5.0,5.0,0.3,0.19,1.0041,-0.0229,0.031,0.26697,e6c7a48782896b5d6188c13c18ffbcdc8d7b40f043fd3832731d89fad134bc29
5.0,5.0,0.3,0.2,0.9987,-0.0238,0.0316,0.27767,e6c7a48782896b5d6188c13c18ffbcdc8d7b40f043fd3832731d89fad134bc29
5.0,5.0,0.3,0.202,0.9977,-0.024,0.0317,0.27978,e6c7a48782896b5d6188c13c18ffbcdc8d7b40f043fd3832731d89fad134bc29
5.5,5.0,0.3,0.01,1.1559,-0.0055,0.0267,0.01749,e6c7a48782896b5d6188c13c18ffbcdc8d7b40f043fd3832731d89fad134bc29
5.5,5.0,0.3,0.02,1.1571,-0.0062,0.0268,0.03483,e6c7a48782896b5d6188c13c18ffbcdc8d7b40f043fd3832731d89fad134bc29
5.5,5.0,0.3,0.03,1.1572,-0.007,0.0269,0.05191,e6c7a48782896b5d6188c13c18ffbcdc8d7b40f043fd3832731d89fad134bc29
5.5,5.0,0.3,0.04,1.1556,-0.0079,0.0271,0.06862,e6c7a48782896b5d6188c13c18ffbcdc8d7b40f043fd3832731d89fad134bc29
5.5,5.0,0.3,0.05,1.1523,-0.0089,0.0272,0.08489,e6c7a48782896b5d6188c13c18ffbcdc8d7b40f043fd3832731d89fad134bc29
5.5,5.0,0.3,0.06,1.1474,-0.0099,0.0274,0.10071,e6c7a48782896b5d6188c13c18ffbcdc8d7b40f043fd3832731d89fad134bc29
5.5,5.0,0.3,0.07,1.1415,-0.0109,0.0276,0.11605,e6c7a48782896b5d6188c13c18ffbcdc8d7b40f043fd3832731d89fad134bc29
5.5,5.0,0.3,0.08,1.135,-0.0118,0.0279,0.13091,e6c7a48782896b5d6188c13c18ffbcdc8d7b40f043fd3832731d89fad134bc29
5.5,5.0,0.3,0.09,1.1281,-0.0128,0.0282,0.14532,e6c7a48782896b5d6188c13c18ffbcdc8d7b40f043fd3832731d89fad134bc29
5.5,5.0,0.3,0.1,1.121,-0.0138,0.0285,0.1593,e6c7a48782896b5d6188c13c18ffbcdc8d7b40f043fd3832731d89fad134bc29
5.5,5.0,0.3,0.11,1.1139,-0.0148,0.0289,0.17286,e6c7a48782896b5d6188c13c18ffbcdc8d7b40f043fd3832731d89fad134bc29
5.5,5.0,0.3,0.12,1.1067,-0.0158,0.0293,0.18604,e6c7a48782896b5d6188c13c18ffbcdc8d7b40f043fd3832731d89fad134bc29
5.5,5.0,0.3,0.13,1.0997,-0.0167,0.0298,0.19885,e6c7a48782896b5d6188c13c18ffbcdc8d7b40f043fd3832731d89fad134bc29
5.5,5.0,0.3,0.14,1.0929,-0.0177,0.0303,0.21131,e6c7a48782896b5d6188c13c18ffbcdc8d7b40f043fd3832731d89fad134bc29
5.5,5.0,0.3,0.15,1.0863,-0.0186,0.0308,0.22344,e6c7a48782896b5d6188c13c18ffbcdc8d7b40f043fd3832731d89fad134bc29
5.5,5.0,0.3,0.16,1.0799,-0.0195,0.0314,0.23525,e6c7a48782896b5d6188c13c18ffbcdc8d7b40f043fd3832731d89fad134bc29
5.5,5.0,0.3,0.17,1.0738,-0.0204,0.032,0.24677,e6c7a48782896b5d6188c13c18ffbcdc8d7b40f043fd3832731d89fad134bc29
5.5,5.0,0.3,0.18,1.0679,-0.0213,0.0326,0.258,e6c7a48782896b5d6188c13c18ffbcdc8d7b40f043fd3832731d89fad134bc29
5.5,5.0,0.3,0.19,1.0623,-0.0222,0.0332,0.26895,e6c7a48782896b5d6188c13c18ffbcdc8d7b40f043fd3832731d89fad134bc29
5.5,5.0,0.3,0.2,1.0569,-0.023,0.0338,0.27964,e6c7a48782896b5d6188c13c18ffbcdc8d7b40f043fd3832731d89fad134bc29
5.5,5.0,0.3,0.202,1.0558,-0.0232,0.034,0.28175,e6c7a48782896b5d6188c13c18ffbcdc8d7b40f043fd3832731d89fad134bc29
6.0,5.0,0.3,0.01,1.1937,-0.0052,0.0284,0.01787,e6c7a48782896b5d6188c13c18ffbcdc8d7b40f043fd3832731d89fad134bc29
6.0,5.0,0.3,0.02,1.1957,-0.0059,0.0285,0.03557,e6c7a48782896b5d6188c13c18ffbcdc8d7b40f043fd3832731d89fad134bc29
6.0,5.0,0.3,0.03,1.1978,-0.0066,0.0287,0.05296,e6c7a48782896b5d6188c13c18ffbcdc8d7b40f043fd3832731d89fad134bc29
6.0,5.0,0.3,0.04,1.1986,-0.0075,0.0289,0.06994,e6c7a48782896b5d6188c13c18ffbcdc8d7b40f043fd3832731d89fad134bc29
6.0,5.0,0.3,0.05,1.1977,-0.0084,0.0291,0.08643,e6c7a48782896b5d6188c13c18ffbcdc8d7b40f043fd3832731d89fad134bc29
6.0,5.0,0.3,0.06,1.1952,-0.0094,0.0293,0.10239,e6c7a48782896b5d6188c13c18ffbcdc8d7b40f043fd3832731d89fad134bc29
6.0,5.0,0.3,0.07,1.1915,-0.0103,0.0296,0.11783,e6c7a48782896b5d6188c13c18ffbcdc8d7b40f043fd3832731d89fad134bc29
6.0,5.0,0.3,0.08,1.1867,-0.0112,0.0298,0.13275,e6c7a48782896b5d6188c13c18ffbcdc8d7b40f043fd3832731d89fad134bc29
6.0,5.0,0.3,0.09,1.1811,-0.0122,0.0302,0.14718,e6c7a48782896b5d6188c13c18ffbcdc8d7b40f043fd3832731d89fad134bc29
6.0,5.0,0.3,0.1,1.175,-0.0131,0.0305,0.16115,e6c7a48782896b5d6188c13c18ffbcdc8d7b40f043fd3832731d89fad134bc29
6.0,5.0,0.3,0.11,1.1687,-0.0141,0.0309,0.17468,e6c7a48782896b5d6188c13c18ffbcdc8d7b40f043fd3832731d89fad134bc29
6.0,5.0,0.3,0.12,1.1622,-0.015,0.0314,0.18782,e6c7a48782896b5d6188c13c18ffbcdc8d7b40f043fd3832731d89fad134bc29
6.0,5.0,0.3,0.13,1.1558,-0.0159,0.0319,0.20059,e6c7a48782896b5d6188c13c18ffbcdc8d7b40f043fd3832731d89fad134bc29
6.0,5.0,0.3,0.14,1.1495,-0.0169,0.0324,0.21301,e6c7a48782896b5d6188c13c18ffbcdc8d7b40f043fd3832731d89fad134bc29
6.0,5.0,0.3,0.15,1.1433,-0.0178,0.033,0.22511,e6c7a48782896b5d6188c13c18ffbcdc8d7b40f043fd3832731d89fad134bc29
6.0,5.0,0.3,0.16,1.1372,-0.0187,0.0336,0.2369,e6c7a48782896b5d6188c13c18ffbcdc8d7b40f043fd3832731d89fad134bc29
6.0,5.0,0.3,0.17,1.1313,-0.0196,0.0342,0.24838,e6c7a48782896b5d6188c13c18ffbcdc8d7b40f043fd3832731d89fad134bc29
6.0,5.0,0.3,0.18,1.1257,-0.0205,0.0348,0.25958,e6c7a48782896b5d6188c13c18ffbcdc8d7b40f043fd3832731d89fad134bc29
6.0,5.0,0.3,0.19,1.1202,-0.0214,0.0355,0.2705,e6c7a48782896b5d6188c13c18ffbcdc8d7b40f043fd3832731d89fad134bc29
6.0,5.0,0.3,0.2,1.1149,-0.0222,0.0361,0.28114,e6c7a48782896b5d6188c13c18ffbcdc8d7b40f043fd3832731d89fad134bc29
6.0,5.0,0.3,0.202,1.1138,-0.0224,0.0363,0.28324,e6c7a48782896b5d6188c13c18ffbcdc8d7b40f043fd3832731d89fad134bc29
6.5,5.0,0.3,0.01,1.2407,-0.005,0.0302,0.01827,e6c7a48782896b5d6188c13c18ffbcdc8d7b40f043fd3832731d89fad134bc29
6.5,5.0,0.3,0.02,1.2402,-0.0055,0.0303,0.03636,e6c7a48782896b5d6188c13c18ffbcdc8d7b40f043fd3832731d89fad134bc29
6.5,5.0,0.3,0.03,1.2404,-0.0062,0.0304,0.05411,e6c7a48782896b5d6188c13c18ffbcdc8d7b40f043fd3832731d89fad134bc29
6.5,5.0,0.3,0.04,1.2406,-0.007,0.0307,0.0714,e6c7a48782896b5d6188c13c18ffbcdc8d7b40f043fd3832731d89fad134bc29
6.5,5.0,0.3,0.05,1.2403,-0.0079,0.0309,0.08816,e6c7a48782896b5d6188c13c18ffbcdc8d7b40f043fd3832731d89fad134bc29
6.5,5.0,0.3,0.06,1.239,-0.0087,0.0312,0.10433,e6c7a48782896b5d6188c13c18ffbcdc8d7b40f043fd3832731d89fad134bc29
6.5,5.0,0.3,0.07,1.2367,-0.0096,0.0315,0.11991,e6c7a48782896b5d6188c13c18ffbcdc8d7b40f043fd3832731d89fad134bc29
6.5,5.0,0.3,0.08,1.2336,-0.0105,0.0319,0.13492,e6c7a48782896b5d6188c13c18ffbcdc8d7b40f043fd3832731d89fad134bc29
6.5,5.0,0.3,0.09,1.2298,-0.0114,0.0322,0.14937,e6c7a48782896b5d6188c13c18ffbcdc8d7b40f043fd3832731d89fad134bc29
6.5,5.0,0.3,0.1,1.2254,-0.0123,0.0326,0.16332,e6c7a48782896b5d6188c13c18ffbcdc8d7b40f043fd3832731d89fad134bc29
6.5,5.0,0.3,0.11,1.2204,-0.0133,0.0331,0.1768,e6c7a48782896b5d6188c13c18ffbcdc8d7b40f043fd3832731d89fad134bc29
6.5,5.0,0.3,0.12,1.2151,-0.0142,0.0335,0.18986,e6c7a48782896b5d6188c13c18ffbcdc8d7b40f043fd3832731d89fad134bc29
6.5,5.0,0.3,0.13,1.2096,-0.0151,0.0341,0.20253,e6c7a48782896b5d6188c13c18ffbcdc8d7b40f043fd3832731d89fad134bc29
6.5,5.0,0.3,0.14,1.204,-0.0161,0.0346,0.21483,e6c7a48782896b5d6188c13c18ffbcdc8d7b40f043fd3832731d89fad134bc29
6.5,5.0,0.3,0.15,1.1984,-0.017,0.0352,0.2268,e6c7a48782896b5d6188c13c18ffbcdc8d7b40f043fd3832731d89fad134bc29
6.5,5.0,0.3,0.16,1.1929,-0.0178,0.0358,0.23845,e6c7a48782896b5d6188c13c18ffbcdc8d7b40f043fd3832731d89fad134bc29
6.5,5.0,0.3,0.17,1.1875,-0.0187,0.0365,0.2498,e6c7a48782896b5d6188c13c18ffbcdc8d7b40f043fd3832731d89fad134bc29
6.5,5.0,0.3,0.18,1.1822,-0.0196,0.0371,0.26087,e6c7a48782896b5d6188c13c18ffbcdc8d7b40f043fd3832731d89fad134bc29
6.5,5.0,0.3,0.19,1.177,-0.0204,0.0378,0.27166,e6c7a48782896b5d6188c13c18ffbcdc8d7b40f043fd3832731d89fad134bc29
6.5,5.0,0.3,0.2,1.172,-0.0212,0.0385,0.2822,e6c7a48782896b5d6188c13c18ffbcdc8d7b40f043fd3832731d89fad134bc29
6.5,5.0,0.3,0.202,1.171,-0.0214,0.0387,0.28427,e6c7a48782896b5d6188c13c18ffbcdc8d7b40f043fd3832731d89fad134bc29
7.0,5.0,0.3,0.01,1.2933,-0.0046,0.0348,0.01872,e6c7a48782896b5d6188c13c18ffbcdc8d7b40f043fd3832731d89fad134bc29
7.0,5.0,0.3,0.02,1.2923,-0.0051,0.0347,0.03722,e6c7a48782896b5d6188c13c18ffbcdc8d7b40f043fd3832731d89fad134bc29
7.0,5.0,0.3,0.03,1.293,-0.0057,0.0349,0.0553,e6c7a48782896b5d6188c13c18ffbcdc8d7b40f043fd3832731d89fad134bc29
7.0,5.0,0.3,0.04,1.2922,-0.0064,0.0346,0.07278,e6c7a48782896b5d6188c13c18ffbcdc8d7b40f043fd3832731d89fad134bc29
7.0,5.0,0.3,0.05,1.2893,-0.0072,0.0337,0.08969,e6c7a48782896b5d6188c13c18ffbcdc8d7b40f043fd3832731d89fad134bc29
7.0,5.0,0.3,0.06,1.2853,-0.008,0.0332,0.1061,e6c7a48782896b5d6188c13c18ffbcdc8d7b40f043fd3832731d89fad134bc29
7.0,5.0,0.3,0.07,1.2829,-0.0088,0.0335,0.12214,e6c7a48782896b5d6188c13c18ffbcdc8d7b40f043fd3832731d89fad134bc29
7.0,5.0,0.3,0.08,1.2799,-0.0097,0.0339,0.13727,e6c7a48782896b5d6188c13c18ffbcdc8d7b40f043fd3832731d89fad134bc29
7.0,5.0,0.3,0.09,1.2765,-0.0106,0.0343,0.15181,e6c7a48782896b5d6188c13c18ffbcdc8d7b40f043fd3832731d89fad134bc29
7.0,5.0,0.3,0.1,1.2727,-0.0115,0.0348,0.1658,e6c7a48782896b5d6188c13c18ffbcdc8d7b40f043fd3832731d89fad134bc29
7.0,5.0,0.3,0.11,1.2686,-0.0124,0.0352,0.17927,e6c7a48782896b5d6188c13c18ffbcdc8d7b40f043fd3832731d89fad134bc29
7.0,5.0,0.3,0.12,1.2643,-0.0133,0.0357,0.19227,e6c7a48782896b5d6188c13c18ffbcdc8d7b40f043fd3832731d89fad134bc29
7.0,5.0,0.3,0.13,1.2598,-0.0142,0.0363,0.20485,e6c7a48782896b5d6188c13c18ffbcdc8d7b40f043fd3832731d89fad134bc29
7.0,5.0,0.3,0.14,1.2552,-0.015,0.0369,0.21702,e6c7a48782896b5d6188c13c18ffbcdc8d7b40f043fd3832731d89fad134bc29
7.0,5.0,0.3,0.15,1.2505,-0.0159,0.0375,0.22884,e6c7a48782896b5d6188c13c18ffbcdc8d7b40f043fd3832731d89fad134bc29
7.0,5.0,0.3,0.16,1.2457,-0.0167,0.0382,0.24033,e6c7a48782896b5d6188c13c18ffbcdc8d7b40f043fd3832731d89fad134bc29
7.0,5.0,0.3,0.17,1.2409,-0.0175,0.0388,0.25151,e6c7a48782896b5d6188c13c18ffbcdc8d7b40f043fd3832731d89fad134bc29
7.0,5.0,0.3,0.18,1.2362,-0.0183,0.0395,0.2624,e6c7a48782896b5d6188c13c18ffbcdc8d7b40f043fd3832731d89fad134bc29
7.0,5.0,0.3,0.19,1.2314,-0.0191,0.0403,0.27303,e6c7a48782896b5d6188c13c18ffbcdc8d7b40f043fd3832731d89fad134bc29
7.0,5.0,0.3,0.2,1.2268,-0.0198,0.041,0.2834,e6c7a48782896b5d6188c13c18ffbcdc8d7b40f043fd3832731d89fad134bc29
7.0,5.0,0.3,0.202,1.2259,-0.02,0.0412,0.28545,e6c7a48782896b5d6188c13c18ffbcdc8d7b40f043fd3832731d89fad134bc29
7.5,5.0,0.3,0.01,1.3342,-0.0042,0.0432,0.01935,e6c7a48782896b5d6188c13c18ffbcdc8d7b40f043fd3832731d89fad134bc29
7.5,5.0,0.3,0.02,1.3374,-0.0045,0.0433,0.03841,e6c7a48782896b5d6188c13c18ffbcdc8d7b40f043fd3832731d89fad134bc29
7.5,5.0,0.3,0.03,1.3398,-0.0051,0.0431,0.05694,e6c7a48782896b5d6188c13c18ffbcdc8d7b40f043fd3832731d89fad134bc29
7.5,5.0,0.3,0.04,1.3438,-0.0057,0.0429,0.07479,e6c7a48782896b5d6188c13c18ffbcdc8d7b40f043fd3832731d89fad134bc29
7.5,5.0,0.3,0.05,1.3446,-0.0064,0.0426,0.09184,e6c7a48782896b5d6188c13c18ffbcdc8d7b40f043fd3832731d89fad134bc29
7.5,5.0,0.3,0.06,1.3433,-0.0072,0.0418,0.10798,e6c7a48782896b5d6188c13c18ffbcdc8d7b40f043fd3832731d89fad134bc29
7.5,5.0,0.3,0.07,1.3403,-0.008,0.0407,0.12335,e6c7a48782896b5d6188c13c18ffbcdc8d7b40f043fd3832731d89fad134bc29
7.5,5.0,0.3,0.08,1.3358,-0.0089,0.0393,0.13804,e6c7a48782896b5d6188c13c18ffbcdc8d7b40f043fd3832731d89fad134bc29
7.5,5.0,0.3,0.09,1.3302,-0.0097,0.0379,0.15258,e6c7a48782896b5d6188c13c18ffbcdc8d7b40f043fd3832731d89fad134bc29
7.5,5.0,0.3,0.1,1.3239,-0.0105,0.0369,0.16634,e6c7a48782896b5d6188c13c18ffbcdc8d7b40f043fd3832731d89fad134bc29
7.5,5.0,0.3,0.11,1.3173,-0.0113,0.0375,0.18017,e6c7a48782896b5d6188c13c18ffbcdc8d7b40f043fd3832731d89fad134bc29
7.5,5.0,0.3,0.12,1.3131,-0.0121,0.038,0.19401,e6c7a48782896b5d6188c13c18ffbcdc8d7b40f043fd3832731d89fad134bc29
7.5,5.0,0.3,0.13,1.3088,-0.0129,0.0386,0.20741,e6c7a48782896b5d6188c13c18ffbcdc8d7b40f043fd3832731d89fad134bc29
7.5,5.0,0.3,0.14,1.3044,-0.0137,0.0392,0.21955,e6c7a48782896b5d6188c13c18ffbcdc8d7b40f043fd3832731d89fad134bc29
7.5,5.0,0.3,0.15,1.3001,-0.0145,0.0399,0.23132,e6c7a48782896b5d6188c13c18ffbcdc8d7b40f043fd3832731d89fad134bc29
7.5,5.0,0.3,0.16,1.2957,-0.0152,0.0406,0.24273,e6c7a48782896b5d6188c13c18ffbcdc8d7b40f043fd3832731d89fad134bc29
7.5,5.0,0.3,0.17,1.2914,-0.016,0.0413,0.25382,e6c7a48782896b5d6188c13c18ffbcdc8d7b40f043fd3832731d89fad134bc29
7.5,5.0,0.3,0.18,1.2872,-0.0167,0.042,0.2646,e6c7a48782896b5d6188c13c18ffbcdc8d7b40f043fd3832731d89fad134bc29
7.5,5.0,0.3,0.19,1.283,-0.0174,0.0428,0.27509,e6c7a48782896b5d6188c13c18ffbcdc8d7b40f043fd3832731d89fad134bc29
7.5,5.0,0.3,0.2,1.2788,-0.0181,0.0436,0.28529,e6c7a48782896b5d6188c13c18ffbcdc8d7b40f043fd3832731d89fad134bc29
7.5,5.0,0.3,0.202,1.278,-0.0183,0.0437,0.28729,e6c7a48782896b5d6188c13c18ffbcdc8d7b40f043fd3832731d89fad134bc29
8.0,5.0,0.3,0.01,1.3563,-0.0035,0.0559,0.02039,e6c7a48782896b5d6188c13c18ffbcdc8d7b40f043fd3832731d89fad134bc29
8.0,5.0,0.3,0.02,1.3666,-0.0038,0.0564,0.04024,e6c7a48782896b5d6188c13c18ffbcdc8d7b40f043fd3832731d89fad134bc29
8.0,5.0,0.3,0.03,1.3769,-0.0043,0.0564,0.05933,e6c7a48782896b5d6188c13c18ffbcdc8d7b40f043fd3832731d89fad134bc29
8.0,5.0,0.3,0.04,1.3801,-0.0049,0.0554,0.07739,e6c7a48782896b5d6188c13c18ffbcdc8d7b40f043fd3832731d89fad134bc29
8.0,5.0,0.3,0.05,1.3901,-0.0056,0.0531,0.09466,e6c7a48782896b5d6188c13c18ffbcdc8d7b40f043fd3832731d89fad134bc29
8.0,5.0,0.3,0.06,1.3925,-0.0063,0.0535,0.11116,e6c7a48782896b5d6188c13c18ffbcdc8d7b40f043fd3832731d89fad134bc29
8.0,5.0,0.3,0.07,1.3922,-0.0071,0.0517,0.12637,e6c7a48782896b5d6188c13c18ffbcdc8d7b40f043fd3832731d89fad134bc29
8.0,5.0,0.3,0.08,1.3903,-0.0078,0.0498,0.14056,e6c7a48782896b5d6188c13c18ffbcdc8d7b40f043fd3832731d89fad134bc29
8.0,5.0,0.3,0.09,1.387,-0.0085,0.0479,0.15413,e6c7a48782896b5d6188c13c18ffbcdc8d7b40f043fd3832731d89fad134bc29
8.0,5.0,0.3,0.1,1.3825,-0.0093,0.0461,0.16735,e6c7a48782896b5d6188c13c18ffbcdc8d7b40f043fd3832731d89fad134bc29
8.0,5.0,0.3,0.11,1.3774,-0.01,0.0445,0.18056,e6c7a48782896b5d6188c13c18ffbcdc8d7b40f043fd3832731d89fad134bc29
8.0,5.0,0.3,0.12,1.3716,-0.0107,0.0429,0.19381,e6c7a48782896b5d6188c13c18ffbcdc8d7b40f043fd3832731d89fad134bc29
8.0,5.0,0.3,0.13,1.3657,-0.0114,0.0414,0.20604,e6c7a48782896b5d6188c13c18ffbcdc8d7b40f043fd3832731d89fad134bc29
8.0,5.0,0.3,0.14,1.3594,-0.0121,0.0416,0.2181,e6c7a48782896b5d6188c13c18ffbcdc8d7b40f043fd3832731d89fad134bc29
8.0,5.0,0.3,0.15,1.3531,-0.0128,0.0423,0.23001,e6c7a48782896b5d6188c13c18ffbcdc8d7b40f043fd3832731d89fad134bc29
8.0,5.0,0.3,0.16,1.3465,-0.0135,0.0431,0.24169,e6c7a48782896b5d6188c13c18ffbcdc8d7b40f043fd3832731d89fad134bc29
8.0,5.0,0.3,0.17,1.3415,-0.0143,0.0438,0.25346,e6c7a48782896b5d6188c13c18ffbcdc8d7b40f043fd3832731d89fad134bc29
8.0,5.0,0.3,0.18,1.3372,-0.0151,0.0446,0.26499,e6c7a48782896b5d6188c13c18ffbcdc8d7b40f043fd3832731d89fad134bc29
8.0,5.0,0.3,0.19,1.3329,-0.0159,0.0454,0.27646,e6c7a48782896b5d6188c13c18ffbcdc8d7b40f043fd3832731d89fad134bc29
8.0,5.0,0.3,0.2,1.3291,-0.0167,0.0462,0.28726,e6c7a48782896b5d6188c13c18ffbcdc8d7b40f043fd3832731d89fad134bc29
8.0,5.0,0.3,0.202,1.3283,-0.0168,0.0463,0.28924,e6c7a48782896b5d6188c13c18ffbcdc8d7b40f043fd3832731d89fad134bc29
8.5,5.0,0.3,0.01,1.3846,-0.0027,0.0692,0.02134,e6c7a48782896b5d6188c13c18ffbcdc8d7b40f043fd3832731d89fad134bc29
8.5,5.0,0.3,0.02,1.3886,-0.003,0.0692,0.04208,e6c7a48782896b5d6188c13c18ffbcdc8d7b40f043fd3832731d89fad134bc29
8.5,5.0,0.3,0.03,1.4044,-0.0035,0.069,0.06199,e6c7a48782896b5d6188c13c18ffbcdc8d7b40f043fd3832731d89fad134bc29
8.5,5.0,0.3,0.04,1.4087,-0.004,0.0704,0.08058,e6c7a48782896b5d6188c13c18ffbcdc8d7b40f043fd3832731d89fad134bc29
8.5,5.0,0.3,0.05,1.4241,-0.0046,0.0682,0.09819,e6c7a48782896b5d6188c13c18ffbcdc8d7b40f043fd3832731d89fad134bc29
8.5,5.0,0.3,0.06,1.4334,-0.0052,0.0669,0.11502,e6c7a48782896b5d6188c13c18ffbcdc8d7b40f043fd3832731d89fad134bc29
8.5,5.0,0.3,0.07,1.4365,-0.0058,0.0682,0.13083,e6c7a48782896b5d6188c13c18ffbcdc8d7b40f043fd3832731d89fad134bc29
8.5,5.0,0.3,0.08,1.4374,-0.0064,0.0659,0.14509,e6c7a48782896b5d6188c13c18ffbcdc8d7b40f043fd3832731d89fad134bc29
8.5,5.0,0.3,0.09,1.4366,-0.0071,0.063,0.15786,e6c7a48782896b5d6188c13c18ffbcdc8d7b40f043fd3832731d89fad134bc29
8.5,5.0,0.3,0.1,1.4344,-0.0077,0.06,0.16973,e6c7a48782896b5d6188c13c18ffbcdc8d7b40f043fd3832731d89fad134bc29
8.5,5.0,0.3,0.11,1.4311,-0.0083,0.0571,0.18131,e6c7a48782896b5d6188c13c18ffbcdc8d7b40f043fd3832731d89fad134bc29
8.5,5.0,0.3,0.12,1.4268,-0.009,0.0545,0.19296,e6c7a48782896b5d6188c13c18ffbcdc8d7b40f043fd3832731d89fad134bc29
8.5,5.0,0.3,0.13,1.422,-0.0098,0.0523,0.20472,e6c7a48782896b5d6188c13c18ffbcdc8d7b40f043fd3832731d89fad134bc29
8.5,5.0,0.3,0.14,1.417,-0.0106,0.0504,0.217,e6c7a48782896b5d6188c13c18ffbcdc8d7b40f043fd3832731d89fad134bc29
8.5,5.0,0.3,0.15,1.4117,-0.0113,0.0486,0.22929,e6c7a48782896b5d6188c13c18ffbcdc8d7b40f043fd3832731d89fad134bc29
8.5,5.0,0.3,0.16,1.406,-0.0121,0.047,0.24078,e6c7a48782896b5d6188c13c18ffbcdc8d7b40f043fd3832731d89fad134bc29
8.5,5.0,0.3,0.17,1.4001,-0.0129,0.0464,0.25201,e6c7a48782896b5d6188c13c18ffbcdc8d7b40f043fd3832731d89fad134bc29
8.5,5.0,0.3,0.18,1.3943,-0.0137,0.0472,0.263,e6c7a48782896b5d6188c13c18ffbcdc8d7b40f043fd3832731d89fad134bc29
8.5,5.0,0.3,0.19,1.3884,-0.0145,0.048,0.27373,e6c7a48782896b5d6188c13c18ffbcdc8d7b40f043fd3832731d89fad134bc29
8.5,5.0,0.3,0.2,1.3825,-0.0153,0.0488,0.28421,e6c7a48782896b5d6188c13c18ffbcdc8d7b40f043fd3832731d89fad134bc29
8.5,5.0,0.3,0.202,1.3814,-0.0155,0.049,0.28628,e6c7a48782896b5d6188c13c18ffbcdc8d7b40f043fd3832731d89fad134bc29
9.0,5.0,0.3,0.01,1.4025,-0.0019,0.0941,0.02207,e6c7a48782896b5d6188c13c18ffbcdc8d7b40f043fd3832731d89fad134bc29
9.0,5.0,0.3,0.02,1.4141,-0.0021,0.0933,0.04324,e6c7a48782896b5d6188c13c18ffbcdc8d7b40f043fd3832731d89fad134bc29
9.0,5.0,0.3,0.03,1.4302,-0.0024,0.0934,0.06342,e6c7a48782896b5d6188c13c18ffbcdc8d7b40f043fd3832731d89fad134bc29
9.0,5.0,0.3,0.04,1.4416,-0.0028,0.0882,0.08223,e6c7a48782896b5d6188c13c18ffbcdc8d7b40f043fd3832731d89fad134bc29
9.0,5.0,0.3,0.05,1.4504,-0.0033,0.0875,0.10035,e6c7a48782896b5d6188c13c18ffbcdc8d7b40f043fd3832731d89fad134bc29
9.0,5.0,0.3,0.06,1.4665,-0.0038,0.083,0.11735,e6c7a48782896b5d6188c13c18ffbcdc8d7b40f043fd3832731d89fad134bc29
9.0,5.0,0.3,0.07,1.4755,-0.0043,0.0806,0.13403,e6c7a48782896b5d6188c13c18ffbcdc8d7b40f043fd3832731d89fad134bc29
9.0,5.0,0.3,0.08,1.4788,-0.0048,0.0817,0.14911,e6c7a48782896b5d6188c13c18ffbcdc8d7b40f043fd3832731d89fad134bc29
9.0,5.0,0.3,0.09,1.4801,-0.0054,0.08,0.16239,e6c7a48782896b5d6188c13c18ffbcdc8d7b40f043fd3832731d89fad134bc29
9.0,5.0,0.3,0.1,1.4798,-0.0061,0.0773,0.1741,e6c7a48782896b5d6188c13c18ffbcdc8d7b40f043fd3832731d89fad134bc29
9.0,5.0,0.3,0.11,1.4782,-0.0068,0.0745,0.18489,e6c7a48782896b5d6188c13c18ffbcdc8d7b40f043fd3832731d89fad134bc29
9.0,5.0,0.3,0.12,1.4754,-0.0076,0.0717,0.19497,e6c7a48782896b5d6188c13c18ffbcdc8d7b40f043fd3832731d89fad134bc29
9.0,5.0,0.3,0.13,1.4717,-0.0084,0.0688,0.20476,e6c7a48782896b5d6188c13c18ffbcdc8d7b40f043fd3832731d89fad134bc29
9.0,5.0,0.3,0.14,1.4673,-0.0092,0.0659,0.21475,e6c7a48782896b5d6188c13c18ffbcdc8d7b40f043fd3832731d89fad134bc29
9.0,5.0,0.3,0.15,1.4626,-0.01,0.0629,0.22542,e6c7a48782896b5d6188c13c18ffbcdc8d7b40f043fd3832731d89fad134bc29
9.0,5.0,0.3,0.16,1.4587,-0.0108,0.0602,0.23678,e6c7a48782896b5d6188c13c18ffbcdc8d7b40f043fd3832731d89fad134bc29
9.0,5.0,0.3,0.17,1.4537,-0.0117,0.0577,0.2488,e6c7a48782896b5d6188c13c18ffbcdc8d7b40f043fd3832731d89fad134bc29
9.0,5.0,0.3,0.18,1.4487,-0.0125,0.0556,0.26066,e6c7a48782896b5d6188c13c18ffbcdc8d7b40f043fd3832731d89fad134bc29
9.0,5.0,0.3,0.19,1.4436,-0.0133,0.054,0.27177,e6c7a48782896b5d6188c13c18ffbcdc8d7b40f043fd3832731d89fad134bc29
9.0,5.0,0.3,0.2,1.4386,-0.0141,0.0525,0.28272,e6c7a48782896b5d6188c13c18ffbcdc8d7b40f043fd3832731d89fad134bc29
9.0,5.0,0.3,0.202,1.4377,-0.0143,0.0523,0.28487,e6c7a48782896b5d6188c13c18ffbcdc8d7b40f043fd3832731d89fad134bc29
9.5,5.0,0.3,0.01,1.4111,-0.0592,0.1477,0.01759,e6c7a48782896b5d6188c13c18ffbcdc8d7b40f043fd3832731d89fad134bc29
9.5,5.0,0.3,0.02,1.4326,-0.0675,0.153,0.03427,e6c7a48782896b5d6188c13c18ffbcdc8d7b40f043fd3832731d89fad134bc29
9.5,5.0,0.3,0.03,1.452,-0.0466,0.142,0.05165,e6c7a48782896b5d6188c13c18ffbcdc8d7b40f043fd3832731d89fad134bc29
9.5,5.0,0.3,0.04,1.4667,-0.0429,0.1408,0.06967,e6c7a48782896b5d6188c13c18ffbcdc8d7b40f043fd3832731d89fad134bc29
9.5,5.0,0.3,0.05,1.4725,-0.0253,0.1333,0.09219,e6c7a48782896b5d6188c13c18ffbcdc8d7b40f043fd3832731d89fad134bc29
9.5,5.0,0.3,0.06,1.494,-0.0143,0.1247,0.11084,e6c7a48782896b5d6188c13c18ffbcdc8d7b40f043fd3832731d89fad134bc29
9.5,5.0,0.3,0.07,1.5092,-0.0027,0.1128,0.13076,e6c7a48782896b5d6188c13c18ffbcdc8d7b40f043fd3832731d89fad134bc29
9.5,5.0,0.3,0.08,1.5173,-0.0033,0.1027,0.14921,e6c7a48782896b5d6188c13c18ffbcdc8d7b40f043fd3832731d89fad134bc29
9.5,5.0,0.3,0.09,1.5205,-0.004,0.099,0.16396,e6c7a48782896b5d6188c13c18ffbcdc8d7b40f043fd3832731d89fad134bc29
9.5,5.0,0.3,0.1,1.5219,-0.0047,0.098,0.1766,e6c7a48782896b5d6188c13c18ffbcdc8d7b40f043fd3832731d89fad134bc29
9.5,5.0,0.3,0.11,1.5215,-0.0055,0.0938,0.18759,e6c7a48782896b5d6188c13c18ffbcdc8d7b40f043fd3832731d89fad134bc29
9.5,5.0,0.3,0.12,1.52,-0.0063,0.0893,0.19795,e6c7a48782896b5d6188c13c18ffbcdc8d7b40f043fd3832731d89fad134bc29
9.5,5.0,0.3,0.13,1.5175,-0.0072,0.0858,0.20784,e6c7a48782896b5d6188c13c18ffbcdc8d7b40f043fd3832731d89fad134bc29
9.5,5.0,0.3,0.14,1.5143,-0.008,0.0828,0.21736,e6c7a48782896b5d6188c13c18ffbcdc8d7b40f043fd3832731d89fad134bc29
9.5,5.0,0.3,0.15,1.5105,-0.0088,0.08,0.2265,e6c7a48782896b5d6188c13c18ffbcdc8d7b40f043fd3832731d89fad134bc29
9.5,5.0,0.3,0.16,1.5064,-0.0096,0.0774,0.23554,e6c7a48782896b5d6188c13c18ffbcdc8d7b40f043fd3832731d89fad134bc29
9.5,5.0,0.3,0.17,1.5021,-0.0104,0.0748,0.24485,e6c7a48782896b5d6188c13c18ffbcdc8d7b40f043fd3832731d89fad134bc29
9.5,5.0,0.3,0.18,1.4977,-0.0112,0.0724,0.25481,e6c7a48782896b5d6188c13c18ffbcdc8d7b40f043fd3832731d89fad134bc29
9.5,5.0,0.3,0.19,1.4958,-0.0121,0.0702,0.26574,e6c7a48782896b5d6188c13c18ffbcdc8d7b40f043fd3832731d89fad134bc29
9.5,5.0,0.3,0.2,1.4915,-0.0129,0.0679,0.2772,e6c7a48782896b5d6188c13c18ffbcdc8d7b40f043fd3832731d89fad134bc29
9.5,5.0,0.3,0.202,1.4907,-0.0131,0.0674,0.27951,e6c7a48782896b5d6188c13c18ffbcdc8d7b40f043fd3832731d89fad134bc29
10.0,5.0,0.3,0.01,1.4162,-0.0824,0.1889,0.0134,e6c7a48782896b5d6188c13c18ffbcdc8d7b40f043fd3832731d89fad134bc29
10.0,5.0,0.3,0.02,1.4438,-0.1061,0.1956,0.02522,e6c7a48782896b5d6188c13c18ffbcdc8d7b40f043fd3832731d89fad134bc29
10.0,5.0,0.3,0.03,1.4682,-0.1203,0.2029,0.03465,e6c7a48782896b5d6188c13c18ffbcdc8d7b40f043fd3832731d89fad134bc29
10.0,5.0,0.3,0.04,1.4842,-0.0795,0.1932,0.04095,e6c7a48782896b5d6188c13c18ffbcdc8d7b40f043fd3832731d89fad134bc29
10.0,5.0,0.3,0.05,1.4903,-0.1304,0.2063,0.0548,e6c7a48782896b5d6188c13c18ffbcdc8d7b40f043fd3832731d89fad134bc29
10.0,5.0,0.3,0.06,1.5168,-0.1193,0.2054,0.05812,e6c7a48782896b5d6188c13c18ffbcdc8d7b40f043fd3832731d89fad134bc29
10.0,5.0,0.3,0.07,1.5364,-0.0968,0.1905,0.06565,e6c7a48782896b5d6188c13c18ffbcdc8d7b40f043fd3832731d89fad134bc29
10.0,5.0,0.3,0.08,1.549,-0.0733,0.1707,0.09031,e6c7a48782896b5d6188c13c18ffbcdc8d7b40f043fd3832731d89fad134bc29
10.0,5.0,0.3,0.09,1.5551,-0.0524,0.1488,0.1188,e6c7a48782896b5d6188c13c18ffbcdc8d7b40f043fd3832731d89fad134bc29
10.0,5.0,0.3,0.1,1.559,-0.037,0.1333,0.14555,e6c7a48782896b5d6188c13c18ffbcdc8d7b40f043fd3832731d89fad134bc29
10.0,5.0,0.3,0.11,1.5608,-0.0178,0.1294,0.1695,e6c7a48782896b5d6188c13c18ffbcdc8d7b40f043fd3832731d89fad134bc29
10.0,5.0,0.3,0.12,1.5612,-0.0083,0.1259,0.18967,e6c7a48782896b5d6188c13c18ffbcdc8d7b40f043fd3832731d89fad134bc29
10.0,5.0,0.3,0.13,1.5606,-0.0059,0.1187,0.20416,e6c7a48782896b5d6188c13c18ffbcdc8d7b40f043fd3832731d89fad134bc29
10.0,5.0,0.3,0.14,1.5589,-0.0068,0.1112,0.21341,e6c7a48782896b5d6188c13c18ffbcdc8d7b40f043fd3832731d89fad134bc29
10.0,5.0,0.3,0.15,1.5565,-0.0076,0.1052,0.22151,e6c7a48782896b5d6188c13c18ffbcdc8d7b40f043fd3832731d89fad134bc29
10.0,5.0,0.3,0.16,1.5535,-0.0085,0.0999,0.23012,e6c7a48782896b5d6188c13c18ffbcdc8d7b40f043fd3832731d89fad134bc29
10.0,5.0,0.3,0.17,1.55,-0.0093,0.0951,0.23983,e6c7a48782896b5d6188c13c18ffbcdc8d7b40f043fd3832731d89fad134bc29
10.0,5.0,0.3,0.18,1.5464,-0.0101,0.091,0.25035,e6c7a48782896b5d6188c13c18ffbcdc8d7b40f043fd3832731d89fad134bc29
10.0,5.0,0.3,0.19,1.5426,-0.0109,0.0876,0.26086,e6c7a48782896b5d6188c13c18ffbcdc8d7b40f043fd3832731d89fad134bc29
10.0,5.0,0.3,0.2,1.5388,-0.0117,0.0849,0.27109,e6c7a48782896b5d6188c13c18ffbcdc8d7b40f043fd3832731d89fad134bc29
10.0,5.0,0.3,0.202,1.538,-0.0119,0.0845,0.27316,e6c7a48782896b5d6188c13c18ffbcdc8d7b40f043fd3832731d89fad134bc29
10.5,5.0,0.3,0.01,1.4217,-0.0929,0.2137,0.01174,e6c7a48782896b5d6188c13c18ffbcdc8d7b40f043fd3832731d89fad134bc29
10.5,5.0,0.3,0.02,1.4505,-0.1144,0.2207,0.02073,e6c7a48782896b5d6188c13c18ffbcdc8d7b40f043fd3832731d89fad134bc29
10.5,5.0,0.3,0.03,1.4801,-0.1296,0.2388,0.02672,e6c7a48782896b5d6188c13c18ffbcdc8d7b40f043fd3832731d89fad134bc29
10.5,5.0,0.3,0.04,1.4958,-0.1266,0.2257,0.03156,e6c7a48782896b5d6188c13c18ffbcdc8d7b40f043fd3832731d89fad134bc29
10.5,5.0,0.3,0.05,1.5046,-0.1553,0.2552,0.04282,e6c7a48782896b5d6188c13c18ffbcdc8d7b40f043fd3832731d89fad134bc29
10.5,5.0,0.3,0.06,1.5354,-0.1531,0.2639,0.03565,e6c7a48782896b5d6188c13c18ffbcdc8d7b40f043fd3832731d89fad134bc29
10.5,5.0,0.3,0.07,1.5584,-0.0968,0.232,0.03216,e6c7a48782896b5d6188c13c18ffbcdc8d7b40f043fd3832731d89fad134bc29
10.5,5.0,0.3,0.08,1.5737,-0.0746,0.2097,0.05142,e6c7a48782896b5d6188c13c18ffbcdc8d7b40f043fd3832731d89fad134bc29
10.5,5.0,0.3,0.09,1.582,-0.082,0.1932,0.06673,e6c7a48782896b5d6188c13c18ffbcdc8d7b40f043fd3832731d89fad134bc29
10.5,5.0,0.3,0.1,1.5885,-0.0922,0.1885,0.07828,e6c7a48782896b5d6188c13c18ffbcdc8d7b40f043fd3832731d89fad134bc29
10.5,5.0,0.3,0.11,1.592,-0.1042,0.1871,0.08772,e6c7a48782896b5d6188c13c18ffbcdc8d7b40f043fd3832731d89fad134bc29
10.5,5.0,0.3,0.12,1.5939,-0.1145,0.1925,0.09765,e6c7a48782896b5d6188c13c18ffbcdc8d7b40f043fd3832731d89fad134bc29
10.5,5.0,0.3,0.13,1.5948,-0.1151,0.1906,0.10893,e6c7a48782896b5d6188c13c18ffbcdc8d7b40f043fd3832731d89fad134bc29
10.5,5.0,0.3,0.14,1.5947,-0.1111,0.1851,0.12283,e6c7a48782896b5d6188c13c18ffbcdc8d7b40f043fd3832731d89fad134bc29
10.5,5.0,0.3,0.15,1.5939,-0.1008,0.1743,0.14175,e6c7a48782896b5d6188c13c18ffbcdc8d7b40f043fd3832731d89fad134bc29
10.5,5.0,0.3,0.16,1.5925,-0.0814,0.1601,0.16455,e6c7a48782896b5d6188c13c18ffbcdc8d7b40f043fd3832731d89fad134bc29
10.5,5.0,0.3,0.17,1.5906,-0.0561,0.1463,0.18915,e6c7a48782896b5d6188c13c18ffbcdc8d7b40f043fd3832731d89fad134bc29
10.5,5.0,0.3,0.18,1.5885,-0.0316,0.1341,0.21312,e6c7a48782896b5d6188c13c18ffbcdc8d7b40f043fd3832731d89fad134bc29
10.5,5.0,0.3,0.19,1.5859,-0.0107,0.1238,0.23416,e6c7a48782896b5d6188c13c18ffbcdc8d7b40f043fd3832731d89fad134bc29
10.5,5.0,0.3,0.2,1.5831,-0.0105,0.1157,0.2502,e6c7a48782896b5d6188c13c18ffbcdc8d7b40f043fd3832731d89fad134bc29
10.5,5.0,0.3,0.202,1.5825,-0.0107,0.1144,0.2528,e6c7a48782896b5d6188c13c18ffbcdc8d7b40f043fd3832731d89fad134bc29
11.0,5.0,0.3,0.01,1.4238,-0.0929,0.2301,0.00959,e6c7a48782896b5d6188c13c18ffbcdc8d7b40f043fd3832731d89fad134bc29
11.0,5.0,0.3,0.02,1.4549,-0.1152,0.2365,0.01493,e6c7a48782896b5d6188c13c18ffbcdc8d7b40f043fd3832731d89fad134bc29
11.0,5.0,0.3,0.03,1.4881,-0.1308,0.259,0.01671,e6c7a48782896b5d6188c13c18ffbcdc8d7b40f043fd3832731d89fad134bc29
11.0,5.0,0.3,0.04,1.5039,-0.1455,0.2458,0.02458,e6c7a48782896b5d6188c13c18ffbcdc8d7b40f043fd3832731d89fad134bc29
11.0,5.0,0.3,0.05,1.5164,-0.1722,0.2891,0.03509,e6c7a48782896b5d6188c13c18ffbcdc8d7b40f043fd3832731d89fad134bc29
11.0,5.0,0.3,0.06,1.5501,-0.1571,0.2885,0.01493,e6c7a48782896b5d6188c13c18ffbcdc8d7b40f043fd3832731d89fad134bc29
11.0,5.0,0.3,0.07,1.5759,-0.1005,0.2567,0.00913,e6c7a48782896b5d6188c13c18ffbcdc8d7b40f043fd3832731d89fad134bc29
11.0,5.0,0.3,0.08,1.5916,-0.0868,0.2366,0.02512,e6c7a48782896b5d6188c13c18ffbcdc8d7b40f043fd3832731d89fad134bc29
11.0,5.0,0.3,0.09,1.6015,-0.1066,0.2285,0.03892,e6c7a48782896b5d6188c13c18ffbcdc8d7b40f043fd3832731d89fad134bc29
11.0,5.0,0.3,0.1,1.6101,-0.1338,0.2295,0.04802,e6c7a48782896b5d6188c13c18ffbcdc8d7b40f043fd3832731d89fad134bc29
11.0,5.0,0.3,0.11,1.615,-0.1467,0.2356,0.05247,e6c7a48782896b5d6188c13c18ffbcdc8d7b40f043fd3832731d89fad134bc29
11.0,5.0,0.3,0.12,1.6175,-0.1546,0.2496,0.05457,e6c7a48782896b5d6188c13c18ffbcdc8d7b40f043fd3832731d89fad134bc29
11.0,5.0,0.3,0.13,1.6191,-0.1594,0.2574,0.05576,e6c7a48782896b5d6188c13c18ffbcdc8d7b40f043fd3832731d89fad134bc29
11.0,5.0,0.3,0.14,1.6197,-0.1537,0.2547,0.05602,e6c7a48782896b5d6188c13c18ffbcdc8d7b40f043fd3832731d89fad134bc29
11.0,5.0,0.3,0.15,1.6197,-0.1481,0.2484,0.0561,e6c7a48782896b5d6188c13c18ffbcdc8d7b40f043fd3832731d89fad134bc29
11.0,5.0,0.3,0.16,1.6189,-0.1425,0.239,0.05697,e6c7a48782896b5d6188c13c18ffbcdc8d7b40f043fd3832731d89fad134bc29
11.0,5.0,0.3,0.17,1.6177,-0.1367,0.228,0.05863,e6c7a48782896b5d6188c13c18ffbcdc8d7b40f043fd3832731d89fad134bc29
11.0,5.0,0.3,0.18,1.6161,-0.1308,0.2171,0.06268,e6c7a48782896b5d6188c13c18ffbcdc8d7b40f043fd3832731d89fad134bc29
11.0,5.0,0.3,0.19,1.6143,-0.1246,0.2063,0.0703,e6c7a48782896b5d6188c13c18ffbcdc8d7b40f043fd3832731d89fad134bc29
11.0,5.0,0.3,0.2,1.6122,-0.118,0.1955,0.08268,e6c7a48782896b5d6188c13c18ffbcdc8d7b40f043fd3832731d89fad134bc29
11.0,5.0,0.3,0.202,1.612,-0.1167,0.1934,0.08562,e6c7a48782896b5d6188c13c18ffbcdc8d7b40f043fd3832731d89fad134bc29
11.5,5.0,0.3,0.01,1.4247,-0.1019,0.243,0.00861,e6c7a48782896b5d6188c13c18ffbcdc8d7b40f043fd3832731d89fad134bc29
11.5,5.0,0.3,0.02,1.4577,-0.1169,0.25,0.01174,e6c7a48782896b5d6188c13c18ffbcdc8d7b40f043fd3832731d89fad134bc29
11.5,5.0,0.3,0.03,1.4936,-0.1353,0.2716,0.00918,e6c7a48782896b5d6188c13c18ffbcdc8d7b40f043fd3832731d89fad134bc29
11.5,5.0,0.3,0.04,1.5094,-0.1583,0.2622,0.01922,e6c7a48782896b5d6188c13c18ffbcdc8d7b40f043fd3832731d89fad134bc29
11.5,5.0,0.3,0.05,1.5252,-0.1848,0.3135,0.02727,e6c7a48782896b5d6188c13c18ffbcdc8d7b40f043fd3832731d89fad134bc29
11.5,5.0,0.3,0.06,1.5616,-0.1634,0.3011,-0.00847,e6c7a48782896b5d6188c13c18ffbcdc8d7b40f043fd3832731d89fad134bc29
11.5,5.0,0.3,0.07,1.589,-0.1161,0.2773,-0.01741,e6c7a48782896b5d6188c13c18ffbcdc8d7b40f043fd3832731d89fad134bc29
11.5,5.0,0.3,0.08,1.6045,-0.1007,0.2577,-0.00445,e6c7a48782896b5d6188c13c18ffbcdc8d7b40f043fd3832731d89fad134bc29
11.5,5.0,0.3,0.09,1.6157,-0.1327,0.254,0.0107,e6c7a48782896b5d6188c13c18ffbcdc8d7b40f043fd3832731d89fad134bc29
11.5,5.0,0.3,0.1,1.6243,-0.1516,0.2589,0.0217,e6c7a48782896b5d6188c13c18ffbcdc8d7b40f043fd3832731d89fad134bc29
11.5,5.0,0.3,0.11,1.6323,-0.1647,0.274,0.02839,e6c7a48782896b5d6188c13c18ffbcdc8d7b40f043fd3832731d89fad134bc29
11.5,5.0,0.3,0.12,1.6349,-0.1738,0.292,0.0297,e6c7a48782896b5d6188c13c18ffbcdc8d7b40f043fd3832731d89fad134bc29
11.5,5.0,0.3,0.13,1.6361,-0.1808,0.3045,0.02795,e6c7a48782896b5d6188c13c18ffbcdc8d7b40f043fd3832731d89fad134bc29
11.5,5.0,0.3,0.14,1.6364,-0.1853,0.3115,0.0237,e6c7a48782896b5d6188c13c18ffbcdc8d7b40f043fd3832731d89fad134bc29
11.5,5.0,0.3,0.15,1.6359,-0.1808,0.3089,0.01795,e6c7a48782896b5d6188c13c18ffbcdc8d7b40f043fd3832731d89fad134bc29
11.5,5.0,0.3,0.16,1.6348,-0.1736,0.3018,0.0112,e6c7a48782896b5d6188c13c18ffbcdc8d7b40f043fd3832731d89fad134bc29
11.5,5.0,0.3,0.17,1.6332,-0.1672,0.2932,0.0038,e6c7a48782896b5d6188c13c18ffbcdc8d7b40f043fd3832731d89fad134bc29
11.5,5.0,0.3,0.18,1.6313,-0.1612,0.2845,-0.00345,e6c7a48782896b5d6188c13c18ffbcdc8d7b40f043fd3832731d89fad134bc29
11.5,5.0,0.3,0.19,1.6292,-0.1552,0.2757,-0.00932,e6c7a48782896b5d6188c13c18ffbcdc8d7b40f043fd3832731d89fad134bc29
11.5,5.0,0.3,0.2,1.628,-0.1495,0.267,-0.01454,e6c7a48782896b5d6188c13c18ffbcdc8d7b40f043fd3832731d89fad134bc29
11.5,5.0,0.3,0.202,1.628,-0.1483,0.2653,-0.01523,e6c7a48782896b5d6188c13c18ffbcdc8d7b40f043fd3832731d89fad134bc29
12.0,5.0,0.3,0.01,1.4252,-0.1058,0.2514,0.00883,e6c7a48782896b5d6188c13c18ffbcdc8d7b40f043fd3832731d89fad134bc29
12.0,5.0,0.3,0.02,1.4595,-0.1197,0.2609,0.01265,e6c7a48782896b5d6188c13c18ffbcdc8d7b40f043fd3832731d89fad134bc29
12.0,5.0,0.3,0.03,1.4979,-0.1447,0.2812,0.00792,e6c7a48782896b5d6188c13c18ffbcdc8d7b40f043fd3832731d89fad134bc29
12.0,5.0,0.3,0.04,1.5136,-0.1674,0.2781,0.02194,e6c7a48782896b5d6188c13c18ffbcdc8d7b40f043fd3832731d89fad134bc29
12.0,5.0,0.3,0.05,1.5311,-0.1973,0.3311,0.02841,e6c7a48782896b5d6188c13c18ffbcdc8d7b40f043fd3832731d89fad134bc29
12.0,5.0,0.3,0.06,1.5698,-0.1588,0.3148,-0.018,e6c7a48782896b5d6188c13c18ffbcdc8d7b40f043fd3832731d89fad134bc29
12.0,5.0,0.3,0.07,1.5979,-0.1176,0.2961,-0.03233,e6c7a48782896b5d6188c13c18ffbcdc8d7b40f043fd3832731d89fad134bc29
12.0,5.0,0.3,0.08,1.6138,-0.1133,0.2775,-0.02435,e6c7a48782896b5d6188c13c18ffbcdc8d7b40f043fd3832731d89fad134bc29
12.0,5.0,0.3,0.09,1.6258,-0.145,0.274,-0.00921,e6c7a48782896b5d6188c13c18ffbcdc8d7b40f043fd3832731d89fad134bc29
12.0,5.0,0.3,0.1,1.6354,-0.1628,0.2814,0.00089,e6c7a48782896b5d6188c13c18ffbcdc8d7b40f043fd3832731d89fad134bc29
12.0,5.0,0.3,0.11,1.6457,-0.1777,0.3032,0.00676,e6c7a48782896b5d6188c13c18ffbcdc8d7b40f043fd3832731d89fad134bc29
12.0,5.0,0.3,0.12,1.6492,-0.1887,0.3246,0.00596,e6c7a48782896b5d6188c13c18ffbcdc8d7b40f043fd3832731d89fad134bc29
12.0,5.0,0.3,0.13,1.6487,-0.1964,0.3395,0.00121,e6c7a48782896b5d6188c13c18ffbcdc8d7b40f043fd3832731d89fad134bc29
12.0,5.0,0.3,0.14,1.6484,-0.2027,0.3501,-0.0048,e6c7a48782896b5d6188c13c18ffbcdc8d7b40f043fd3832731d89fad134bc29
12.0,5.0,0.3,0.15,1.6464,-0.2066,0.3556,-0.01206,e6c7a48782896b5d6188c13c18ffbcdc8d7b40f043fd3832731d89fad134bc29
12.0,5.0,0.3,0.16,1.6437,-0.2057,0.3549,-0.02015,e6c7a48782896b5d6188c13c18ffbcdc8d7b40f043fd3832731d89fad134bc29
12.0,5.0,0.3,0.17,1.6412,-0.1972,0.3471,-0.02916,e6c7a48782896b5d6188c13c18ffbcdc8d7b40f043fd3832731d89fad134bc29
12.0,5.0,0.3,0.18,1.6385,-0.19,0.3397,-0.03941,e6c7a48782896b5d6188c13c18ffbcdc8d7b40f043fd3832731d89fad134bc29
12.0,5.0,0.3,0.19,1.6358,-0.1834,0.3325,-0.05029,e6c7a48782896b5d6188c13c18ffbcdc8d7b40f043fd3832731d89fad134bc29
12.0,5.0,0.3,0.2,1.6354,-0.1775,0.3255,-0.06119,e6c7a48782896b5d6188c13c18ffbcdc8d7b40f043fd3832731d89fad134bc29
12.0,5.0,0.3,0.202,1.6354,-0.1764,0.3242,-0.06356,e6c7a48782896b5d6188c13c18ffbcdc8d7b40f043fd3832731d89fad134bc29
12.5,5.0,0.3,0.01,1.4259,-0.1073,0.2599,0.00922,e6c7a48782896b5d6188c13c18ffbcdc8d7b40f043fd3832731d89fad134bc29
12.5,5.0,0.3,0.02,1.461,-0.126,0.2688,0.01414,e6c7a48782896b5d6188c13c18ffbcdc8d7b40f043fd3832731d89fad134bc29
12.5,5.0,0.3,0.03,1.5009,-0.1462,0.2897,0.00867,e6c7a48782896b5d6188c13c18ffbcdc8d7b40f043fd3832731d89fad134bc29
12.5,5.0,0.3,0.04,1.5168,-0.174,0.2905,0.02741,e6c7a48782896b5d6188c13c18ffbcdc8d7b40f043fd3832731d89fad134bc29
12.5,5.0,0.3,0.05,1.5344,-0.2094,0.3446,0.0336,e6c7a48782896b5d6188c13c18ffbcdc8d7b40f043fd3832731d89fad134bc29
12.5,5.0,0.3,0.06,1.5745,-0.1549,0.3283,-0.0183,e6c7a48782896b5d6188c13c18ffbcdc8d7b40f043fd3832731d89fad134bc29
12.5,5.0,0.3,0.07,1.6037,-0.1197,0.3123,-0.03631,e6c7a48782896b5d6188c13c18ffbcdc8d7b40f043fd3832731d89fad134bc29
12.5,5.0,0.3,0.08,1.6207,-0.122,0.2958,-0.03226,e6c7a48782896b5d6188c13c18ffbcdc8d7b40f043fd3832731d89fad134bc29
12.5,5.0,0.3,0.09,1.6322,-0.1516,0.2907,-0.01598,e6c7a48782896b5d6188c13c18ffbcdc8d7b40f043fd3832731d89fad134bc29
12.5,5.0,0.3,0.1,1.642,-0.1699,0.2992,-0.00385,e6c7a48782896b5d6188c13c18ffbcdc8d7b40f043fd3832731d89fad134bc29
12.5,5.0,0.3,0.11,1.6497,-0.1853,0.323,0.00212,e6c7a48782896b5d6188c13c18ffbcdc8d7b40f043fd3832731d89fad134bc29
12.5,5.0,0.3,0.12,1.6595,-0.1989,0.3481,0.0042,e6c7a48782896b5d6188c13c18ffbcdc8d7b40f043fd3832731d89fad134bc29
12.5,5.0,0.3,0.13,1.6595,-0.2087,0.3665,-0.00133,e6c7a48782896b5d6188c13c18ffbcdc8d7b40f043fd3832731d89fad134bc29
12.5,5.0,0.3,0.14,1.6551,-0.2161,0.3787,-0.01115,e6c7a48782896b5d6188c13c18ffbcdc8d7b40f043fd3832731d89fad134bc29
12.5,5.0,0.3,0.15,1.652,-0.2244,0.3875,-0.02251,e6c7a48782896b5d6188c13c18ffbcdc8d7b40f043fd3832731d89fad134bc29
12.5,5.0,0.3,0.16,1.6477,-0.2303,0.3921,-0.03605,e6c7a48782896b5d6188c13c18ffbcdc8d7b40f043fd3832731d89fad134bc29
12.5,5.0,0.3,0.17,1.6431,-0.2338,0.3936,-0.0509,e6c7a48782896b5d6188c13c18ffbcdc8d7b40f043fd3832731d89fad134bc29
12.5,5.0,0.3,0.18,1.6391,-0.2269,0.388,-0.06598,e6c7a48782896b5d6188c13c18ffbcdc8d7b40f043fd3832731d89fad134bc29
12.5,5.0,0.3,0.19,1.6355,-0.2192,0.3811,-0.08136,e6c7a48782896b5d6188c13c18ffbcdc8d7b40f043fd3832731d89fad134bc29
12.5,5.0,0.3,0.2,1.6359,-0.2128,0.375,-0.09729,e6c7a48782896b5d6188c13c18ffbcdc8d7b40f043fd3832731d89fad134bc29
12.5,5.0,0.3,0.202,1.6361,-0.2115,0.3739,-0.09981,e6c7a48782896b5d6188c13c18ffbcdc8d7b40f043fd3832731d89fad134bc29
13.0,5.0,0.3,0.01,1.4269,-0.1085,0.2701,0.00961,e6c7a48782896b5d6188c13c18ffbcdc8d7b40f043fd3832731d89fad134bc29
13.0,5.0,0.3,0.02,1.4626,-0.1315,0.2751,0.01515,e6c7a48782896b5d6188c13c18ffbcdc8d7b40f043fd3832731d89fad134bc29
13.0,5.0,0.3,0.03,1.5032,-0.1469,0.2972,0.00949,e6c7a48782896b5d6188c13c18ffbcdc8d7b40f043fd3832731d89fad134bc29
13.0,5.0,0.3,0.04,1.5193,-0.1781,0.2984,0.03139,e6c7a48782896b5d6188c13c18ffbcdc8d7b40f043fd3832731d89fad134bc29
13.0,5.0,0.3,0.05,1.5348,-0.216,0.3556,0.03902,e6c7a48782896b5d6188c13c18ffbcdc8d7b40f043fd3832731d89fad134bc29
13.0,5.0,0.3,0.06,1.5764,-0.1566,0.3416,-0.01599,e6c7a48782896b5d6188c13c18ffbcdc8d7b40f043fd3832731d89fad134bc29
13.0,5.0,0.3,0.07,1.6065,-0.1305,0.327,-0.03844,e6c7a48782896b5d6188c13c18ffbcdc8d7b40f043fd3832731d89fad134bc29
13.0,5.0,0.3,0.08,1.6252,-0.126,0.3115,-0.03735,e6c7a48782896b5d6188c13c18ffbcdc8d7b40f043fd3832731d89fad134bc29
13.0,5.0,0.3,0.09,1.6351,-0.154,0.304,-0.02144,e6c7a48782896b5d6188c13c18ffbcdc8d7b40f043fd3832731d89fad134bc29
13.0,5.0,0.3,0.1,1.6446,-0.1734,0.3137,-0.005,e6c7a48782896b5d6188c13c18ffbcdc8d7b40f043fd3832731d89fad134bc29
13.0,5.0,0.3,0.11,1.6524,-0.1895,0.3356,0.00578,e6c7a48782896b5d6188c13c18ffbcdc8d7b40f043fd3832731d89fad134bc29
13.0,5.0,0.3,0.12,1.6582,-0.2035,0.3627,0.01103,e6c7a48782896b5d6188c13c18ffbcdc8d7b40f043fd3832731d89fad134bc29
13.0,5.0,0.3,0.13,1.6673,-0.2166,0.3844,0.01231,e6c7a48782896b5d6188c13c18ffbcdc8d7b40f043fd3832731d89fad134bc29
13.0,5.0,0.3,0.14,1.6622,-0.2291,0.4004,0.00435,e6c7a48782896b5d6188c13c18ffbcdc8d7b40f043fd3832731d89fad134bc29
13.0,5.0,0.3,0.15,1.654,-0.2381,0.4114,-0.00819,e6c7a48782896b5d6188c13c18ffbcdc8d7b40f043fd3832731d89fad134bc29
13.0,5.0,0.3,0.16,1.6484,-0.2429,0.4193,-0.02245,e6c7a48782896b5d6188c13c18ffbcdc8d7b40f043fd3832731d89fad134bc29
13.0,5.0,0.3,0.17,1.6417,-0.2438,0.4239,-0.03935,e6c7a48782896b5d6188c13c18ffbcdc8d7b40f043fd3832731d89fad134bc29
13.0,5.0,0.3,0.18,1.6347,-0.2436,0.4256,-0.05786,e6c7a48782896b5d6188c13c18ffbcdc8d7b40f043fd3832731d89fad134bc29
13.0,5.0,0.3,0.19,1.6288,-0.2419,0.4239,-0.0766,e6c7a48782896b5d6188c13c18ffbcdc8d7b40f043fd3832731d89fad134bc29
13.0,5.0,0.3,0.2,1.6289,-0.2373,0.4194,-0.09543,e6c7a48782896b5d6188c13c18ffbcdc8d7b40f043fd3832731d89fad134bc29
13.0,5.0,0.3,0.202,1.629,-0.2361,0.4185,-0.09953,e6c7a48782896b5d6188c13c18ffbcdc8d7b40f043fd3832731d89fad134bc29
13.5,5.0,0.3,0.01,1.4283,-0.1099,0.28,0.0102,e6c7a48782896b5d6188c13c18ffbcdc8d7b40f043fd3832731d89fad134bc29
13.5,5.0,0.3,0.02,1.4646,-0.1353,0.2841,0.01571,e6c7a48782896b5d6188c13c18ffbcdc8d7b40f043fd3832731d89fad134bc29
13.5,5.0,0.3,0.03,1.5047,-0.1489,0.3036,0.01047,e6c7a48782896b5d6188c13c18ffbcdc8d7b40f043fd3832731d89fad134bc29
13.5,5.0,0.3,0.04,1.5217,-0.1795,0.3087,0.03408,e6c7a48782896b5d6188c13c18ffbcdc8d7b40f043fd3832731d89fad134bc29
13.5,5.0,0.3,0.05,1.532,-0.2204,0.3639,0.04597,e6c7a48782896b5d6188c13c18ffbcdc8d7b40f043fd3832731d89fad134bc29
13.5,5.0,0.3,0.06,1.5743,-0.1615,0.3546,-0.01144,e6c7a48782896b5d6188c13c18ffbcdc8d7b40f043fd3832731d89fad134bc29
13.5,5.0,0.3,0.07,1.6058,-0.1372,0.3417,-0.03922,e6c7a48782896b5d6188c13c18ffbcdc8d7b40f043fd3832731d89fad134bc29
13.5,5.0,0.3,0.08,1.625,-0.124,0.3276,-0.04378,e6c7a48782896b5d6188c13c18ffbcdc8d7b40f043fd3832731d89fad134bc29
13.5,5.0,0.3,0.09,1.6363,-0.1532,0.3149,-0.03036,e6c7a48782896b5d6188c13c18ffbcdc8d7b40f043fd3832731d89fad134bc29
13.5,5.0,0.3,0.1,1.6431,-0.1723,0.3247,-0.01139,e6c7a48782896b5d6188c13c18ffbcdc8d7b40f043fd3832731d89fad134bc29
13.5,5.0,0.3,0.11,1.6499,-0.1893,0.3403,0.00413,e6c7a48782896b5d6188c13c18ffbcdc8d7b40f043fd3832731d89fad134bc29
13.5,5.0,0.3,0.12,1.6552,-0.2044,0.3702,0.01487,e6c7a48782896b5d6188c13c18ffbcdc8d7b40f043fd3832731d89fad134bc29
13.5,5.0,0.3,0.13,1.6716,-0.2215,0.3956,0.02516,e6c7a48782896b5d6188c13c18ffbcdc8d7b40f043fd3832731d89fad134bc29
13.5,5.0,0.3,0.14,1.6677,-0.2359,0.4142,0.02197,e6c7a48782896b5d6188c13c18ffbcdc8d7b40f043fd3832731d89fad134bc29
13.5,5.0,0.3,0.15,1.658,-0.2442,0.4286,0.01338,e6c7a48782896b5d6188c13c18ffbcdc8d7b40f043fd3832731d89fad134bc29
13.5,5.0,0.3,0.16,1.6451,-0.2457,0.4385,0.00089,e6c7a48782896b5d6188c13c18ffbcdc8d7b40f043fd3832731d89fad134bc29
13.5,5.0,0.3,0.17,1.6366,-0.2464,0.4461,-0.01218,e6c7a48782896b5d6188c13c18ffbcdc8d7b40f043fd3832731d89fad134bc29
13.5,5.0,0.3,0.18,1.6272,-0.246,0.4508,-0.02803,e6c7a48782896b5d6188c13c18ffbcdc8d7b40f043fd3832731d89fad134bc29
13.5,5.0,0.3,0.19,1.6179,-0.2448,0.4523,-0.04574,e6c7a48782896b5d6188c13c18ffbcdc8d7b40f043fd3832731d89fad134bc29
13.5,5.0,0.3,0.2,1.6157,-0.2445,0.453,-0.06437,e6c7a48782896b5d6188c13c18ffbcdc8d7b40f043fd3832731d89fad134bc29
13.5,5.0,0.3,0.202,1.6155,-0.2443,0.4528,-0.06802,e6c7a48782896b5d6188c13c18ffbcdc8d7b40f043fd3832731d89fad134bc29
14.0,5.0,0.3,0.01,1.43,-0.1108,0.2906,0.01082,e6c7a48782896b5d6188c13c18ffbcdc8d7b40f043fd3832731d89fad134bc29
14.0,5.0,0.3,0.02,1.4665,-0.1379,0.2927,0.01585,e6c7a48782896b5d6188c13c18ffbcdc8d7b40f043fd3832731d89fad134bc29
14.0,5.0,0.3,0.03,1.5055,-0.1529,0.3088,0.0115,e6c7a48782896b5d6188c13c18ffbcdc8d7b40f043fd3832731d89fad134bc29
14.0,5.0,0.3,0.04,1.5238,-0.1781,0.3186,0.03489,e6c7a48782896b5d6188c13c18ffbcdc8d7b40f043fd3832731d89fad134bc29
14.0,5.0,0.3,0.05,1.5254,-0.2247,0.3686,0.05365,e6c7a48782896b5d6188c13c18ffbcdc8d7b40f043fd3832731d89fad134bc29
14.0,5.0,0.3,0.06,1.5681,-0.1685,0.368,-0.00363,e6c7a48782896b5d6188c13c18ffbcdc8d7b40f043fd3832731d89fad134bc29
14.0,5.0,0.3,0.07,1.6004,-0.1447,0.3569,-0.03835,e6c7a48782896b5d6188c13c18ffbcdc8d7b40f043fd3832731d89fad134bc29
14.0,5.0,0.3,0.08,1.6222,-0.1217,0.3446,-0.04989,e6c7a48782896b5d6188c13c18ffbcdc8d7b40f043fd3832731d89fad134bc29
14.0,5.0,0.3,0.09,1.6363,-0.1484,0.3322,-0.04084,e6c7a48782896b5d6188c13c18ffbcdc8d7b40f043fd3832731d89fad134bc29
14.0,5.0,0.3,0.1,1.6368,-0.1668,0.3332,-0.02338,e6c7a48782896b5d6188c13c18ffbcdc8d7b40f043fd3832731d89fad134bc29
14.0,5.0,0.3,0.11,1.6409,-0.184,0.3452,-0.00466,e6c7a48782896b5d6188c13c18ffbcdc8d7b40f043fd3832731d89fad134bc29
14.0,5.0,0.3,0.12,1.6454,-0.1994,0.3681,0.011,e6c7a48782896b5d6188c13c18ffbcdc8d7b40f043fd3832731d89fad134bc29
14.0,5.0,0.3,0.13,1.6539,-0.2162,0.3955,0.02418,e6c7a48782896b5d6188c13c18ffbcdc8d7b40f043fd3832731d89fad134bc29
14.0,5.0,0.3,0.14,1.669,-0.2357,0.4195,0.0356,e6c7a48782896b5d6188c13c18ffbcdc8d7b40f043fd3832731d89fad134bc29
14.0,5.0,0.3,0.15,1.6614,-0.245,0.4374,0.03307,e6c7a48782896b5d6188c13c18ffbcdc8d7b40f043fd3832731d89fad134bc29
14.0,5.0,0.3,0.16,1.6475,-0.2466,0.4504,0.02523,e6c7a48782896b5d6188c13c18ffbcdc8d7b40f043fd3832731d89fad134bc29
14.0,5.0,0.3,0.17,1.6287,-0.2457,0.4591,0.01377,e6c7a48782896b5d6188c13c18ffbcdc8d7b40f043fd3832731d89fad134bc29
14.0,5.0,0.3,0.18,1.6182,-0.2457,0.4671,0.00293,e6c7a48782896b5d6188c13c18ffbcdc8d7b40f043fd3832731d89fad134bc29
14.0,5.0,0.3,0.19,1.6077,-0.2446,0.4717,-0.01127,e6c7a48782896b5d6188c13c18ffbcdc8d7b40f043fd3832731d89fad134bc29
14.0,5.0,0.3,0.2,1.6014,-0.2431,0.4749,-0.02653,e6c7a48782896b5d6188c13c18ffbcdc8d7b40f043fd3832731d89fad134bc29
14.0,5.0,0.3,0.202,1.6009,-0.2429,0.4754,-0.02958,e6c7a48782896b5d6188c13c18ffbcdc8d7b40f043fd3832731d89fad134bc29
14.5,5.0,0.3,0.01,1.4312,-0.1094,0.3027,0.01099,e6c7a48782896b5d6188c13c18ffbcdc8d7b40f043fd3832731d89fad134bc29
14.5,5.0,0.3,0.02,1.4679,-0.1392,0.3053,0.01589,e6c7a48782896b5d6188c13c18ffbcdc8d7b40f043fd3832731d89fad134bc29
14.5,5.0,0.3,0.03,1.5056,-0.1596,0.3126,0.01345,e6c7a48782896b5d6188c13c18ffbcdc8d7b40f043fd3832731d89fad134bc29
14.5,5.0,0.3,0.04,1.5249,-0.173,0.3275,0.03278,e6c7a48782896b5d6188c13c18ffbcdc8d7b40f043fd3832731d89fad134bc29
14.5,5.0,0.3,0.05,1.5221,-0.2262,0.3685,0.05897,e6c7a48782896b5d6188c13c18ffbcdc8d7b40f043fd3832731d89fad134bc29
14.5,5.0,0.3,0.06,1.5558,-0.179,0.3826,0.00797,e6c7a48782896b5d6188c13c18ffbcdc8d7b40f043fd3832731d89fad134bc29
14.5,5.0,0.3,0.07,1.5913,-0.1544,0.3733,-0.03284,e6c7a48782896b5d6188c13c18ffbcdc8d7b40f043fd3832731d89fad134bc29
14.5,5.0,0.3,0.08,1.6115,-0.1359,0.3629,-0.05719,e6c7a48782896b5d6188c13c18ffbcdc8d7b40f043fd3832731d89fad134bc29
14.5,5.0,0.3,0.09,1.625,-0.1358,0.3516,-0.05837,e6c7a48782896b5d6188c13c18ffbcdc8d7b40f043fd3832731d89fad134bc29
14.5,5.0,0.3,0.1,1.6306,-0.1566,0.34,-0.04309,e6c7a48782896b5d6188c13c18ffbcdc8d7b40f043fd3832731d89fad134bc29
14.5,5.0,0.3,0.11,1.626,-0.1718,0.3499,-0.02474,e6c7a48782896b5d6188c13c18ffbcdc8d7b40f043fd3832731d89fad134bc29
14.5,5.0,0.3,0.12,1.6286,-0.1874,0.3625,-0.00489,e6c7a48782896b5d6188c13c18ffbcdc8d7b40f043fd3832731d89fad134bc29
14.5,5.0,0.3,0.13,1.6367,-0.2026,0.3832,0.01347,e6c7a48782896b5d6188c13c18ffbcdc8d7b40f043fd3832731d89fad134bc29
14.5,5.0,0.3,0.14,1.6465,-0.2218,0.4095,0.02958,e6c7a48782896b5d6188c13c18ffbcdc8d7b40f043fd3832731d89fad134bc29
14.5,5.0,0.3,0.15,1.6611,-0.2387,0.4324,0.04334,e6c7a48782896b5d6188c13c18ffbcdc8d7b40f043fd3832731d89fad134bc29
14.5,5.0,0.3,0.16,1.6513,-0.2439,0.4502,0.04445,e6c7a48782896b5d6188c13c18ffbcdc8d7b40f043fd3832731d89fad134bc29
14.5,5.0,0.3,0.17,1.6354,-0.2443,0.4625,0.03983,e6c7a48782896b5d6188c13c18ffbcdc8d7b40f043fd3832731d89fad134bc29
14.5,5.0,0.3,0.18,1.6144,-0.2427,0.4717,0.03105,e6c7a48782896b5d6188c13c18ffbcdc8d7b40f043fd3832731d89fad134bc29
14.5,5.0,0.3,0.19,1.5982,-0.2411,0.4784,0.02096,e6c7a48782896b5d6188c13c18ffbcdc8d7b40f043fd3832731d89fad134bc29
14.5,5.0,0.3,0.2,1.5869,-0.2394,0.4847,0.01113,e6c7a48782896b5d6188c13c18ffbcdc8d7b40f043fd3832731d89fad134bc29
14.5,5.0,0.3,0.202,1.5858,-0.2392,0.4859,0.00933,e6c7a48782896b5d6188c13c18ffbcdc8d7b40f043fd3832731d89fad134bc29
15.0,5.0,0.3,0.01,1.4299,-0.11,0.3165,0.00991,e6c7a48782896b5d6188c13c18ffbcdc8d7b40f043fd3832731d89fad134bc29
15.0,5.0,0.3,0.02,1.4682,-0.1384,0.3167,0.01661,e6c7a48782896b5d6188c13c18ffbcdc8d7b40f043fd3832731d89fad134bc29
15.0,5.0,0.3,0.03,1.5025,-0.1714,0.3215,0.01905,e6c7a48782896b5d6188c13c18ffbcdc8d7b40f043fd3832731d89fad134bc29
15.0,5.0,0.3,0.04,1.5246,-0.1625,0.3352,0.02683,e6c7a48782896b5d6188c13c18ffbcdc8d7b40f043fd3832731d89fad134bc29
15.0,5.0,0.3,0.05,1.5316,-0.2192,0.3618,0.05898,e6c7a48782896b5d6188c13c18ffbcdc8d7b40f043fd3832731d89fad134bc29
15.0,5.0,0.3,0.06,1.5364,-0.1991,0.4,0.03202,e6c7a48782896b5d6188c13c18ffbcdc8d7b40f043fd3832731d89fad134bc29
15.0,5.0,0.3,0.07,1.5677,-0.1673,0.3916,-0.02408,e6c7a48782896b5d6188c13c18ffbcdc8d7b40f043fd3832731d89fad134bc29
15.0,5.0,0.3,0.08,1.5878,-0.1492,0.3829,-0.06277,e6c7a48782896b5d6188c13c18ffbcdc8d7b40f043fd3832731d89fad134bc29
15.0,5.0,0.3,0.09,1.6055,-0.1309,0.3732,-0.07733,e6c7a48782896b5d6188c13c18ffbcdc8d7b40f043fd3832731d89fad134bc29
15.0,5.0,0.3,0.1,1.6234,-0.1393,0.3625,-0.06909,e6c7a48782896b5d6188c13c18ffbcdc8d7b40f043fd3832731d89fad134bc29
15.0,5.0,0.3,0.11,1.6106,-0.152,0.3543,-0.05727,e6c7a48782896b5d6188c13c18ffbcdc8d7b40f043fd3832731d89fad134bc29
15.0,5.0,0.3,0.12,1.6047,-0.1658,0.3632,-0.03738,e6c7a48782896b5d6188c13c18ffbcdc8d7b40f043fd3832731d89fad134bc29
15.0,5.0,0.3,0.13,1.6117,-0.1801,0.3737,-0.01522,e6c7a48782896b5d6188c13c18ffbcdc8d7b40f043fd3832731d89fad134bc29
15.0,5.0,0.3,0.14,1.6232,-0.1949,0.387,0.00699,e6c7a48782896b5d6188c13c18ffbcdc8d7b40f043fd3832731d89fad134bc29
15.0,5.0,0.3,0.15,1.6345,-0.2577,0.4942,0.09274,e6c7a48782896b5d6188c13c18ffbcdc8d7b40f043fd3832731d89fad134bc29
15.0,5.0,0.3,0.16,1.6416,-0.2741,0.5342,0.0634,e6c7a48782896b5d6188c13c18ffbcdc8d7b40f043fd3832731d89fad134bc29
15.0,5.0,0.3,0.17,1.6453,-0.2358,0.4441,0.05084,e6c7a48782896b5d6188c13c18ffbcdc8d7b40f043fd3832731d89fad134bc29
15.0,5.0,0.3,0.18,1.6311,-0.2365,0.456,0.05064,e6c7a48782896b5d6188c13c18ffbcdc8d7b40f043fd3832731d89fad134bc29
15.0,5.0,0.3,0.19,1.6134,-0.2354,0.4656,0.04707,e6c7a48782896b5d6188c13c18ffbcdc8d7b40f043fd3832731d89fad134bc29
15.0,5.0,0.3,0.2,1.5733,-0.2429,0.5096,0.04429,e6c7a48782896b5d6188c13c18ffbcdc8d7b40f043fd3832731d89fad134bc29
15.0,5.0,0.3,0.202,1.5735,-0.2515,0.5221,0.02992,e6c7a48782896b5d6188c13c18ffbcdc8d7b40f043fd3832731d89fad134bc29
15.5,5.0,0.3,0.01,1.4234,-0.1089,0.3261,0.00986,e6c7a48782896b5d6188c13c18ffbcdc8d7b40f043fd3832731d89fad134bc29
15.5,5.0,0.3,0.02,1.4661,-0.1434,0.3296,0.02062,e6c7a48782896b5d6188c13c18ffbcdc8d7b40f043fd3832731d89fad134bc29
15.5,5.0,0.3,0.03,1.4912,-0.1736,0.333,0.03258,e6c7a48782896b5d6188c13c18ffbcdc8d7b40f043fd3832731d89fad134bc29
15.5,5.0,0.3,0.04,1.5237,-0.1423,0.3418,0.01778,e6c7a48782896b5d6188c13c18ffbcdc8d7b40f043fd3832731d89fad134bc29
15.5,5.0,0.3,0.05,1.5367,-0.2018,0.3546,0.04928,e6c7a48782896b5d6188c13c18ffbcdc8d7b40f043fd3832731d89fad134bc29
15.5,5.0,0.3,0.06,1.5251,-0.2371,0.4051,0.07149,e6c7a48782896b5d6188c13c18ffbcdc8d7b40f043fd3832731d89fad134bc29
15.5,5.0,0.3,0.07,1.53,-0.1875,0.4134,0.00082,e6c7a48782896b5d6188c13c18ffbcdc8d7b40f043fd3832731d89fad134bc29
15.5,5.0,0.3,0.08,1.5569,-0.1679,0.4072,-0.05029,e6c7a48782896b5d6188c13c18ffbcdc8d7b40f043fd3832731d89fad134bc29
15.5,5.0,0.3,0.09,1.5656,-0.1531,0.3993,-0.0908,e6c7a48782896b5d6188c13c18ffbcdc8d7b40f043fd3832731d89fad134bc29
15.5,5.0,0.3,0.1,1.5874,-0.1334,0.3902,-0.10544,e6c7a48782896b5d6188c13c18ffbcdc8d7b40f043fd3832731d89fad134bc29
15.5,5.0,0.3,0.11,1.5999,-0.1202,0.3801,-0.10254,e6c7a48782896b5d6188c13c18ffbcdc8d7b40f043fd3832731d89fad134bc29
15.5,5.0,0.3,0.12,1.5769,-0.1308,0.3687,-0.09293,e6c7a48782896b5d6188c13c18ffbcdc8d7b40f043fd3832731d89fad134bc29
15.5,5.0,0.3,0.13,1.5662,-0.1389,0.3728,-0.07813,e6c7a48782896b5d6188c13c18ffbcdc8d7b40f043fd3832731d89fad134bc29
15.5,5.0,0.3,0.14,1.6096,-0.2513,0.4754,0.09832,e6c7a48782896b5d6188c13c18ffbcdc8d7b40f043fd3832731d89fad134bc29
15.5,5.0,0.3,0.15,1.6189,-0.1612,0.3888,-0.03649,e6c7a48782896b5d6188c13c18ffbcdc8d7b40f043fd3832731d89fad134bc29
15.5,5.0,0.3,0.16,1.6139,-0.2744,0.5465,0.1062,e6c7a48782896b5d6188c13c18ffbcdc8d7b40f043fd3832731d89fad134bc29
15.5,5.0,0.3,0.17,1.5777,-0.2601,0.5329,0.10784,e6c7a48782896b5d6188c13c18ffbcdc8d7b40f043fd3832731d89fad134bc29
15.5,5.0,0.3,0.18,1.5882,-0.1488,0.3993,-0.04623,e6c7a48782896b5d6188c13c18ffbcdc8d7b40f043fd3832731d89fad134bc29
15.5,5.0,0.3,0.19,1.4943,-0.1063,0.3963,-0.17028,e6c7a48782896b5d6188c13c18ffbcdc8d7b40f043fd3832731d89fad134bc29
15.5,5.0,0.3,0.2,1.5589,-0.2586,0.5416,0.06257,e6c7a48782896b5d6188c13c18ffbcdc8d7b40f043fd3832731d89fad134bc29
15.5,5.0,0.3,0.202,1.5595,-0.2612,0.5424,0.021,e6c7a48782896b5d6188c13c18ffbcdc8d7b40f043fd3832731d89fad134bc29
16.0,5.0,0.3,0.01,1.4269,-0.1084,0.3302,0.00996,e6c7a48782896b5d6188c13c18ffbcdc8d7b40f043fd3832731d89fad134bc29
16.0,5.0,0.3,0.02,1.4503,-0.1339,0.3379,0.01951,e6c7a48782896b5d6188c13c18ffbcdc8d7b40f043fd3832731d89fad134bc29
16.0,5.0,0.3,0.03,1.4758,-0.161,0.3379,0.03271,e6c7a48782896b5d6188c13c18ffbcdc8d7b40f043fd3832731d89fad134bc29
16.0,5.0,0.3,0.04,1.522,-0.155,0.3521,0.01171,e6c7a48782896b5d6188c13c18ffbcdc8d7b40f043fd3832731d89fad134bc29
16.0,5.0,0.3,0.05,1.5367,-0.1724,0.3651,0.02752,e6c7a48782896b5d6188c13c18ffbcdc8d7b40f043fd3832731d89fad134bc29
16.0,5.0,0.3,0.06,1.5456,-0.2255,0.3744,0.06113,e6c7a48782896b5d6188c13c18ffbcdc8d7b40f043fd3832731d89fad134bc29
16.0,5.0,0.3,0.07,1.541,-0.2448,0.4283,0.0842,e6c7a48782896b5d6188c13c18ffbcdc8d7b40f043fd3832731d89fad134bc29
16.0,5.0,0.3,0.08,1.5089,-0.2114,0.4472,0.03062,e6c7a48782896b5d6188c13c18ffbcdc8d7b40f043fd3832731d89fad134bc29
16.0,5.0,0.3,0.09,1.5124,-0.1917,0.4422,-0.03566,e6c7a48782896b5d6188c13c18ffbcdc8d7b40f043fd3832731d89fad134bc29
16.0,5.0,0.3,0.1,1.5008,-0.179,0.4361,-0.09065,e6c7a48782896b5d6188c13c18ffbcdc8d7b40f043fd3832731d89fad134bc29
16.0,5.0,0.3,0.11,1.5682,-0.18,0.4428,-0.10089,e6c7a48782896b5d6188c13c18ffbcdc8d7b40f043fd3832731d89fad134bc29
16.0,5.0,0.3,0.12,1.5581,-0.1507,0.3786,-0.07503,e6c7a48782896b5d6188c13c18ffbcdc8d7b40f043fd3832731d89fad134bc29
16.0,5.0,0.3,0.13,1.5548,-0.1778,0.3842,-0.01907,e6c7a48782896b5d6188c13c18ffbcdc8d7b40f043fd3832731d89fad134bc29
16.0,5.0,0.3,0.14,1.5919,-0.2684,0.5331,0.16464,e6c7a48782896b5d6188c13c18ffbcdc8d7b40f043fd3832731d89fad134bc29
16.0,5.0,0.3,0.15,1.5512,-0.2299,0.4486,0.06521,e6c7a48782896b5d6188c13c18ffbcdc8d7b40f043fd3832731d89fad134bc29
16.0,5.0,0.3,0.16,1.5712,-0.271,0.5527,0.1433,e6c7a48782896b5d6188c13c18ffbcdc8d7b40f043fd3832731d89fad134bc29
16.0,5.0,0.3,0.17,1.5636,-0.2702,0.5557,0.0771,e6c7a48782896b5d6188c13c18ffbcdc8d7b40f043fd3832731d89fad134bc29
16.0,5.0,0.3,0.18,1.5503,-0.2673,0.5552,0.06082,e6c7a48782896b5d6188c13c18ffbcdc8d7b40f043fd3832731d89fad134bc29
16.0,5.0,0.3,0.19,1.5218,-0.1138,0.4066,-0.1129,e6c7a48782896b5d6188c13c18ffbcdc8d7b40f043fd3832731d89fad134bc29
16.0,5.0,0.3,0.2,1.5377,-0.2627,0.5555,0.01902,e6c7a48782896b5d6188c13c18ffbcdc8d7b40f043fd3832731d89fad134bc29
16.0,5.0,0.3,0.202,1.5937,-0.1979,0.4305,0.04533,e6c7a48782896b5d6188c13c18ffbcdc8d7b40f043fd3832731d89fad134bc29
16.5,5.0,0.3,0.01,1.4196,-0.1088,0.3376,0.01073,e6c7a48782896b5d6188c13c18ffbcdc8d7b40f043fd3832731d89fad134bc29
16.5,5.0,0.3,0.02,1.4567,-0.1408,0.3407,0.02291,e6c7a48782896b5d6188c13c18ffbcdc8d7b40f043fd3832731d89fad134bc29
16.5,5.0,0.3,0.03,1.4888,-0.1657,0.3535,0.02232,e6c7a48782896b5d6188c13c18ffbcdc8d7b40f043fd3832731d89fad134bc29
16.5,5.0,0.3,0.04,1.4951,-0.1815,0.3592,0.04843,e6c7a48782896b5d6188c13c18ffbcdc8d7b40f043fd3832731d89fad134bc29
16.5,5.0,0.3,0.05,1.5256,-0.1403,0.3711,-0.01854,e6c7a48782896b5d6188c13c18ffbcdc8d7b40f043fd3832731d89fad134bc29
16.5,5.0,0.3,0.06,1.5422,-0.158,0.3938,0.02438,e6c7a48782896b5d6188c13c18ffbcdc8d7b40f043fd3832731d89fad134bc29
16.5,5.0,0.3,0.07,1.5476,-0.1869,0.3992,0.01563,e6c7a48782896b5d6188c13c18ffbcdc8d7b40f043fd3832731d89fad134bc29
16.5,5.0,0.3,0.08,1.5588,-0.2064,0.3955,0.04713,e6c7a48782896b5d6188c13c18ffbcdc8d7b40f043fd3832731d89fad134bc29
16.5,5.0,0.3,0.09,1.5626,-0.2214,0.3913,0.00519,e6c7a48782896b5d6188c13c18ffbcdc8d7b40f043fd3832731d89fad134bc29
16.5,5.0,0.3,0.1,1.5385,-0.1584,0.4197,-0.08304,e6c7a48782896b5d6188c13c18ffbcdc8d7b40f043fd3832731d89fad134bc29
16.5,5.0,0.3,0.11,1.561,-0.1996,0.3878,-0.01655,e6c7a48782896b5d6188c13c18ffbcdc8d7b40f043fd3832731d89fad134bc29
16.5,5.0,0.3,0.12,1.5681,-0.2655,0.5193,0.19963,e6c7a48782896b5d6188c13c18ffbcdc8d7b40f043fd3832731d89fad134bc29
16.5,5.0,0.3,0.13,1.5304,-0.2387,0.4606,0.1028,e6c7a48782896b5d6188c13c18ffbcdc8d7b40f043fd3832731d89fad134bc29
16.5,5.0,0.3,0.14,1.5513,-0.2709,0.5502,0.17806,e6c7a48782896b5d6188c13c18ffbcdc8d7b40f043fd3832731d89fad134bc29
16.5,5.0,0.3,0.15,1.5193,-0.2324,0.5215,-0.03166,e6c7a48782896b5d6188c13c18ffbcdc8d7b40f043fd3832731d89fad134bc29
16.5,5.0,0.3,0.16,1.503,-0.1215,0.4023,-0.10839,e6c7a48782896b5d6188c13c18ffbcdc8d7b40f043fd3832731d89fad134bc29
16.5,5.0,0.3,0.17,1.4107,-0.1077,0.4047,-0.15435,e6c7a48782896b5d6188c13c18ffbcdc8d7b40f043fd3832731d89fad134bc29
16.5,5.0,0.3,0.18,1.3711,-0.1225,0.4442,-0.18757,e6c7a48782896b5d6188c13c18ffbcdc8d7b40f043fd3832731d89fad134bc29
16.5,5.0,0.3,0.19,1.56,-0.2114,0.4335,0.07733,e6c7a48782896b5d6188c13c18ffbcdc8d7b40f043fd3832731d89fad134bc29
16.5,5.0,0.3,0.2,1.5647,-0.2404,0.5189,0.17686,e6c7a48782896b5d6188c13c18ffbcdc8d7b40f043fd3832731d89fad134bc29
16.5,5.0,0.3,0.202,1.5422,-0.2587,0.5604,0.19351,e6c7a48782896b5d6188c13c18ffbcdc8d7b40f043fd3832731d89fad134bc29
17.0,5.0,0.3,0.01,1.4208,-0.1089,0.3511,0.01104,e6c7a48782896b5d6188c13c18ffbcdc8d7b40f043fd3832731d89fad134bc29
17.0,5.0,0.3,0.02,1.4506,-0.137,0.3531,0.02818,e6c7a48782896b5d6188c13c18ffbcdc8d7b40f043fd3832731d89fad134bc29
17.0,5.0,0.3,0.03,1.4708,-0.1653,0.3575,0.03915,e6c7a48782896b5d6188c13c18ffbcdc8d7b40f043fd3832731d89fad134bc29
17.0,5.0,0.3,0.04,1.4983,-0.1384,0.3689,0.01467,e6c7a48782896b5d6188c13c18ffbcdc8d7b40f043fd3832731d89fad134bc29
17.0,5.0,0.3,0.05,1.491,-0.21,0.383,0.12328,e6c7a48782896b5d6188c13c18ffbcdc8d7b40f043fd3832731d89fad134bc29
17.0,5.0,0.3,0.06,1.4723,-0.1847,0.3972,0.00845,e6c7a48782896b5d6188c13c18ffbcdc8d7b40f043fd3832731d89fad134bc29
17.0,5.0,0.3,0.07,1.4844,-0.2314,0.4274,0.07057,e6c7a48782896b5d6188c13c18ffbcdc8d7b40f043fd3832731d89fad134bc29
17.0,5.0,0.3,0.08,1.5225,-0.172,0.4324,-0.00499,e6c7a48782896b5d6188c13c18ffbcdc8d7b40f043fd3832731d89fad134bc29
17.0,5.0,0.3,0.09,1.5287,-0.2136,0.4699,0.13264,e6c7a48782896b5d6188c13c18ffbcdc8d7b40f043fd3832731d89fad134bc29
17.0,5.0,0.3,0.1,1.5188,-0.2133,0.4048,0.03592,e6c7a48782896b5d6188c13c18ffbcdc8d7b40f043fd3832731d89fad134bc29
17.0,5.0,0.3,0.11,1.5253,-0.2564,0.5004,0.18058,e6c7a48782896b5d6188c13c18ffbcdc8d7b40f043fd3832731d89fad134bc29
17.0,5.0,0.3,0.12,1.4314,-0.1809,0.4603,-0.11134,e6c7a48782896b5d6188c13c18ffbcdc8d7b40f043fd3832731d89fad134bc29
17.0,5.0,0.3,0.13,1.4685,-0.1626,0.4531,-0.12045,e6c7a48782896b5d6188c13c18ffbcdc8d7b40f043fd3832731d89fad134bc29
17.0,5.0,0.3,0.14,1.4482,-0.1324,0.4211,-0.12063,e6c7a48782896b5d6188c13c18ffbcdc8d7b40f043fd3832731d89fad134bc29
17.0,5.0,0.3,0.15,1.4357,-0.1412,0.4514,-0.15521,e6c7a48782896b5d6188c13c18ffbcdc8d7b40f043fd3832731d89fad134bc29
17.0,5.0,0.3,0.16,1.4808,-0.2587,0.551,0.24956,e6c7a48782896b5d6188c13c18ffbcdc8d7b40f043fd3832731d89fad134bc29
17.0,5.0,0.3,0.17,1.4903,-0.2515,0.5406,0.2578,e6c7a48782896b5d6188c13c18ffbcdc8d7b40f043fd3832731d89fad134bc29
17.0,5.0,0.3,0.18,1.3376,-0.1103,0.4125,-0.11699,e6c7a48782896b5d6188c13c18ffbcdc8d7b40f043fd3832731d89fad134bc29
17.0,5.0,0.3,0.19,1.4725,-0.1505,0.4204,-0.00382,e6c7a48782896b5d6188c13c18ffbcdc8d7b40f043fd3832731d89fad134bc29
17.0,5.0,0.3,0.2,1.498,-0.2647,0.5762,0.22378,e6c7a48782896b5d6188c13c18ffbcdc8d7b40f043fd3832731d89fad134bc29
17.0,5.0,0.3,0.202,1.4559,-0.2579,0.5659,0.07755,e6c7a48782896b5d6188c13c18ffbcdc8d7b40f043fd3832731d89fad134bc29
17.5,5.0,0.3,0.01,1.4176,-0.1074,0.3671,0.0117,e6c7a48782896b5d6188c13c18ffbcdc8d7b40f043fd3832731d89fad134bc29
17.5,5.0,0.3,0.02,1.4446,-0.1309,0.3672,0.02695,e6c7a48782896b5d6188c13c18ffbcdc8d7b40f043fd3832731d89fad134bc29
17.5,5.0,0.3,0.03,1.4659,-0.1476,0.3704,0.03802,e6c7a48782896b5d6188c13c18ffbcdc8d7b40f043fd3832731d89fad134bc29
17.5,5.0,0.3,0.04,1.4827,-0.1427,0.3795,0.03649,e6c7a48782896b5d6188c13c18ffbcdc8d7b40f043fd3832731d89fad134bc29
17.5,5.0,0.3,0.05,1.4854,-0.1694,0.3823,0.05473,e6c7a48782896b5d6188c13c18ffbcdc8d7b40f043fd3832731d89fad134bc29
17.5,5.0,0.3,0.06,1.4824,-0.1902,0.4009,0.12591,e6c7a48782896b5d6188c13c18ffbcdc8d7b40f043fd3832731d89fad134bc29
17.5,5.0,0.3,0.07,1.4221,-0.1594,0.4213,-0.0353,e6c7a48782896b5d6188c13c18ffbcdc8d7b40f043fd3832731d89fad134bc29
17.5,5.0,0.3,0.08,1.4873,-0.2335,0.4225,0.07953,e6c7a48782896b5d6188c13c18ffbcdc8d7b40f043fd3832731d89fad134bc29
17.5,5.0,0.3,0.09,1.4101,-0.177,0.4489,-0.03894,e6c7a48782896b5d6188c13c18ffbcdc8d7b40f043fd3832731d89fad134bc29
17.5,5.0,0.3,0.1,1.4686,-0.2409,0.4657,0.14425,e6c7a48782896b5d6188c13c18ffbcdc8d7b40f043fd3832731d89fad134bc29
17.5,5.0,0.3,0.11,1.458,-0.1772,0.4598,-0.03027,e6c7a48782896b5d6188c13c18ffbcdc8d7b40f043fd3832731d89fad134bc29
17.5,5.0,0.3,0.12,1.4252,-0.1331,0.4314,-0.07572,e6c7a48782896b5d6188c13c18ffbcdc8d7b40f043fd3832731d89fad134bc29
17.5,5.0,0.3,0.13,1.4367,-0.2258,0.4664,0.14878,e6c7a48782896b5d6188c13c18ffbcdc8d7b40f043fd3832731d89fad134bc29
17.5,5.0,0.3,0.14,1.4374,-0.2371,0.5005,0.18486,e6c7a48782896b5d6188c13c18ffbcdc8d7b40f043fd3832731d89fad134bc29
17.5,5.0,0.3,0.15,1.4574,-0.2327,0.492,0.1768,e6c7a48782896b5d6188c13c18ffbcdc8d7b40f043fd3832731d89fad134bc29
17.5,5.0,0.3,0.16,1.3654,-0.162,0.4797,-0.11246,e6c7a48782896b5d6188c13c18ffbcdc8d7b40f043fd3832731d89fad134bc29
17.5,5.0,0.3,0.17,1.2655,-0.1918,0.5057,-0.08624,e6c7a48782896b5d6188c13c18ffbcdc8d7b40f043fd3832731d89fad134bc29
17.5,5.0,0.3,0.18,1.4265,-0.1811,0.4232,0.10094,e6c7a48782896b5d6188c13c18ffbcdc8d7b40f043fd3832731d89fad134bc29
17.5,5.0,0.3,0.19,1.4661,-0.2216,0.4885,0.25262,e6c7a48782896b5d6188c13c18ffbcdc8d7b40f043fd3832731d89fad134bc29
17.5,5.0,0.3,0.2,1.2431,-0.1477,0.4879,-0.09568,e6c7a48782896b5d6188c13c18ffbcdc8d7b40f043fd3832731d89fad134bc29
17.5,5.0,0.3,0.202,1.3937,-0.1702,0.4202,0.01673,e6c7a48782896b5d6188c13c18ffbcdc8d7b40f043fd3832731d89fad134bc29
18.0,5.0,0.3,0.01,1.4115,-0.1086,0.3842,0.0136,e6c7a48782896b5d6188c13c18ffbcdc8d7b40f043fd3832731d89fad134bc29
18.0,5.0,0.3,0.02,1.4265,-0.1256,0.3833,0.02727,e6c7a48782896b5d6188c13c18ffbcdc8d7b40f043fd3832731d89fad134bc29
18.0,5.0,0.3,0.03,1.4408,-0.151,0.3829,0.04927,e6c7a48782896b5d6188c13c18ffbcdc8d7b40f043fd3832731d89fad134bc29
18.0,5.0,0.3,0.04,1.4471,-0.1556,0.3893,0.04381,e6c7a48782896b5d6188c13c18ffbcdc8d7b40f043fd3832731d89fad134bc29
18.0,5.0,0.3,0.05,1.4553,-0.1593,0.3998,0.02685,e6c7a48782896b5d6188c13c18ffbcdc8d7b40f043fd3832731d89fad134bc29
18.0,5.0,0.3,0.06,1.4449,-0.1531,0.4124,0.00359,e6c7a48782896b5d6188c13c18ffbcdc8d7b40f043fd3832731d89fad134bc29
18.0,5.0,0.3,0.07,1.4419,-0.1896,0.421,0.17051,e6c7a48782896b5d6188c13c18ffbcdc8d7b40f043fd3832731d89fad134bc29
18.0,5.0,0.3,0.08,1.3956,-0.2074,0.4433,0.11903,e6c7a48782896b5d6188c13c18ffbcdc8d7b40f043fd3832731d89fad134bc29
18.0,5.0,0.3,0.09,1.3854,-0.155,0.437,0.05046,e6c7a48782896b5d6188c13c18ffbcdc8d7b40f043fd3832731d89fad134bc29
18.0,5.0,0.3,0.1,1.3801,-0.2002,0.4741,0.13325,e6c7a48782896b5d6188c13c18ffbcdc8d7b40f043fd3832731d89fad134bc29
18.0,5.0,0.3,0.11,1.3776,-0.2144,0.4266,0.06064,e6c7a48782896b5d6188c13c18ffbcdc8d7b40f043fd3832731d89fad134bc29
18.0,5.0,0.3,0.12,1.3595,-0.2318,0.5128,0.23812,e6c7a48782896b5d6188c13c18ffbcdc8d7b40f043fd3832731d89fad134bc29
18.0,5.0,0.3,0.13,1.3152,-0.2337,0.5267,0.19364,e6c7a48782896b5d6188c13c18ffbcdc8d7b40f043fd3832731d89fad134bc29
18.0,5.0,0.3,0.14,1.3507,-0.2248,0.525,0.19311,e6c7a48782896b5d6188c13c18ffbcdc8d7b40f043fd3832731d89fad134bc29
18.0,5.0,0.3,0.15,1.362,-0.2408,0.5436,0.31427,e6c7a48782896b5d6188c13c18ffbcdc8d7b40f043fd3832731d89fad134bc29
18.0,5.0,0.3,0.16,1.208,-0.1283,0.4164,0.01091,e6c7a48782896b5d6188c13c18ffbcdc8d7b40f043fd3832731d89fad134bc29
18.0,5.0,0.3,0.17,1.1485,-0.1202,0.4523,-0.01538,e6c7a48782896b5d6188c13c18ffbcdc8d7b40f043fd3832731d89fad134bc29
18.0,5.0,0.3,0.18,1.2447,-0.2066,0.5239,0.07036,e6c7a48782896b5d6188c13c18ffbcdc8d7b40f043fd3832731d89fad134bc29
18.0,5.0,0.3,0.19,1.3883,-0.2445,0.5577,0.40149,e6c7a48782896b5d6188c13c18ffbcdc8d7b40f043fd3832731d89fad134bc29
18.0,5.0,0.3,0.2,1.2985,-0.1776,0.4311,0.23279,e6c7a48782896b5d6188c13c18ffbcdc8d7b40f043fd3832731d89fad134bc29
18.0,5.0,0.3,0.202,1.3677,-0.2117,0.4966,0.35739,e6c7a48782896b5d6188c13c18ffbcdc8d7b40f043fd3832731d89fad134bc29
