source,period,used_by_model,M,Re,slope_per_deg,alpha0_deg,alpha_stall_deg,CL_max,CN1,CD0,CM_at_zero_lift,sd_slope_per_deg,sd_alpha0_deg,sd_alpha_stall_deg,sd_CL_max,sd_CN1,sd_CD0,sd_CM_at_zero_lift,n_sweeps,runs
static,in_period,True,0.07846,979960.0,0.10176,0.33676,13.333,1.14386,1.12631,0.0047,-0.00374,,,,,,,,1,11004131
static,in_period,True,0.11815,1472942.85714,0.10456,0.35589,14.47829,1.33717,1.30991,0.00262,-0.00117,0.00088,0.11019,0.13886,0.01089,0.01041,0.00202,0.00238,7,11002871 11002881 11002971 11003201 11003361 11003751 11004471
static,in_period,True,0.15467,1892100.0,0.1081,0.2839,14.627,1.42711,1.39688,0.00312,-0.00259,,,,,,,,1,11004301
static,earlier,False,0.07845,1000755.0,0.10278,0.24571,13.509,1.20538,1.187,0.00302,-0.0045,0.00136,0.38148,0.44123,0.00792,0.01032,0.00428,0.00654,2,11000031 11001861
static,earlier,False,0.11901,1516023.07692,0.10623,0.40245,14.64315,1.36587,1.3376,3e-05,-0.00038,0.00088,0.16068,0.20308,0.02096,0.0198,0.00253,0.00142,13,11000011 11000021 11000051 11000061 11000071 11000221 11000851 11001351 11001731 11001741 11001761 11001851 11001951
static,earlier,False,0.16096,2011500.0,0.11002,0.3308,15.167,1.47619,1.44384,0.00125,-0.00103,0.00093,0.27682,0.02828,0.00861,0.00948,0.00075,0.00091,2,11000041 11001751
static,all,False,0.07845,993823.33333,0.10244,0.27606,13.45033,1.18488,1.16677,0.00358,-0.00425,0.00113,0.27482,0.32813,0.03596,0.03579,0.00318,0.00465,3,11000031 11001861 11004131
static,all,False,0.11871,1500945.0,0.10565,0.38615,14.58545,1.35582,1.32791,0.00093,-0.00066,0.00119,0.14373,0.19658,0.02263,0.02157,0.00263,0.0018,20,11000011 11000021 11000051 11000061 11000071 11000221 11000851 11001351 11001731 11001741 11001761 11001851 11001951 11002871 11002881 11002971 11003201 11003361 11003751 11004471
static,all,False,0.15886,1971700.0,0.10938,0.31516,14.987,1.45983,1.42818,0.00187,-0.00155,0.00129,0.19761,0.31241,0.02898,0.02793,0.00121,0.00111,3,11000041 11001751 11004301
quasi_steady,sinusoidal tests,False,0.11617,1421700.0,0.10414,0.26739,15.539,1.39855,1.3672,-0.00032,-0.00049,,,,,,,,1,11012322+11013021
