frame,set,M,k,alpha0_deg,amp_deg,CC_min,CD_min,fraction_of_cycle_CC_negative,fraction_of_cycle_CD_negative
frame_9221,held_out,0.302,0.01,9.9,9.9,0.0,0.00717,0.0,0.0
frame_9222,calibration,0.302,0.024,9.9,9.9,0.0,0.00716,0.0,0.0
frame_9223,held_out,0.302,0.048,10.0,9.9,3e-05,0.00689,0.0,0.0
frame_9302,calibration,0.302,0.096,9.8,9.9,0.0,0.00388,0.0,0.0
frame_9307,held_out,0.302,0.145,9.9,9.9,0.0,-0.00062,0.0,0.04881
frame_10218,calibration,0.3,0.01,5.0,5.0,0.0,0.00717,0.0,0.0
frame_10221,calibration,0.301,0.099,5.0,5.0,0.0,0.00628,0.0,0.0
frame_10222,held_out,0.301,0.198,5.0,5.0,0.0,0.00157,0.0,0.0
frame_10303,held_out,0.301,0.099,5.0,10.0,0.0,0.00191,0.0,0.0
frame_10305,calibration,0.301,0.099,3.7,10.0,0.0,0.0021,0.0,0.0
frame_10309,held_out,0.301,0.099,3.0,10.0,0.0,0.00218,0.0,0.0
