constants,frame,M,k,alpha0_deg,amp_deg,rms_dCL,max_abs_dCL,mean_dCL,rms_dCL_over_range,max_abs_dCL_over_range,rms_dCM,max_abs_dCM,mean_dCM,rms_dCM_over_range,max_abs_dCM_over_range,rms_dCD,max_abs_dCD,mean_dCD,rms_dCD_over_range,max_abs_dCD_over_range
literature values,frame_7019,0.297,0.051,9.0,4.9,0.006041,0.013058,0.000816,0.006321,0.013662,0.000578,0.004735,0.000182,0.022459,0.183883,0.000981,0.003683,-0.000443,0.016295,0.061175
literature values,frame_7021,0.299,0.1,9.0,4.9,0.005035,0.012308,-0.000365,0.005194,0.012698,0.000315,0.003749,6.4e-05,0.002654,0.031607,0.000644,0.002991,-0.000246,0.004349,0.020187
literature values,frame_7108,0.301,0.025,8.0,4.9,0.006674,0.014488,0.00122,0.006446,0.013994,0.000409,0.003144,2.9e-05,0.011526,0.08863,0.000432,0.002329,-0.000146,0.015822,0.085239
literature values,frame_7111,0.301,0.199,8.0,5.0,0.003299,0.008959,-0.001717,0.003008,0.008169,3.5e-05,0.0001,7e-06,0.000445,0.001287,1.9e-05,5.5e-05,-8e-06,0.000301,0.000892
literature values,frame_7112,0.301,0.025,9.9,4.9,0.012582,0.041987,-0.002221,0.015022,0.050128,0.00171,0.014122,-0.000204,0.014672,0.121195,0.001721,0.009867,0.00012,0.010238,0.058697
literature values,frame_7113,0.301,0.099,10.0,4.9,0.010545,0.027341,0.002199,0.011407,0.029576,0.000626,0.003172,0.000163,0.005203,0.02636,0.001463,0.005137,-0.0007,0.006537,0.022957
literature values,frame_7114,0.301,0.199,10.0,5.0,0.005876,0.01125,0.001341,0.004791,0.009173,0.000862,0.003602,0.000398,0.004063,0.016978,0.001637,0.004695,-0.000824,0.005103,0.014637
literature values,frame_7117,0.301,0.025,10.9,4.9,0.012995,0.035797,-0.005156,0.018005,0.049598,0.000944,0.010236,0.000134,0.006863,0.074406,0.00119,0.006709,-0.000187,0.005827,0.032838
literature values,frame_7118,0.301,0.05,10.9,4.9,0.01319,0.029483,-0.005951,0.016463,0.036801,0.001307,0.010105,-0.000135,0.009673,0.074791,0.001697,0.009958,-0.000118,0.007063,0.041442
literature values,frame_7120,0.301,0.149,10.9,4.9,0.008037,0.024932,-0.003069,0.00797,0.024724,0.000668,0.003722,8.4e-05,0.003441,0.019178,0.001954,0.006471,-0.00021,0.005636,0.018669
literature values,frame_7121,0.301,0.198,11.0,5.0,0.003696,0.012711,0.000714,0.002963,0.01019,0.001115,0.004786,-0.000169,0.003852,0.016535,0.002134,0.00657,-0.000218,0.005072,0.015613
literature values,frame_7202,0.302,0.05,11.93,4.89,0.010074,0.031637,0.003531,0.014923,0.046867,0.001883,0.012463,-0.000255,0.013575,0.089859,0.002239,0.010548,0.000507,0.008517,0.040115
literature values,frame_7205,0.302,0.099,11.9,4.9,0.007634,0.02362,0.001038,0.009126,0.028236,0.000527,0.003567,0.000174,0.002717,0.018381,0.001491,0.006233,-7.6e-05,0.004029,0.016848
literature values,frame_7207,0.302,0.198,11.9,4.9,0.008922,0.025108,-0.002527,0.006917,0.019467,0.001841,0.00728,-0.000617,0.005521,0.021832,0.002611,0.008252,0.000324,0.005314,0.016793
literature values,frame_7214,0.302,0.099,8.7,5.0,0.00437,0.011772,-0.000241,0.004363,0.011756,0.000349,0.003383,6.4e-05,0.009281,0.090062,0.000687,0.00315,-0.000231,0.013225,0.060637
literature values,frame_7216,0.302,0.05,8.7,5.0,0.007077,0.017017,0.001651,0.007443,0.017895,0.000614,0.004705,0.000189,0.016253,0.124633,0.001092,0.003978,-0.000484,0.023627,0.086099
literature values,frame_7222,0.298,0.051,10.0,5.1,0.011349,0.02867,-0.003557,0.013118,0.033138,0.000453,0.005677,5.6e-05,0.004054,0.050755,0.001327,0.00552,-8.7e-05,0.006922,0.028795
literature values,frame_7300,0.3,0.151,10.0,5.0,0.006439,0.012125,0.000345,0.006122,0.011527,0.000622,0.004139,0.000238,0.00529,0.03521,0.001316,0.004807,-0.000655,0.005307,0.019382
literature values,frame_9202,0.22,0.098,15.0,9.9,0.042498,0.077458,-0.027195,0.024067,0.043864,0.002018,0.010727,-0.000729,0.004255,0.022615,0.017399,0.037253,-0.009748,0.018377,0.039348
literature values,frame_9203,0.249,0.098,15.0,10.0,0.021614,0.048885,-0.014986,0.012321,0.027866,0.001188,0.005721,-0.000404,0.002498,0.012032,0.00905,0.022038,-0.004686,0.010598,0.025805
literature values,frame_9208,0.28,0.097,15.0,9.9,0.010365,0.024457,-0.002648,0.006227,0.014694,0.000573,0.004384,-8e-05,0.001264,0.009675,0.004119,0.010392,-0.000756,0.005356,0.013512
literature values,frame_9214,0.292,0.049,15.0,10.0,0.014544,0.04322,0.004887,0.012667,0.037644,0.001906,0.012936,-0.000342,0.006697,0.045445,0.004844,0.016677,0.001938,0.009295,0.031998
literature values,frame_9217,0.29,0.098,15.0,10.0,0.010193,0.033808,0.001507,0.005846,0.019389,0.00055,0.004462,5e-05,0.001387,0.011251,0.003423,0.014058,0.000563,0.005202,0.021362
literature values,frame_9218,0.283,0.151,14.9,9.9,0.006779,0.016373,-0.003199,0.003485,0.008417,0.001277,0.006182,0.000387,0.002518,0.012192,0.002809,0.007025,-0.000754,0.003187,0.007969
literature values,frame_9221,0.302,0.01,9.9,9.9,0.025543,0.057986,0.012007,0.01822,0.041362,0.001165,0.01201,2e-05,0.007284,0.075112,0.007819,0.019065,0.003809,0.023313,0.056841
literature values,frame_9223,0.302,0.048,10.0,9.9,0.023192,0.051956,0.011802,0.014048,0.031471,0.000624,0.0051,0.000147,0.002866,0.023408,0.007136,0.017851,0.003379,0.016396,0.041015
literature values,frame_9307,0.302,0.145,9.9,9.9,0.012946,0.037675,0.005606,0.006424,0.018694,0.00109,0.005832,0.000299,0.002829,0.015139,0.003352,0.010074,0.001099,0.005488,0.016492
literature values,frame_10022,0.301,0.098,12.0,9.9,0.015909,0.050338,0.007933,0.009764,0.030896,0.000629,0.003262,8.8e-05,0.001801,0.009331,0.005597,0.019543,0.002596,0.009138,0.031906
literature values,frame_10105,0.302,0.097,11.9,7.9,0.022514,0.048746,0.009395,0.017862,0.038674,0.000852,0.005247,-0.000142,0.003111,0.019163,0.006674,0.016012,0.003246,0.012967,0.031108
literature values,frame_10108,0.296,0.125,11.9,7.9,0.018323,0.03919,0.008763,0.011461,0.024512,0.000654,0.003879,1.8e-05,0.001691,0.010025,0.004706,0.012047,0.002077,0.007348,0.018809
literature values,frame_10114,0.295,0.025,15.0,5.0,0.025963,0.045866,0.014685,0.040098,0.070838,0.001367,0.011233,0.000277,0.009078,0.074611,0.007922,0.016136,0.004402,0.023905,0.048694
literature values,frame_10117,0.295,0.05,15.0,5.0,0.024537,0.045291,0.014827,0.037017,0.068327,0.001593,0.010461,-1.9e-05,0.011032,0.072449,0.007661,0.015895,0.004427,0.026556,0.055098
literature values,frame_10118,0.291,0.102,15.0,5.0,0.020115,0.038542,0.012218,0.023005,0.04408,0.000662,0.003431,0.000297,0.003537,0.018341,0.005934,0.012238,0.003205,0.015656,0.032289
literature values,frame_10120,0.294,0.151,15.0,4.9,0.020321,0.039398,0.010567,0.016728,0.032433,0.000885,0.004034,-7.2e-05,0.003232,0.014735,0.006075,0.012906,0.003285,0.012445,0.02644
literature values,frame_10123,0.293,0.202,15.0,4.9,0.019294,0.035406,0.015296,0.012517,0.022969,0.001398,0.005688,-0.000462,0.003452,0.014051,0.005066,0.010823,0.002891,0.007908,0.016895
literature values,frame_10202,0.301,0.01,10.0,4.9,0.013506,0.035636,-0.003927,0.017397,0.045904,0.000953,0.00742,-3.7e-05,0.011085,0.086336,0.001455,0.006163,7.2e-05,0.010813,0.045806
literature values,frame_10204,0.3,0.049,10.0,5.0,0.011149,0.028,-0.004037,0.012694,0.03188,0.000554,0.005497,0.000136,0.004714,0.046816,0.001391,0.005898,-0.000158,0.007062,0.029945
literature values,frame_10207,0.302,0.074,9.9,4.9,0.008215,0.014976,9.7e-05,0.008962,0.016337,0.000958,0.006276,-0.000105,0.007729,0.050638,0.001549,0.006227,-0.000415,0.008105,0.032573
literature values,frame_10208,0.3,0.099,10.0,4.9,0.011127,0.029624,0.002537,0.01182,0.031468,0.000616,0.003393,0.000161,0.005357,0.029524,0.001462,0.004979,-0.000717,0.007535,0.025663
literature values,frame_10211,0.3,0.149,9.97,4.9,0.007421,0.01272,0.001312,0.007092,0.012157,0.000713,0.004303,0.000288,0.0063,0.038009,0.001467,0.004766,-0.000736,0.007328,0.023802
literature values,frame_10222,0.301,0.198,5.0,5.0,0.003064,0.007653,-0.001102,0.002781,0.006946,3.8e-05,9.4e-05,-8e-06,0.000615,0.001528,1.7e-05,5.1e-05,-6e-06,0.000338,0.000988
literature values,frame_10303,0.301,0.099,5.0,10.0,0.005372,0.014542,0.001843,0.002585,0.006997,0.000588,0.004171,0.000184,0.005015,0.035548,0.001262,0.00481,-0.0005,0.006404,0.024416
literature values,frame_10309,0.301,0.099,3.0,10.0,0.005358,0.013983,0.001999,0.002419,0.006313,7.9e-05,0.000389,3.4e-05,0.001074,0.005289,0.000147,0.000787,-4.5e-05,0.001941,0.010386
literature values,frame_14218,0.292,0.025,15.0,10.0,0.015163,0.060475,0.004381,0.013758,0.054872,0.002916,0.021014,-3.8e-05,0.015889,0.11448,0.005291,0.015599,0.002074,0.012111,0.035703
literature values,frame_14219,0.291,0.051,15.0,10.0,0.013126,0.043149,0.002845,0.010048,0.03303,0.00211,0.013137,-0.000432,0.008238,0.0513,0.004613,0.016765,0.001619,0.00942,0.034236
fitted for the tabulated model,frame_7019,0.297,0.051,9.0,4.9,0.005721,0.011394,0.001651,0.005985,0.011921,0.000365,0.005783,0.000116,0.014187,0.224596,0.000783,0.002699,-0.000355,0.013002,0.044821
fitted for the tabulated model,frame_7021,0.299,0.1,9.0,4.9,0.003804,0.009038,-0.000557,0.003925,0.009324,0.00027,0.003841,9.2e-05,0.002276,0.032378,0.000559,0.002277,-0.000247,0.003772,0.015371
fitted for the tabulated model,frame_7108,0.301,0.025,8.0,4.9,0.005716,0.012735,0.001243,0.005521,0.012301,0.000368,0.003063,3.5e-05,0.01037,0.086346,0.000411,0.002118,-0.000137,0.015029,0.07751
fitted for the tabulated model,frame_7111,0.301,0.199,8.0,5.0,0.002328,0.005417,-0.001801,0.002123,0.004939,2.2e-05,5.8e-05,4e-06,0.000285,0.000745,2.9e-05,7.4e-05,-2.1e-05,0.000476,0.001205
fitted for the tabulated model,frame_7112,0.301,0.025,9.9,4.9,0.010238,0.026352,-0.003321,0.012224,0.031461,0.001047,0.00698,-2.1e-05,0.008989,0.059905,0.001632,0.007711,-3.4e-05,0.009711,0.045871
fitted for the tabulated model,frame_7113,0.301,0.099,10.0,4.9,0.00934,0.018336,0.002238,0.010103,0.019834,0.00058,0.00334,0.000213,0.004819,0.027754,0.001428,0.004569,-0.0007,0.006383,0.020421
fitted for the tabulated model,frame_7114,0.301,0.199,10.0,5.0,0.00468,0.008769,0.001762,0.003816,0.00715,0.000726,0.002635,0.000351,0.003424,0.012422,0.001385,0.003967,-0.000694,0.004319,0.012367
fitted for the tabulated model,frame_7117,0.301,0.025,10.9,4.9,0.011656,0.028837,-0.005279,0.01615,0.039954,0.000815,0.00678,3.6e-05,0.005922,0.049287,0.001314,0.007106,-0.000239,0.006434,0.034782
fitted for the tabulated model,frame_7118,0.301,0.05,10.9,4.9,0.011144,0.02445,-0.005622,0.01391,0.030519,0.00134,0.008357,-0.00021,0.009916,0.061851,0.001814,0.008166,-6.9e-05,0.007548,0.033985
fitted for the tabulated model,frame_7120,0.301,0.149,10.9,4.9,0.005423,0.017424,-0.003058,0.005378,0.017279,0.000656,0.002765,-1.9e-05,0.003379,0.01425,0.001807,0.005353,-0.000129,0.005213,0.015443
fitted for the tabulated model,frame_7121,0.301,0.198,11.0,5.0,0.001708,0.004672,0.000658,0.00137,0.003745,0.000912,0.003396,-0.000232,0.003152,0.011733,0.001698,0.005178,-0.000145,0.004034,0.012304
fitted for the tabulated model,frame_7202,0.302,0.05,11.93,4.89,0.00923,0.032665,0.004749,0.013673,0.04839,0.001976,0.010709,-0.000232,0.014249,0.07721,0.002265,0.009086,0.000598,0.008613,0.034554
fitted for the tabulated model,frame_7205,0.302,0.099,11.9,4.9,0.004639,0.011522,0.002387,0.005546,0.013774,0.000459,0.002325,0.0,0.002367,0.011979,0.001438,0.005143,2.5e-05,0.003887,0.0139
fitted for the tabulated model,frame_7207,0.302,0.198,11.9,4.9,0.006887,0.020153,-0.002779,0.005339,0.015625,0.0012,0.003956,-0.000471,0.003599,0.011864,0.00218,0.005631,0.000375,0.004436,0.01146
fitted for the tabulated model,frame_7214,0.302,0.099,8.7,5.0,0.003048,0.007851,-0.000214,0.003043,0.00784,0.000258,0.003514,7.3e-05,0.006859,0.093528,0.000562,0.002393,-0.000224,0.010817,0.046061
fitted for the tabulated model,frame_7216,0.302,0.05,8.7,5.0,0.006823,0.015641,0.002592,0.007175,0.016448,0.000442,0.005755,0.000144,0.011716,0.152433,0.000919,0.003197,-0.000396,0.019885,0.06919
fitted for the tabulated model,frame_7222,0.298,0.051,10.0,5.1,0.010106,0.025937,-0.004422,0.011681,0.029978,0.000842,0.006704,-9.2e-05,0.00753,0.059938,0.001481,0.006667,-6.4e-05,0.007726,0.034777
fitted for the tabulated model,frame_7300,0.3,0.151,10.0,5.0,0.005514,0.008949,0.000164,0.005242,0.008508,0.000586,0.004216,0.000241,0.004984,0.035866,0.00117,0.004047,-0.000598,0.004718,0.016318
fitted for the tabulated model,frame_9202,0.22,0.098,15.0,9.9,0.038163,0.073056,-0.024718,0.021612,0.041372,0.001675,0.00778,-0.000657,0.003531,0.016401,0.01503,0.032214,-0.007919,0.015876,0.034026
fitted for the tabulated model,frame_9203,0.249,0.098,15.0,10.0,0.020545,0.04495,-0.014363,0.011711,0.025623,0.000779,0.003179,-0.000293,0.001638,0.006687,0.008201,0.019594,-0.004244,0.009603,0.022944
fitted for the tabulated model,frame_9208,0.28,0.097,15.0,9.9,0.007702,0.017379,-0.004226,0.004628,0.010441,0.000363,0.002069,7.1e-05,0.000801,0.004567,0.002917,0.007054,-0.000952,0.003793,0.009172
fitted for the tabulated model,frame_9214,0.292,0.049,15.0,10.0,0.01057,0.036008,0.002009,0.009206,0.031362,0.001582,0.009113,-0.000359,0.005558,0.032015,0.003869,0.013835,0.001589,0.007423,0.026545
fitted for the tabulated model,frame_9217,0.29,0.098,15.0,10.0,0.006262,0.016877,-0.000477,0.003591,0.00968,0.000646,0.003853,0.000209,0.00163,0.009716,0.00185,0.006494,0.000249,0.002811,0.009867
fitted for the tabulated model,frame_9218,0.283,0.151,14.9,9.9,0.003743,0.010758,-0.001753,0.001924,0.00553,0.001047,0.004513,0.000382,0.002066,0.008901,0.001547,0.004277,-0.000482,0.001755,0.004853
fitted for the tabulated model,frame_9221,0.302,0.01,9.9,9.9,0.025105,0.054433,0.012098,0.017908,0.038828,0.000629,0.007558,7.4e-05,0.003932,0.047266,0.007806,0.018951,0.003788,0.023273,0.0565
fitted for the tabulated model,frame_9223,0.302,0.048,10.0,9.9,0.02177,0.051078,0.010419,0.013186,0.030939,0.000749,0.005969,0.000111,0.003439,0.027398,0.006689,0.01734,0.003211,0.015368,0.039841
fitted for the tabulated model,frame_9307,0.302,0.145,9.9,9.9,0.00922,0.027208,0.004946,0.004575,0.0135,0.000905,0.004272,0.000316,0.002349,0.01109,0.001905,0.005627,0.000408,0.003118,0.009212
fitted for the tabulated model,frame_10022,0.301,0.098,12.0,9.9,0.013383,0.034589,0.007956,0.008214,0.02123,0.000694,0.004169,0.000212,0.001986,0.011925,0.004419,0.01292,0.002119,0.007214,0.021093
fitted for the tabulated model,frame_10105,0.302,0.097,11.9,7.9,0.019995,0.044596,0.008554,0.015864,0.035382,0.000347,0.001487,0.000101,0.001268,0.005433,0.005389,0.01366,0.002479,0.010471,0.026538
fitted for the tabulated model,frame_10108,0.296,0.125,11.9,7.9,0.014449,0.032337,0.006025,0.009037,0.020226,0.000549,0.002838,0.000219,0.001419,0.007334,0.003244,0.008722,0.001198,0.005065,0.013618
fitted for the tabulated model,frame_10114,0.295,0.025,15.0,5.0,0.025292,0.04572,0.015772,0.039062,0.070612,0.00143,0.009396,6.5e-05,0.009499,0.062406,0.007979,0.016035,0.004604,0.024078,0.048388
fitted for the tabulated model,frame_10117,0.295,0.05,15.0,5.0,0.023751,0.04433,0.015285,0.035831,0.066876,0.001575,0.008233,-1.4e-05,0.010904,0.057019,0.007498,0.015457,0.004389,0.025992,0.053581
fitted for the tabulated model,frame_10118,0.291,0.102,15.0,5.0,0.017782,0.035192,0.012865,0.020338,0.040249,0.000479,0.001745,0.0001,0.00256,0.00933,0.005093,0.011083,0.002789,0.013438,0.029241
fitted for the tabulated model,frame_10120,0.294,0.151,15.0,4.9,0.017817,0.034596,0.012168,0.014667,0.028479,0.000794,0.003469,-0.000227,0.002901,0.01267,0.004729,0.010295,0.002721,0.009688,0.021091
fitted for the tabulated model,frame_10123,0.293,0.202,15.0,4.9,0.013877,0.051852,0.006034,0.009002,0.033638,0.004815,0.024412,0.001014,0.011896,0.060308,0.004281,0.020124,0.000461,0.006683,0.031415
fitted for the tabulated model,frame_10202,0.301,0.01,10.0,4.9,0.013069,0.033013,-0.004136,0.016835,0.042525,0.000845,0.007563,-3.5e-05,0.009834,0.087995,0.001331,0.006417,3.5e-05,0.009895,0.047688
fitted for the tabulated model,frame_10204,0.3,0.049,10.0,5.0,0.009979,0.025225,-0.004086,0.011362,0.028721,0.000584,0.006686,-2.2e-05,0.004975,0.056946,0.001365,0.005489,-9.8e-05,0.006932,0.027866
fitted for the tabulated model,frame_10207,0.302,0.074,9.9,4.9,0.007458,0.020207,-0.000338,0.008136,0.022043,0.001026,0.007038,-8e-05,0.008276,0.056785,0.001331,0.004258,-0.000345,0.00696,0.022272
fitted for the tabulated model,frame_10208,0.3,0.099,10.0,4.9,0.011403,0.021112,-0.001668,0.012113,0.022426,0.000605,0.003549,0.000207,0.005261,0.030881,0.001452,0.004438,-0.000728,0.007483,0.022878
fitted for the tabulated model,frame_10211,0.3,0.149,9.97,4.9,0.006271,0.01134,0.001066,0.005994,0.010838,0.000692,0.004313,0.000302,0.006115,0.038097,0.001329,0.004042,-0.000673,0.006638,0.020189
fitted for the tabulated model,frame_10222,0.301,0.198,5.0,5.0,0.001948,0.004492,-0.000948,0.001768,0.004078,2.4e-05,6.1e-05,-7e-06,0.000399,0.001002,2.3e-05,6.4e-05,-1e-05,0.000449,0.001239
fitted for the tabulated model,frame_10303,0.301,0.099,5.0,10.0,0.004711,0.012642,0.001982,0.002267,0.006083,0.000488,0.004322,0.000163,0.004158,0.036838,0.001081,0.003853,-0.00042,0.005486,0.019558
fitted for the tabulated model,frame_10309,0.301,0.099,3.0,10.0,0.004373,0.011907,0.001048,0.001974,0.005375,7.1e-05,0.000305,3.1e-05,0.000967,0.004154,0.000138,0.000678,-5.1e-05,0.001815,0.008951
fitted for the tabulated model,frame_14218,0.292,0.025,15.0,10.0,0.01337,0.038374,0.003787,0.012131,0.034818,0.000674,0.004883,7e-05,0.003674,0.026602,0.004645,0.014871,0.001958,0.010631,0.034038
fitted for the tabulated model,frame_14219,0.291,0.051,15.0,10.0,0.010348,0.037315,0.001625,0.007921,0.028564,0.001733,0.009446,-0.000404,0.006768,0.036887,0.00387,0.0144,0.001478,0.007903,0.029406
fitted for the reference model,frame_7019,0.297,0.051,9.0,4.9,0.005594,0.011252,0.00154,0.005853,0.011772,0.000418,0.007186,0.000133,0.016233,0.279084,0.00081,0.002779,-0.000369,0.013454,0.046159
fitted for the reference model,frame_7021,0.299,0.1,9.0,4.9,0.003787,0.00896,-0.000553,0.003907,0.009244,0.00033,0.005357,0.000104,0.002784,0.045162,0.000576,0.002316,-0.000254,0.003886,0.015635
fitted for the reference model,frame_7108,0.301,0.025,8.0,4.9,0.005669,0.012703,0.001214,0.005476,0.012271,0.000402,0.003674,4e-05,0.011342,0.103575,0.000431,0.002225,-0.000142,0.015776,0.081428
fitted for the reference model,frame_7111,0.301,0.199,8.0,5.0,0.002276,0.005325,-0.001746,0.002075,0.004856,2.2e-05,5.7e-05,4e-06,0.00028,0.000734,2.8e-05,7.1e-05,-1.9e-05,0.000452,0.001151
fitted for the reference model,frame_7112,0.301,0.025,9.9,4.9,0.010275,0.026289,-0.003322,0.012268,0.031386,0.001215,0.007679,-4.7e-05,0.010425,0.065906,0.001716,0.007816,-1.6e-05,0.01021,0.046498
fitted for the reference model,frame_7113,0.301,0.099,10.0,4.9,0.01106,0.018837,-0.002525,0.011964,0.020376,0.0007,0.005032,0.00023,0.005818,0.041817,0.001461,0.004724,-0.000734,0.006528,0.021113
fitted for the reference model,frame_7114,0.301,0.199,10.0,5.0,0.004537,0.008406,0.001602,0.003699,0.006854,0.000847,0.004052,0.000406,0.003991,0.0191,0.001457,0.004158,-0.000737,0.004543,0.012962
fitted for the reference model,frame_7117,0.301,0.025,10.9,4.9,0.011673,0.028717,-0.005314,0.016174,0.039789,0.00081,0.006595,5.4e-05,0.005885,0.047942,0.001297,0.006861,-0.000248,0.006349,0.033584
fitted for the reference model,frame_7118,0.301,0.05,10.9,4.9,0.011295,0.024631,-0.005737,0.014099,0.030745,0.001407,0.008838,-0.000209,0.010411,0.065411,0.001827,0.008439,-7.6e-05,0.007605,0.035119
fitted for the reference model,frame_7120,0.301,0.149,10.9,4.9,0.005485,0.017488,-0.003203,0.005439,0.017342,0.000665,0.004002,-4e-06,0.003425,0.020621,0.001813,0.005431,-0.000136,0.00523,0.015669
fitted for the reference model,frame_7121,0.301,0.198,11.0,5.0,0.001614,0.004312,0.000479,0.001294,0.003457,0.000938,0.003512,-0.000238,0.003239,0.012132,0.00172,0.005228,-0.000132,0.004087,0.012423
fitted for the reference model,frame_7202,0.302,0.05,11.93,4.89,0.008963,0.028129,0.004793,0.013278,0.04167,0.001946,0.010834,-0.00024,0.014027,0.078108,0.002196,0.00899,0.000589,0.008354,0.034189
fitted for the reference model,frame_7205,0.302,0.099,11.9,4.9,0.004562,0.011523,0.002296,0.005453,0.013775,0.000444,0.002133,2e-05,0.002286,0.010992,0.001429,0.005214,4e-06,0.003863,0.014094
fitted for the reference model,frame_7207,0.302,0.198,11.9,4.9,0.006694,0.019699,-0.002742,0.00519,0.015273,0.001251,0.004106,-0.000501,0.003752,0.012313,0.002192,0.005628,0.000395,0.004461,0.011454
fitted for the reference model,frame_7214,0.302,0.099,8.7,5.0,0.00301,0.007786,-0.000233,0.003006,0.007776,0.000301,0.004928,8.7e-05,0.008005,0.131185,0.000577,0.002439,-0.000231,0.011098,0.046945
fitted for the reference model,frame_7216,0.302,0.05,8.7,5.0,0.006721,0.015496,0.002499,0.007067,0.016295,0.000499,0.007013,0.000162,0.013212,0.185778,0.000952,0.003345,-0.000412,0.020594,0.072396
fitted for the reference model,frame_7222,0.298,0.051,10.0,5.1,0.010023,0.025857,-0.004415,0.011585,0.029887,0.000824,0.008383,-7.8e-05,0.007366,0.074952,0.001461,0.006528,-6.7e-05,0.007621,0.034052
fitted for the reference model,frame_7300,0.3,0.151,10.0,5.0,0.005393,0.008646,4e-06,0.005127,0.00822,0.000669,0.00603,0.00027,0.005692,0.051301,0.001198,0.00414,-0.000611,0.00483,0.016693
fitted for the reference model,frame_9202,0.22,0.098,15.0,9.9,0.038009,0.073021,-0.024522,0.021524,0.041352,0.001762,0.008072,-0.000707,0.003714,0.017019,0.014977,0.03323,-0.007861,0.015819,0.035099
fitted for the reference model,frame_9203,0.249,0.098,15.0,10.0,0.020372,0.044938,-0.014032,0.011613,0.025616,0.000831,0.003347,-0.000319,0.001747,0.007039,0.008157,0.019593,-0.004205,0.009552,0.022943
fitted for the reference model,frame_9208,0.28,0.097,15.0,9.9,0.007667,0.017357,-0.004312,0.004606,0.010428,0.000362,0.003704,7e-05,0.000799,0.008174,0.002892,0.007048,-0.000947,0.003761,0.009164
fitted for the reference model,frame_9214,0.292,0.049,15.0,10.0,0.010746,0.036607,0.001996,0.00936,0.031884,0.001689,0.009815,-0.000371,0.005932,0.034481,0.003913,0.013992,0.001598,0.007508,0.026847
fitted for the reference model,frame_9217,0.29,0.098,15.0,10.0,0.006193,0.016459,-0.000586,0.003552,0.00944,0.000652,0.00376,0.000222,0.001643,0.009482,0.001815,0.006296,0.000241,0.002758,0.009568
fitted for the reference model,frame_9218,0.283,0.151,14.9,9.9,0.003817,0.010862,-0.00198,0.001962,0.005584,0.001077,0.004604,0.000406,0.002125,0.00908,0.001577,0.004332,-0.000522,0.001789,0.004914
fitted for the reference model,frame_9221,0.302,0.01,9.9,9.9,0.02511,0.054431,0.012139,0.017912,0.038827,0.000705,0.007726,8e-05,0.004411,0.048318,0.007799,0.018949,0.003793,0.02325,0.056493
fitted for the reference model,frame_9223,0.302,0.048,10.0,9.9,0.021602,0.050938,0.010383,0.013085,0.030854,0.000823,0.00658,0.000142,0.003778,0.030199,0.006639,0.017256,0.003179,0.015253,0.039648
fitted for the reference model,frame_9307,0.302,0.145,9.9,9.9,0.009168,0.027016,0.004925,0.004549,0.013405,0.000936,0.004367,0.000339,0.002429,0.011337,0.00189,0.005554,0.000392,0.003094,0.009092
fitted for the reference model,frame_10022,0.301,0.098,12.0,9.9,0.013272,0.034095,0.007892,0.008146,0.020926,0.000697,0.004033,0.000223,0.001993,0.011536,0.004376,0.012713,0.002096,0.007143,0.020755
fitted for the reference model,frame_10105,0.302,0.097,11.9,7.9,0.019899,0.044578,0.008481,0.015788,0.035367,0.000357,0.002022,0.000111,0.001304,0.007385,0.005377,0.013696,0.002463,0.010447,0.026609
fitted for the reference model,frame_10108,0.296,0.125,11.9,7.9,0.014477,0.03229,0.006101,0.009055,0.020196,0.000556,0.002742,0.000234,0.001438,0.007086,0.003232,0.0087,0.001186,0.005047,0.013583
fitted for the reference model,frame_10114,0.295,0.025,15.0,5.0,0.025137,0.045555,0.015759,0.038823,0.070358,0.001382,0.009069,0.000108,0.009178,0.060235,0.007962,0.016035,0.004549,0.024027,0.048389
fitted for the reference model,frame_10117,0.295,0.05,15.0,5.0,0.023665,0.044332,0.015178,0.035701,0.066879,0.001652,0.008701,-9e-06,0.011444,0.060254,0.007467,0.015457,0.004379,0.025883,0.053582
fitted for the reference model,frame_10118,0.291,0.102,15.0,5.0,0.01782,0.034903,0.012952,0.020381,0.039918,0.000503,0.002125,0.000127,0.002691,0.011359,0.00507,0.010929,0.00277,0.013376,0.028835
fitted for the reference model,frame_10120,0.294,0.151,15.0,4.9,0.057053,0.242983,0.027822,0.046966,0.200024,0.022038,0.104915,-0.006863,0.080497,0.38322,0.018631,0.083172,0.008902,0.03817,0.170394
fitted for the reference model,frame_10123,0.293,0.202,15.0,4.9,0.014469,0.053075,0.006092,0.009387,0.034431,0.005039,0.023907,0.001247,0.012448,0.05906,0.00447,0.020099,0.000308,0.006977,0.031375
fitted for the reference model,frame_10202,0.301,0.01,10.0,4.9,0.013043,0.032481,-0.004144,0.016802,0.04184,0.000942,0.008249,-3.5e-05,0.010962,0.095975,0.001386,0.007305,3.7e-05,0.010303,0.054287
fitted for the reference model,frame_10204,0.3,0.049,10.0,5.0,0.009899,0.025091,-0.004064,0.011271,0.028569,0.000568,0.008175,-3e-06,0.004841,0.069623,0.001356,0.005153,-0.000106,0.006884,0.026164
fitted for the reference model,frame_10207,0.302,0.074,9.9,4.9,0.007393,0.019177,-0.000383,0.008065,0.02092,0.001164,0.009041,-9.5e-05,0.009388,0.072939,0.001368,0.004358,-0.000345,0.007157,0.022796
fitted for the reference model,frame_10208,0.3,0.099,10.0,4.9,0.011411,0.021186,-0.001987,0.012121,0.022505,0.000692,0.005205,0.000224,0.006021,0.045289,0.001471,0.004559,-0.000734,0.007583,0.023498
fitted for the reference model,frame_10211,0.3,0.149,9.97,4.9,0.006166,0.010921,0.000951,0.005893,0.010438,0.00079,0.006112,0.000334,0.00698,0.053988,0.001366,0.004157,-0.000692,0.006825,0.020761
fitted for the reference model,frame_10222,0.301,0.198,5.0,5.0,0.001932,0.004442,-0.000936,0.001754,0.004032,2.4e-05,6.1e-05,-7e-06,0.000396,0.000992,2.2e-05,6.2e-05,-9e-06,0.000434,0.001193
fitted for the reference model,frame_10303,0.301,0.099,5.0,10.0,0.004643,0.012293,0.001941,0.002234,0.005915,0.000573,0.006239,0.000182,0.00488,0.053179,0.001107,0.00395,-0.000431,0.005621,0.020051
fitted for the reference model,frame_10309,0.301,0.099,3.0,10.0,0.004357,0.011857,0.00105,0.001967,0.005353,7.8e-05,0.000361,3.4e-05,0.001061,0.004907,0.000148,0.000724,-5.4e-05,0.001947,0.009555
fitted for the reference model,frame_14218,0.292,0.025,15.0,10.0,0.013506,0.040747,0.004002,0.012255,0.036971,0.001386,0.009934,6.4e-05,0.007552,0.05412,0.004716,0.015136,0.001962,0.010793,0.034643
fitted for the reference model,frame_14219,0.291,0.051,15.0,10.0,0.010281,0.035955,0.001547,0.00787,0.027523,0.001785,0.009799,-0.000413,0.006972,0.038265,0.003832,0.013941,0.001465,0.007825,0.028468
