frame,M,k,alpha0_deg,amp_deg,CD_neg_frac,CD_min,onset_default_deg,onset_fine_deg,onset_shift_deg,sheddings_per_cycle,repeated_sheddings_per_cycle
frame_7023,0.299,0.201,9.0,5.0,0.0,0.0026,13.6643,13.6654,0.0011,1,0
frame_7101,0.301,0.15,9.0,4.9,0.0,0.0067,13.3218,13.3225,0.0008,2,1
frame_7104,0.301,0.025,8.9,4.9,0.0,0.01,12.031,12.031,0.0,8,7
frame_7110,0.301,0.1,8.0,4.9,0.0,0.008,12.7056,12.7059,0.0004,2,1
frame_7119,0.301,0.099,10.9,4.9,0.0,0.012,13.0049,13.0051,0.0001,2,1
frame_7200,0.301,0.025,11.9,4.9,0.0,0.0159,12.0816,12.0816,0.0,9,8
frame_7212,0.302,0.149,8.7,5.0,0.0,0.0063,13.2788,13.2796,0.0008,1,0
frame_7305,0.3,0.151,12.0,4.9,0.0,0.0127,13.2066,13.2064,0.0003,2,1
frame_9210,0.295,0.01,15.0,10.0,0.0,0.0116,12.1231,12.1231,0.0,23,22
frame_9213,0.294,0.024,15.0,10.0,0.0,0.0115,12.5579,12.5578,0.0,10,9
frame_9222,0.302,0.024,9.9,9.9,0.0,0.0072,12.4414,12.4414,0.0,8,7
frame_9302,0.302,0.096,9.8,9.9,0.0,0.0039,14.2908,14.2911,0.0002,2,1
frame_10104,0.302,0.048,11.9,7.9,0.0,0.0097,12.8393,12.8392,0.0,5,4
frame_10113,0.302,0.01,15.0,5.0,0.0,0.0249,11.7792,11.7792,0.0,31,30
frame_10203,0.301,0.025,10.0,5.0,0.0,0.0116,12.0796,12.0797,0.0,8,7
frame_10212,0.3,0.198,10.0,5.0,0.0,0.0036,13.7183,13.7191,0.0008,2,1
frame_10218,0.3,0.01,5.0,5.0,0.0,0.0072,,,,0,0
frame_10221,0.301,0.099,5.0,5.0,0.0,0.0063,,,,0,0
frame_10305,0.301,0.099,3.7,10.0,0.0,0.0021,13.5473,13.5479,0.0006,1,0
frame_14220,0.287,0.103,15.0,10.0,0.0,0.01,14.1576,14.157,0.0006,3,2
