M,alpha_deg,f_more,f_less,CN_static_model,Cm_static
0.215,4.0,0.9954,0.9954,0.4721,0.0019
0.215,4.5,0.9925,0.9925,0.5302,0.0027
0.215,5.0,0.9806,0.9806,0.5854,0.0036
0.215,5.5,0.9881,0.9881,0.6463,0.0044
0.215,6.0,0.9849,0.9849,0.7038,0.0051
0.215,6.5,0.9821,0.9821,0.7613,0.0066
0.215,7.0,0.9825,0.9825,0.8199,0.009
0.215,7.5,0.9634,0.9634,0.8699,0.0115
0.215,8.0,0.9534,0.9534,0.923,0.0134
0.215,8.5,0.9435,0.9435,0.9756,0.0139
0.215,9.0,0.9344,0.9344,1.028,0.0141
0.215,9.5,0.9272,0.9272,1.081,0.0145
0.215,10.0,0.9262,0.9262,1.1372,0.0158
0.215,10.5,0.9208,0.9208,1.1905,0.0172
0.215,11.0,0.9095,0.9095,1.2397,0.0187
0.215,11.5,0.8972,0.8972,1.2875,0.02
0.215,12.0,0.8767,0.8767,1.3284,0.022
0.215,12.5,0.8671,0.8671,1.3763,0.0234
0.215,13.0,0.8551,0.8551,1.4218,0.0244
0.215,13.5,0.8356,0.8356,1.4602,0.0255
0.215,14.0,0.8057,0.8057,1.4882,0.0276
0.215,14.5,0.776,0.776,1.5144,0.0306
0.215,15.0,0.7518,0.7518,1.5435,0.0329
0.215,15.5,0.727,0.727,1.5705,0.034
0.215,16.0,0.6918,0.6918,1.5847,0.0304
0.215,16.5,0.065,0.468,0.767,-0.0735
0.215,17.0,0.031,0.1264,0.6939,-0.0828
0.215,17.5,0.0244,0.0942,0.6906,-0.081
0.215,18.0,0.022,0.0741,0.7004,-0.0775
0.215,18.5,0.02,0.0655,0.7114,-0.0747
0.215,19.0,0.02,0.0485,0.7306,-0.0729
0.215,19.5,0.02,0.0417,0.7498,-0.0753
0.215,20.0,0.02,0.0416,0.7691,-0.0784
0.215,20.5,0.02,0.0392,0.7883,-0.0811
0.215,21.0,0.02,0.0402,0.8075,-0.0797
0.215,21.5,0.02,0.0312,0.8267,-0.0786
0.215,22.0,0.02,0.0259,0.8459,-0.0797
0.215,22.5,0.02,0.0234,0.8651,-0.0812
0.215,23.0,0.02,0.0245,0.8844,-0.0832
0.215,23.5,0.02,0.0251,0.9036,-0.0858
0.215,24.0,0.02,0.0216,0.9228,-0.0885
0.215,24.5,0.02,0.02,0.942,-0.0913
0.215,25.0,0.02,0.02,0.9612,-0.0953
0.302,4.0,1.0,1.0,0.4399,-0.0019
0.302,4.5,1.0,1.0,0.4984,-0.0006
0.302,5.0,0.9633,0.9633,0.5467,0.0011
0.302,5.5,0.9358,0.9358,0.5955,0.0025
0.302,6.0,0.9298,0.9298,0.65,0.0038
0.302,6.5,0.9351,0.9351,0.7084,0.0049
0.302,7.0,0.9438,0.9438,0.7685,0.0061
0.302,7.5,0.9501,0.9501,0.8281,0.0072
0.302,8.0,0.9504,0.9504,0.8852,0.0084
0.302,8.5,0.947,0.947,0.9406,0.0095
0.302,9.0,0.9454,0.9454,0.9967,0.0106
0.302,9.5,0.9392,0.9392,1.0502,0.0118
0.302,10.0,0.9242,0.9242,1.0982,0.0132
0.302,10.5,0.8963,0.8963,1.1373,0.0152
0.302,11.0,0.8667,0.8667,1.1735,0.0177
0.302,11.5,0.8548,0.8548,1.2199,0.0202
0.302,12.0,0.8503,0.8503,1.2708,0.0228
0.302,12.5,0.8239,0.8239,1.3051,0.0256
0.302,13.0,0.7753,0.7753,1.3198,0.029
0.302,13.5,0.7587,0.7587,1.3578,0.0292
0.302,14.0,0.6887,0.6887,1.3477,0.0293
0.302,14.5,0.4455,0.6864,1.1597,-0.0623
0.302,15.0,0.2952,0.6127,1.0283,-0.0673
0.302,15.5,0.2118,0.5028,0.9518,-0.0743
0.302,16.0,0.1691,0.3692,0.918,-0.0925
0.302,16.5,0.1313,0.3242,0.8827,-0.088
0.302,17.0,0.1054,0.2965,0.8602,-0.0794
0.302,17.5,0.0923,0.2743,0.8582,-0.0789
0.302,18.0,0.082,0.2564,0.8596,-0.0793
0.302,18.5,0.0743,0.2429,0.865,-0.0803
0.302,19.0,0.0689,0.233,0.8746,-0.0825
0.302,19.5,0.0654,0.2254,0.8884,-0.0862
0.302,20.0,0.0636,0.2186,0.9062,-0.0919
0.302,20.5,0.0468,0.209,0.8767,-0.0935
0.302,21.0,0.0433,0.1924,0.8863,-0.0935
0.302,21.5,0.0414,0.1751,0.9006,-0.0935
0.302,22.0,0.0407,0.1574,0.9192,-0.0935
0.302,22.5,0.0412,0.1396,0.9421,-0.0935
0.302,23.0,0.0426,0.1219,0.9691,-0.0935
0.302,23.5,0.045,0.1047,0.9996,-0.0935
0.302,24.0,0.0483,0.088,1.0339,-0.0935
0.302,24.5,0.0523,0.0722,1.0713,-0.0935
0.302,25.0,0.0571,0.0575,1.1119,-0.0935
