frame,M,k,compressible_weight,alpha_mean_deg,alpha_amp_deg,steps_per_cycle,max_abs_dCL,max_abs_dCM,max_abs_dCD,range_CL,range_CM,range_CD,nRMS_CL_indicial,nRMS_CM_indicial,nRMS_CD_indicial,nRMS_CL_state_space,nRMS_CM_state_space,nRMS_CD_state_space,damping_indicial,damping_state_space,cpu_s_indicial,cpu_s_state_space
frame_7023,0.299,0.201,1.0,9.0,5.0,1800,0.0003921,3.8e-05,0.0001173,0.8917689,0.0531239,0.0494735,0.1380901,0.35924,0.3380709,0.1381875,0.3593521,0.3383261,0.2835999,0.2835633,0.401807,1.8725752
frame_7101,0.301,0.15,1.0,9.0,4.9,2160,0.0002463,3.27e-05,8.68e-05,0.9305178,0.0456607,0.0539169,0.0971954,0.3826636,0.2969978,0.0972592,0.3827077,0.2971547,0.2260577,0.2260397,0.3243152,1.8339461
frame_7104,0.301,0.025,1.0,8.9,4.9,12600,7.3e-06,1.4e-06,3.8e-06,0.9675992,0.0328914,0.0712714,0.0420374,0.0750564,0.2589377,0.0420323,0.0750683,0.2589152,0.0535077,0.0535075,0.9765339,5.1453828
frame_7110,0.301,0.1,1.0,8.0,4.9,3240,0.0001086,1.25e-05,2.76e-05,0.9848749,0.037922,0.0364717,0.0424846,0.1249101,0.2056014,0.0425024,0.1248534,0.2055753,0.1676277,0.1676165,0.4342824,2.136832
frame_7119,0.301,0.099,1.0,10.9,4.9,3240,0.0001787,0.0002479,0.000124,0.9228143,0.1513491,0.2033091,0.0879033,0.1125316,0.180655,0.0879376,0.1125862,0.1807741,0.0531745,0.0532209,0.4187352,2.1767895
frame_7200,0.301,0.025,1.0,11.9,4.9,12600,0.0016903,0.0035029,0.0004614,0.6960238,0.1780059,0.2469252,0.1385689,0.1491118,0.114443,0.1385181,0.1487133,0.11442,0.0171333,0.0171085,0.9712247,5.0971718
frame_7212,0.302,0.149,1.0,8.7,5.0,2160,0.0003767,5.01e-05,0.0015763,0.9476857,0.0458166,0.0480974,0.0657253,0.2272804,0.1881355,0.0657897,0.2273036,0.1884292,0.2266069,0.2266107,0.3196321,1.6373079
frame_7305,0.3,0.151,1.0,12.0,4.9,2160,0.0008627,0.0009329,0.0003753,0.9544256,0.2442953,0.3345732,0.0850172,0.0957216,0.1321375,0.0849702,0.0955026,0.132311,-0.0106869,-0.0104377,0.3303623,2.1832448
frame_8019,0.035,0.104,0.0,10.0,9.9,3240,0.0004283,0.0003472,0.0004126,1.7807498,0.3750154,0.5509612,0.1433991,0.281156,0.2657804,0.1434116,0.2812544,0.2658474,0.1403496,0.1403488,0.5997562,2.7185095
frame_8118,0.072,0.248,0.0,15.0,9.9,1440,0.0023302,0.0007644,0.0011099,1.5101127,0.3897742,0.8459253,0.1769382,0.2868746,0.3032938,0.1771603,0.2869419,0.3033367,0.1743669,0.174637,0.6083372,2.1486966
frame_8214,0.109,0.1,0.09,15.0,9.9,3240,0.0013112,8.37e-05,0.0003279,1.4469958,0.4315119,0.7362495,0.2110948,0.278283,0.2447814,0.2110924,0.278317,0.2447965,0.224649,0.2246886,0.5975609,3.0179564
frame_8220,0.184,0.099,0.84,14.9,9.9,3240,0.0003078,8.54e-05,0.0003077,1.4954081,0.4213701,0.7580297,0.2158089,0.2882756,0.2436362,0.2158701,0.2883033,0.2436525,0.1584036,0.1584518,0.5958179,2.7893573
frame_9210,0.295,0.01,1.0,15.0,10.0,31680,0.0005218,6.8e-06,4.97e-05,0.9159872,0.1698655,0.4538262,0.0848142,0.1891508,0.0784609,0.0847717,0.1891507,0.0784641,0.0142277,0.0142277,2.7347718,13.4838577
frame_9213,0.294,0.024,1.0,15.0,10.0,13320,0.0052246,0.0048435,0.0016301,0.9904105,0.2585247,0.4484387,0.0830142,0.1009325,0.0790366,0.0830589,0.1012902,0.079244,0.0379845,0.0379093,1.0507686,5.385984
frame_9222,0.302,0.024,1.0,9.9,9.9,13320,0.0010717,1.7e-05,4.93e-05,1.5340578,0.2385403,0.33269,0.0456363,0.1382177,0.1256929,0.0456436,0.1382192,0.1256931,0.0346886,0.0346883,1.0071238,5.3540764
frame_9302,0.302,0.096,1.0,9.8,9.9,3600,0.0004238,0.0002533,0.0001653,1.7042336,0.3279977,0.5287752,0.0655958,0.1140807,0.1134739,0.0655825,0.1140354,0.1135184,0.0870623,0.0870707,0.4519394,2.6684387
frame_10104,0.302,0.048,1.0,11.9,7.9,6840,0.0016279,0.0011051,0.0003385,1.1766131,0.1756862,0.352153,0.0958789,0.1431608,0.0745111,0.0959257,0.1432166,0.0745496,0.0227587,0.0227118,0.5371467,2.8084095
frame_10113,0.302,0.01,1.0,15.0,5.0,31680,0.0014913,0.0022502,0.000407,0.6348023,0.1406985,0.2919832,0.1159012,0.1969933,0.1506014,0.115885,0.1972464,0.1505318,0.0096329,0.0096258,3.3033328,13.6973636
frame_10203,0.301,0.025,1.0,10.0,5.0,12600,1.89e-05,1.99e-05,9.3e-06,0.8969193,0.1249228,0.1900124,0.072528,0.4577265,0.2801617,0.0725216,0.4576991,0.2801421,0.0283632,0.0283642,0.9485693,4.9545061
frame_10212,0.3,0.198,1.0,10.0,5.0,1800,0.0004305,0.0001076,0.0001844,0.9039858,0.0546698,0.0817746,0.2089945,0.3344268,0.3207914,0.2090406,0.3346149,0.3210353,0.2690552,0.2690901,0.427922,2.0268237
frame_10218,0.3,0.01,1.0,5.0,5.0,31680,1.2e-06,1e-07,1e-07,1.1396784,0.0189219,0.017887,0.030438,0.1001679,0.218954,0.0304381,0.1001658,0.2189541,0.0171892,0.0171893,2.2754219,11.7275678
frame_10221,0.301,0.099,1.0,5.0,5.0,3240,0.0001212,1.03e-05,1.17e-05,1.0301328,0.0324323,0.0202828,0.0339415,0.1202005,0.2102787,0.0339681,0.120131,0.210277,0.1561786,0.1561742,0.3894634,1.9672215
frame_10305,0.301,0.099,1.0,3.7,10.0,3240,0.0003603,4.2e-05,0.0016919,2.048751,0.0614542,0.0469089,0.0214829,0.1830084,0.217601,0.021522,0.1830119,0.2177813,0.1517899,0.1517881,0.3851661,1.9945169
frame_14220,0.287,0.103,1.0,15.0,10.0,3240,0.0002323,6.94e-05,0.0001821,1.3581514,0.374724,0.7067554,0.0849313,0.1281448,0.0849368,0.0849302,0.1281611,0.0849567,0.1359068,0.1359386,0.4125889,2.4257892
