alpha_deg,Cl_lower,Cm_lower,Cn_lower,Cl_upper,Cm_upper,Cn_upper,Cl_mean,Cm_mean,Cn_mean,Cd,CL_measured,CM_measured,CD_measured,CN_basis,source
0.0,-0.0289,-0.0054,-0.0289,-0.0289,-0.0054,-0.0289,-0.0289,-0.0054,-0.0289,0.00711,True,True,True,"CL,CD","NASA TM-84245: Vol. 1 Fig. 16(a), Fig. 9, Table 7; Vol. 2 Fig. 4 (see static_naca0012_M030_*.csv)"
0.5,0.0305,-0.0051,0.0305,0.0305,-0.0051,0.0305,0.0305,-0.0051,0.0305,0.00712,True,True,True,"CL,CD","NASA TM-84245: Vol. 1 Fig. 16(a), Fig. 9, Table 7; Vol. 2 Fig. 4 (see static_naca0012_M030_*.csv)"
1.0,0.0933,-0.005,0.0934,0.0933,-0.005,0.0934,0.0933,-0.005,0.0934,0.00713,True,True,True,"CL,CD","NASA TM-84245: Vol. 1 Fig. 16(a), Fig. 9, Table 7; Vol. 2 Fig. 4 (see static_naca0012_M030_*.csv)"
1.5,0.1569,-0.0048,0.1571,0.1569,-0.0048,0.1571,0.1569,-0.0048,0.1571,0.00715,True,True,True,"CL,CD","NASA TM-84245: Vol. 1 Fig. 16(a), Fig. 9, Table 7; Vol. 2 Fig. 4 (see static_naca0012_M030_*.csv)"
2.0,0.2188,-0.0045,0.2189,0.2188,-0.0045,0.2189,0.2188,-0.0045,0.2189,0.00718,True,True,True,"CL,CD","NASA TM-84245: Vol. 1 Fig. 16(a), Fig. 9, Table 7; Vol. 2 Fig. 4 (see static_naca0012_M030_*.csv)"
2.5,0.2806,-0.0041,0.2806,0.2806,-0.0041,0.2806,0.2806,-0.0041,0.2806,0.00727,True,True,True,"CL,CD","NASA TM-84245: Vol. 1 Fig. 16(a), Fig. 9, Table 7; Vol. 2 Fig. 4 (see static_naca0012_M030_*.csv)"
3.0,0.343,-0.0035,0.3429,0.343,-0.0035,0.3429,0.343,-0.0035,0.3429,0.00747,True,True,True,"CL,CD","NASA TM-84245: Vol. 1 Fig. 16(a), Fig. 9, Table 7; Vol. 2 Fig. 4 (see static_naca0012_M030_*.csv)"
3.5,0.4017,-0.0027,0.4014,0.4017,-0.0027,0.4014,0.4017,-0.0027,0.4014,0.00774,True,True,True,"CL,CD","NASA TM-84245: Vol. 1 Fig. 16(a), Fig. 9, Table 7; Vol. 2 Fig. 4 (see static_naca0012_M030_*.csv)"
4.0,0.452,-0.0019,0.4515,0.452,-0.0019,0.4515,0.452,-0.0019,0.4515,0.00805,True,True,True,"CL,CD","NASA TM-84245: Vol. 1 Fig. 16(a), Fig. 9, Table 7; Vol. 2 Fig. 4 (see static_naca0012_M030_*.csv)"
4.5,0.49,-0.0006,0.4892,0.49,-0.0006,0.4892,0.49,-0.0006,0.4892,0.00836,True,True,True,"CL,CD","NASA TM-84245: Vol. 1 Fig. 16(a), Fig. 9, Table 7; Vol. 2 Fig. 4 (see static_naca0012_M030_*.csv)"
5.0,0.5271,0.0011,0.5259,0.5271,0.0011,0.5259,0.5271,0.0011,0.5259,0.00865,True,True,True,"CL,CD","NASA TM-84245: Vol. 1 Fig. 16(a), Fig. 9, Table 7; Vol. 2 Fig. 4 (see static_naca0012_M030_*.csv)"
5.5,0.5737,0.0025,0.5719,0.5737,0.0025,0.5719,0.5737,0.0025,0.5719,0.00891,True,True,True,"CL,CD","NASA TM-84245: Vol. 1 Fig. 16(a), Fig. 9, Table 7; Vol. 2 Fig. 4 (see static_naca0012_M030_*.csv)"
6.0,0.6259,0.0038,0.6234,0.6259,0.0038,0.6234,0.6259,0.0038,0.6234,0.00916,True,True,True,"CL,CD","NASA TM-84245: Vol. 1 Fig. 16(a), Fig. 9, Table 7; Vol. 2 Fig. 4 (see static_naca0012_M030_*.csv)"
6.5,0.6819,0.0049,0.6786,0.6819,0.0049,0.6786,0.6819,0.0049,0.6786,0.00943,True,True,True,"CL,CD","NASA TM-84245: Vol. 1 Fig. 16(a), Fig. 9, Table 7; Vol. 2 Fig. 4 (see static_naca0012_M030_*.csv)"
7.0,0.7397,0.0061,0.7354,0.7397,0.0061,0.7354,0.7397,0.0061,0.7354,0.0097,True,True,True,"CL,CD","NASA TM-84245: Vol. 1 Fig. 16(a), Fig. 9, Table 7; Vol. 2 Fig. 4 (see static_naca0012_M030_*.csv)"
7.5,0.7973,0.0072,0.7917,0.7973,0.0072,0.7917,0.7973,0.0072,0.7917,0.00999,True,True,True,"CL,CD","NASA TM-84245: Vol. 1 Fig. 16(a), Fig. 9, Table 7; Vol. 2 Fig. 4 (see static_naca0012_M030_*.csv)"
8.0,0.8526,0.0084,0.8457,0.8526,0.0084,0.8457,0.8526,0.0084,0.8457,0.01031,True,True,True,"CL,CD","NASA TM-84245: Vol. 1 Fig. 16(a), Fig. 9, Table 7; Vol. 2 Fig. 4 (see static_naca0012_M030_*.csv)"
8.5,0.9064,0.0095,0.898,0.9064,0.0095,0.898,0.9064,0.0095,0.898,0.01063,True,True,True,"CL,CD","NASA TM-84245: Vol. 1 Fig. 16(a), Fig. 9, Table 7; Vol. 2 Fig. 4 (see static_naca0012_M030_*.csv)"
9.0,0.9611,0.0106,0.951,0.9611,0.0106,0.951,0.9611,0.0106,0.951,0.01097,True,True,True,"CL,CD","NASA TM-84245: Vol. 1 Fig. 16(a), Fig. 9, Table 7; Vol. 2 Fig. 4 (see static_naca0012_M030_*.csv)"
9.5,1.0135,0.0118,1.0015,1.0135,0.0118,1.0015,1.0135,0.0118,1.0015,0.01137,True,True,True,"CL,CD","NASA TM-84245: Vol. 1 Fig. 16(a), Fig. 9, Table 7; Vol. 2 Fig. 4 (see static_naca0012_M030_*.csv)"
10.0,1.0608,0.0132,1.0468,1.0608,0.0132,1.0468,1.0608,0.0132,1.0468,0.0119,True,True,True,"CL,CD","NASA TM-84245: Vol. 1 Fig. 16(a), Fig. 9, Table 7; Vol. 2 Fig. 4 (see static_naca0012_M030_*.csv)"
10.5,1.0997,0.0152,1.0836,1.0997,0.0152,1.0836,1.0997,0.0152,1.0836,0.01272,True,True,True,"CL,CD","NASA TM-84245: Vol. 1 Fig. 16(a), Fig. 9, Table 7; Vol. 2 Fig. 4 (see static_naca0012_M030_*.csv)"
11.0,1.1358,0.0177,1.1176,1.1358,0.0177,1.1176,1.1358,0.0177,1.1176,0.0139,True,True,True,"CL,CD","NASA TM-84245: Vol. 1 Fig. 16(a), Fig. 9, Table 7; Vol. 2 Fig. 4 (see static_naca0012_M030_*.csv)"
11.5,1.182,0.0202,1.1614,1.182,0.0202,1.1614,1.182,0.0202,1.1614,0.01539,True,True,True,"CL,CD","NASA TM-84245: Vol. 1 Fig. 16(a), Fig. 9, Table 7; Vol. 2 Fig. 4 (see static_naca0012_M030_*.csv)"
12.0,1.2329,0.0228,1.2095,1.2329,0.0228,1.2095,1.2329,0.0228,1.2095,0.01711,True,True,True,"CL,CD","NASA TM-84245: Vol. 1 Fig. 16(a), Fig. 9, Table 7; Vol. 2 Fig. 4 (see static_naca0012_M030_*.csv)"
12.5,1.2677,0.0256,1.2417,1.2677,0.0256,1.2417,1.2677,0.0256,1.2417,0.01865,True,True,True,"CL,CD","NASA TM-84245: Vol. 1 Fig. 16(a), Fig. 9, Table 7; Vol. 2 Fig. 4 (see static_naca0012_M030_*.csv)"
13.0,1.2837,0.029,1.2554,1.2837,0.029,1.2554,1.2837,0.029,1.2554,0.02039,True,True,True,"CL,CD","NASA TM-84245: Vol. 1 Fig. 16(a), Fig. 9, Table 7; Vol. 2 Fig. 4 (see static_naca0012_M030_*.csv)"
13.5,1.3223,0.0292,1.2912,1.3223,0.0292,1.2912,1.3223,0.0292,1.2912,0.02347,True,True,True,"CL,CD","NASA TM-84245: Vol. 1 Fig. 16(a), Fig. 9, Table 7; Vol. 2 Fig. 4 (see static_naca0012_M030_*.csv)"
14.0,1.3133,0.0293,1.2813,1.3133,0.0293,1.2813,1.3133,0.0293,1.2813,0.02901,True,True,True,"CL,CD","NASA TM-84245: Vol. 1 Fig. 16(a), Fig. 9, Table 7; Vol. 2 Fig. 4 (see static_naca0012_M030_*.csv)"
14.5,1.0892,-0.0623,1.1023,1.3197,0.0267,1.3255,1.2045,-0.0178,1.2139,0.19077,True,True,True,"CL,CD","NASA TM-84245: Vol. 1 Fig. 16(a), Fig. 9, Table 7; Vol. 2 Fig. 4 (see static_naca0012_M030_*.csv)"
15.0,0.9584,-0.0673,0.9772,1.2966,0.0178,1.3039,1.1275,-0.0248,1.1406,0.199,True,True,True,"CL,CD","NASA TM-84245: Vol. 1 Fig. 16(a), Fig. 9, Table 7; Vol. 2 Fig. 4 (see static_naca0012_M030_*.csv)"
15.5,0.9095,-0.0743,0.9043,1.2567,0.0051,1.2388,1.0831,-0.0346,1.0715,0.10403,True,True,True,"CL,CD","NASA TM-84245: Vol. 1 Fig. 16(a), Fig. 9, Table 7; Vol. 2 Fig. 4 (see static_naca0012_M030_*.csv)"
16.0,0.8739,-0.0925,0.8721,1.144,-0.0182,1.1317,1.0089,-0.0554,1.0019,0.11629,True,True,True,"CL,CD","NASA TM-84245: Vol. 1 Fig. 16(a), Fig. 9, Table 7; Vol. 2 Fig. 4 (see static_naca0012_M030_*.csv)"
16.5,0.835,-0.088,0.8384,1.121,-0.0238,1.1126,0.978,-0.0559,0.9755,0.13307,True,True,True,"CL,CD","NASA TM-84245: Vol. 1 Fig. 16(a), Fig. 9, Table 7; Vol. 2 Fig. 4 (see static_naca0012_M030_*.csv)"
17.0,0.8071,-0.0794,0.8169,1.1142,-0.0255,1.1105,0.9606,-0.0525,0.9637,0.15396,True,True,True,"CL,CD","NASA TM-84245: Vol. 1 Fig. 16(a), Fig. 9, Table 7; Vol. 2 Fig. 4 (see static_naca0012_M030_*.csv)"
17.5,0.7982,-0.0789,0.8149,1.1106,-0.0264,1.1129,0.9544,-0.0527,0.9639,0.17859,True,True,True,"CL,CD","NASA TM-84245: Vol. 1 Fig. 16(a), Fig. 9, Table 7; Vol. 2 Fig. 4 (see static_naca0012_M030_*.csv)"
18.0,0.7909,-0.0793,0.8161,1.1095,-0.0267,1.1191,0.9502,-0.053,0.9676,0.20673,True,True,True,"CL,CD","NASA TM-84245: Vol. 1 Fig. 16(a), Fig. 9, Table 7; Vol. 2 Fig. 4 (see static_naca0012_M030_*.csv)"
18.5,0.7852,-0.0803,0.8211,1.1109,-0.0267,1.1299,0.948,-0.0535,0.9755,0.24088,True,True,True,"CL,CD","NASA TM-84245: Vol. 1 Fig. 16(a), Fig. 9, Table 7; Vol. 2 Fig. 4 (see static_naca0012_M030_*.csv)"
19.0,0.7811,-0.0825,0.8301,1.1141,-0.0267,1.145,0.9476,-0.0546,0.9876,0.28139,True,True,True,"CL,CD","NASA TM-84245: Vol. 1 Fig. 16(a), Fig. 9, Table 7; Vol. 2 Fig. 4 (see static_naca0012_M030_*.csv)"
19.5,0.7785,-0.0862,0.8431,1.1175,-0.0267,1.1627,0.948,-0.0565,1.0029,0.3274,True,True,True,"CL,CD","NASA TM-84245: Vol. 1 Fig. 16(a), Fig. 9, Table 7; Vol. 2 Fig. 4 (see static_naca0012_M030_*.csv)"
20.0,0.7775,-0.0919,0.8599,1.1194,-0.0267,1.1812,0.9485,-0.0593,1.0206,0.378,True,True,True,"CL,CD","NASA TM-84245: Vol. 1 Fig. 16(a), Fig. 9, Table 7; Vol. 2 Fig. 4 (see static_naca0012_M030_*.csv)"
20.5,0.7792,-0.0935,0.8318,1.1182,-0.0267,1.1938,0.9487,-0.0601,1.0128,0.378,True,False,False,CL/cos(alpha),"NASA TM-84245: Vol. 1 Fig. 16(a), Fig. 9, Table 7; Vol. 2 Fig. 4 (see static_naca0012_M030_*.csv)"
21.0,0.785,-0.0935,0.8408,1.1131,-0.0267,1.1923,0.949,-0.0601,1.0166,0.378,True,False,False,CL/cos(alpha),"NASA TM-84245: Vol. 1 Fig. 16(a), Fig. 9, Table 7; Vol. 2 Fig. 4 (see static_naca0012_M030_*.csv)"
21.5,0.7948,-0.0935,0.8543,1.1043,-0.0267,1.1869,0.9496,-0.0601,1.0206,0.378,True,False,False,CL/cos(alpha),"NASA TM-84245: Vol. 1 Fig. 16(a), Fig. 9, Table 7; Vol. 2 Fig. 4 (see static_naca0012_M030_*.csv)"
22.0,0.8084,-0.0935,0.8719,1.092,-0.0267,1.1778,0.9502,-0.0601,1.0248,0.378,True,False,False,CL/cos(alpha),"NASA TM-84245: Vol. 1 Fig. 16(a), Fig. 9, Table 7; Vol. 2 Fig. 4 (see static_naca0012_M030_*.csv)"
22.5,0.8255,-0.0935,0.8935,1.0765,-0.0267,1.1651,0.951,-0.0601,1.0293,0.378,True,False,False,CL/cos(alpha),"NASA TM-84245: Vol. 1 Fig. 16(a), Fig. 9, Table 7; Vol. 2 Fig. 4 (see static_naca0012_M030_*.csv)"
23.0,0.8459,-0.0935,0.919,1.0578,-0.0267,1.1492,0.9519,-0.0601,1.0341,0.378,True,False,False,CL/cos(alpha),"NASA TM-84245: Vol. 1 Fig. 16(a), Fig. 9, Table 7; Vol. 2 Fig. 4 (see static_naca0012_M030_*.csv)"
23.5,0.8693,-0.0935,0.9479,1.0363,-0.0267,1.1301,0.9528,-0.0601,1.039,0.378,True,False,False,CL/cos(alpha),"NASA TM-84245: Vol. 1 Fig. 16(a), Fig. 9, Table 7; Vol. 2 Fig. 4 (see static_naca0012_M030_*.csv)"
24.0,0.8955,-0.0935,0.9803,1.0122,-0.0267,1.1079,0.9538,-0.0601,1.0441,0.378,True,False,False,CL/cos(alpha),"NASA TM-84245: Vol. 1 Fig. 16(a), Fig. 9, Table 7; Vol. 2 Fig. 4 (see static_naca0012_M030_*.csv)"
24.5,0.9243,-0.0935,1.0157,0.9855,-0.0267,1.083,0.9549,-0.0601,1.0494,0.378,True,False,False,CL/cos(alpha),"NASA TM-84245: Vol. 1 Fig. 16(a), Fig. 9, Table 7; Vol. 2 Fig. 4 (see static_naca0012_M030_*.csv)"
25.0,0.9554,-0.0935,1.0541,0.9566,-0.0267,1.0555,0.956,-0.0601,1.0548,0.378,True,False,False,CL/cos(alpha),"NASA TM-84245: Vol. 1 Fig. 16(a), Fig. 9, Table 7; Vol. 2 Fig. 4 (see static_naca0012_M030_*.csv)"
