alpha_mean_deg,alpha_amp_deg,M,k,steps_per_cycle,n_cycles,CL_max,alpha_at_CL_max_deg,CM_min,CD_max,onset_alpha_deg,cycle_damping,k_in_range,M_in_range,peak_in_static_range,inside_span_of_measured_loops
10.0,5.0,0.18,0.01,31680,3,1.5805,15.0,0.0035,0.0799,13.66,0.0206,True,False,True,False
10.0,5.0,0.18,0.025,12600,3,1.5952,14.88,0.003,0.0793,13.87,0.0498,True,False,True,False
10.0,5.0,0.18,0.05,6480,3,1.6261,14.93,0.0014,0.0769,14.17,0.0922,True,False,True,False
10.0,5.0,0.18,0.075,4320,4,1.6373,14.98,-0.0003,0.0761,14.43,0.128,True,False,True,False
10.0,5.0,0.18,0.1,3240,5,1.6377,15.0,-0.002,0.0695,14.64,0.1581,True,False,True,False
10.0,5.0,0.18,0.125,2520,5,1.6313,15.0,-0.0037,0.0628,14.8,0.1887,True,False,True,False
10.0,5.0,0.18,0.15,2160,6,1.6204,15.0,-0.0053,0.0563,14.92,0.2196,True,False,True,False
10.0,5.0,0.18,0.2,1800,8,1.5969,14.99,-0.0083,0.0545,14.99,0.2793,True,False,True,False
10.0,5.0,0.18,0.25,1440,8,1.5794,14.97,-0.0114,0.0583,,0.3315,False,False,True,False
10.0,5.0,0.18,0.3,1080,8,1.5631,14.94,-0.0153,0.0624,,0.3759,False,False,True,False
10.0,5.0,0.22,0.01,31680,3,1.5751,14.99,0.0033,0.0827,13.55,0.0199,True,True,True,True
10.0,5.0,0.22,0.025,12600,3,1.5899,14.84,0.0029,0.083,13.74,0.0484,True,True,True,True
10.0,5.0,0.22,0.05,6480,3,1.6239,14.89,0.0014,0.0798,14.05,0.0909,True,True,True,True
10.0,5.0,0.22,0.075,4320,4,1.6377,14.98,-0.0002,0.0804,14.32,0.1266,True,True,True,True
10.0,5.0,0.22,0.1,3240,5,1.6386,15.0,-0.0018,0.0733,14.55,0.155,True,True,True,True
10.0,5.0,0.22,0.125,2520,5,1.6318,15.0,-0.0033,0.066,14.74,0.1822,True,True,True,True
10.0,5.0,0.22,0.15,2160,6,1.6204,15.0,-0.0047,0.059,14.87,0.211,True,True,True,True
10.0,5.0,0.22,0.2,1800,8,1.5929,14.99,-0.0072,0.0571,15.0,0.2655,True,True,True,True
10.0,5.0,0.22,0.25,1440,8,1.5744,14.98,-0.0101,0.0618,,0.3145,False,True,True,False
10.0,5.0,0.22,0.3,1080,8,1.5573,14.95,-0.0137,0.0668,,0.3534,False,True,True,False
10.0,5.0,0.25,0.01,31680,3,1.5302,14.97,0.0022,0.1019,12.92,0.0211,True,True,True,True
10.0,5.0,0.25,0.025,12600,3,1.5466,14.94,0.0018,0.0998,13.13,0.0516,True,True,True,True
10.0,5.0,0.25,0.05,6480,3,1.5812,14.64,0.0006,0.0981,13.48,0.0966,True,True,True,True
10.0,5.0,0.25,0.075,4320,4,1.6081,14.95,-0.0007,0.0944,13.79,0.1354,True,True,True,True
10.0,5.0,0.25,0.1,3240,5,1.6131,14.98,-0.0022,0.0889,14.04,0.1649,True,True,True,True
10.0,5.0,0.25,0.125,2520,5,1.6091,15.0,-0.0035,0.0804,14.26,0.1886,True,True,True,True
10.0,5.0,0.25,0.15,2160,6,1.5999,15.0,-0.0049,0.0728,14.43,0.2126,True,True,True,True
10.0,5.0,0.25,0.2,1800,8,1.5779,15.0,-0.0085,0.0611,14.7,0.2653,True,True,True,True
10.0,5.0,0.25,0.25,1440,8,1.5539,15.0,-0.0125,0.0621,14.87,0.3136,False,True,True,False
10.0,5.0,0.25,0.3,1080,8,1.533,14.94,-0.0162,0.0673,14.98,0.3571,False,True,True,False
10.0,5.0,0.28,0.01,31680,3,1.4588,14.31,-0.0436,0.1668,12.29,0.0183,True,True,True,True
10.0,5.0,0.28,0.025,12600,3,1.4887,14.19,-0.0479,0.1716,12.52,0.0446,True,True,True,True
10.0,5.0,0.28,0.05,6480,3,1.5291,14.3,-0.0493,0.1731,12.88,0.0849,True,True,True,True
10.0,5.0,0.28,0.075,4320,4,1.573,14.85,-0.006,0.142,13.21,0.1195,True,True,True,True
10.0,5.0,0.28,0.1,3240,5,1.5829,14.96,-0.0066,0.1157,13.48,0.1627,True,True,True,True
10.0,5.0,0.28,0.125,2520,5,1.582,14.99,-0.0043,0.0984,13.7,0.1967,True,True,True,True
10.0,5.0,0.28,0.15,2160,6,1.5751,14.99,-0.0064,0.0891,13.88,0.2202,True,True,True,True
10.0,5.0,0.28,0.2,1800,8,1.5575,15.0,-0.0106,0.0752,14.15,0.2686,True,True,True,True
10.0,5.0,0.28,0.25,1440,8,1.5375,14.99,-0.0146,0.0654,14.35,0.3207,False,True,True,False
10.0,5.0,0.28,0.3,1080,8,1.52,14.97,-0.0182,0.0677,14.49,0.3669,False,True,True,False
10.0,5.0,0.3,0.01,31680,3,1.4162,13.86,-0.0824,0.1889,11.86,0.0134,True,True,True,True
10.0,5.0,0.3,0.025,12600,3,1.4486,13.91,-0.0936,0.2007,12.1,0.0287,True,True,True,True
10.0,5.0,0.3,0.05,6480,3,1.4903,14.68,-0.1304,0.2063,12.48,0.0548,True,True,True,True
10.0,5.0,0.3,0.075,4320,4,1.5435,14.7,-0.085,0.181,12.8,0.0756,True,True,True,True
10.0,5.0,0.3,0.1,3240,5,1.559,14.92,-0.037,0.1333,13.07,0.1455,True,True,True,True
10.0,5.0,0.3,0.125,2520,5,1.561,14.97,-0.0059,0.1227,13.29,0.1977,True,True,True,True
10.0,5.0,0.3,0.15,2160,6,1.5565,14.99,-0.0076,0.1052,13.46,0.2215,True,True,True,True
10.0,5.0,0.3,0.2,1800,8,1.5388,14.99,-0.0117,0.0849,13.73,0.2711,True,True,True,True
10.0,5.0,0.3,0.25,1440,8,1.5239,14.98,-0.0157,0.0756,13.91,0.324,False,True,True,False
10.0,5.0,0.3,0.3,1080,8,1.508,14.96,-0.0193,0.0696,14.03,0.3724,False,True,True,False
10.0,10.0,0.18,0.01,31680,3,1.683,16.35,-0.127,0.2699,13.87,0.0109,True,False,True,False
10.0,10.0,0.18,0.025,12600,3,1.7407,16.13,-0.2826,0.4369,14.36,0.047,True,False,True,False
10.0,10.0,0.18,0.05,6480,3,1.872,17.51,-0.2305,0.4212,15.07,0.0519,True,False,True,False
10.0,10.0,0.18,0.075,4320,4,1.9341,18.09,-0.3126,0.5532,15.66,0.0882,True,False,True,False
10.0,10.0,0.18,0.1,3240,5,1.9702,18.56,-0.3246,0.582,16.16,0.0842,True,False,True,False
10.0,10.0,0.18,0.125,2520,5,1.988,18.94,-0.2919,0.5761,16.57,0.0656,True,False,True,False
10.0,10.0,0.18,0.15,2160,6,2.0043,19.25,-0.2514,0.5441,16.91,0.0448,True,False,True,False
10.0,10.0,0.18,0.2,1800,8,1.9945,19.68,-0.2031,0.4686,17.45,0.0458,True,False,True,False
10.0,10.0,0.18,0.25,1440,8,1.9562,19.92,-0.1459,0.3839,17.84,0.1705,False,False,True,False
10.0,10.0,0.18,0.3,1080,8,1.9649,19.88,-0.051,0.1907,18.12,0.3468,False,False,True,False
10.0,10.0,0.22,0.01,31680,3,1.6691,16.19,-0.1211,0.2779,13.73,0.0109,True,True,True,True
10.0,10.0,0.22,0.025,12600,3,1.7302,15.99,-0.2687,0.4271,14.19,0.0454,True,True,True,True
10.0,10.0,0.22,0.05,6480,3,1.8605,17.33,-0.2318,0.4229,14.93,0.0496,True,True,True,True
10.0,10.0,0.22,0.075,4320,4,1.9234,17.96,-0.307,0.5519,15.57,0.0822,True,True,True,True
10.0,10.0,0.22,0.1,3240,5,1.9599,18.47,-0.32,0.5832,16.11,0.0751,True,True,True,True
10.0,10.0,0.22,0.125,2520,5,1.9771,18.88,-0.2887,0.5771,16.55,0.0536,True,True,True,True
10.0,10.0,0.22,0.15,2160,6,1.9938,19.21,-0.2488,0.5442,16.91,0.0306,True,True,True,True
10.0,10.0,0.22,0.2,1800,8,1.9856,19.65,-0.2017,0.4671,17.46,0.0213,True,True,True,True
10.0,10.0,0.22,0.25,1440,8,1.9479,19.91,-0.1469,0.3825,17.85,0.1336,False,True,True,False
10.0,10.0,0.22,0.3,1080,8,1.9423,19.91,-0.0466,0.2396,18.13,0.2976,False,True,True,False
10.0,10.0,0.25,0.01,31680,3,1.5826,15.39,-0.1181,0.3029,13.1,0.0149,True,True,True,True
10.0,10.0,0.25,0.025,12600,3,1.6584,15.44,-0.1847,0.3728,13.57,0.0315,True,True,True,True
10.0,10.0,0.25,0.05,6480,3,1.7752,16.88,-0.2132,0.3814,14.32,0.0482,True,True,True,True
10.0,10.0,0.25,0.075,4320,4,1.8439,17.73,-0.2775,0.5221,14.96,0.0802,True,True,True,True
10.0,10.0,0.25,0.1,3240,5,1.8871,18.38,-0.304,0.5712,15.49,0.0801,True,True,True,True
10.0,10.0,0.25,0.125,2520,5,1.906,18.84,-0.2935,0.5707,15.92,0.0617,True,True,True,True
10.0,10.0,0.25,0.15,2160,6,1.9123,19.16,-0.2493,0.547,16.26,0.0408,True,True,True,True
10.0,10.0,0.25,0.2,1800,8,1.9201,19.51,-0.1928,0.4792,16.78,0.0247,True,True,True,True
10.0,10.0,0.25,0.25,1440,8,1.8946,19.48,-0.1482,0.406,17.12,0.0956,False,True,True,False
10.0,10.0,0.25,0.3,1080,8,1.8713,19.67,-0.1066,0.3318,17.34,0.1906,False,True,True,False
10.0,10.0,0.28,0.01,31680,3,1.4967,14.67,-0.1218,0.3115,12.46,0.0147,True,True,True,True
10.0,10.0,0.28,0.025,12600,3,1.5846,14.87,-0.2018,0.3671,12.95,0.0343,True,True,True,True
10.0,10.0,0.28,0.05,6480,3,1.7102,16.51,-0.1966,0.3512,13.7,0.0453,True,True,True,True
10.0,10.0,0.28,0.075,4320,4,1.7832,17.46,-0.276,0.4981,14.34,0.0793,True,True,True,True
10.0,10.0,0.28,0.1,3240,5,1.8306,18.17,-0.2963,0.5622,14.86,0.0852,True,True,True,True
10.0,10.0,0.28,0.125,2520,5,1.8513,18.69,-0.295,0.5699,15.27,0.069,True,True,True,True
10.0,10.0,0.28,0.15,2160,6,1.8584,19.03,-0.2605,0.5553,15.59,0.0468,True,True,True,True
10.0,10.0,0.28,0.2,1800,8,1.8723,19.42,-0.2097,0.497,16.06,0.0146,True,True,True,True
10.0,10.0,0.28,0.25,1440,8,1.8532,19.56,-0.1671,0.4354,16.35,0.0614,False,True,True,False
10.0,10.0,0.28,0.3,1080,8,1.8208,19.58,-0.1189,0.3761,16.51,0.148,False,True,True,False
10.0,10.0,0.3,0.01,31680,3,1.461,14.5,-0.1278,0.3169,12.03,0.0134,True,True,True,True
10.0,10.0,0.3,0.025,12600,3,1.5342,14.48,-0.2166,0.3559,12.52,0.0358,True,True,True,True
10.0,10.0,0.3,0.05,6480,3,1.6717,16.31,-0.1895,0.3548,13.28,0.0424,True,True,True,True
10.0,10.0,0.3,0.075,4320,4,1.7455,17.3,-0.2734,0.4844,13.92,0.078,True,True,True,True
10.0,10.0,0.3,0.1,3240,5,1.795,18.07,-0.2896,0.5554,14.43,0.089,True,True,True,True
10.0,10.0,0.3,0.125,2520,5,1.8165,18.62,-0.2941,0.569,14.83,0.075,True,True,True,True
10.0,10.0,0.3,0.15,2160,6,1.8236,18.98,-0.2648,0.5596,15.14,0.053,True,True,True,True
10.0,10.0,0.3,0.2,1800,8,1.8408,19.31,-0.2101,0.5109,15.57,0.0143,True,True,True,True
10.0,10.0,0.3,0.25,1440,8,1.8244,19.5,-0.1766,0.4549,15.82,0.0343,False,True,True,False
10.0,10.0,0.3,0.3,1080,8,1.7921,19.51,-0.1453,0.4018,15.93,0.1148,False,True,True,False
15.0,5.0,0.18,0.01,31680,3,1.6595,16.22,-0.1718,0.3013,13.7,0.0124,True,False,True,False
15.0,5.0,0.18,0.025,12600,3,1.7056,16.27,-0.1525,0.3001,13.92,0.0088,True,False,True,False
15.0,5.0,0.18,0.05,6480,3,1.7577,16.28,-0.2729,0.4504,14.2,0.1044,True,False,True,False
15.0,5.0,0.18,0.075,4320,4,1.8366,17.2,-0.1167,0.3372,14.4,-0.0326,True,False,True,False
15.0,5.0,0.18,0.1,3240,5,1.85,17.48,-0.251,0.4563,14.53,0.0494,True,False,True,False
15.0,5.0,0.18,0.125,2520,5,1.864,17.7,-0.2904,0.5268,14.61,0.0901,True,False,True,False
15.0,5.0,0.18,0.15,2160,6,1.8214,17.89,-0.2962,0.5517,14.65,0.0649,True,False,True,False
15.0,5.0,0.18,0.2,1800,8,1.7671,18.12,-0.29,0.5511,14.62,-0.0551,True,False,True,False
15.0,5.0,0.18,0.25,1440,8,1.7568,18.26,-0.2011,0.5391,14.48,-0.3901,False,False,True,False
15.0,5.0,0.18,0.3,1080,8,1.776,18.32,-0.2267,0.5269,14.26,-0.3619,False,False,True,False
15.0,5.0,0.22,0.01,31680,3,1.6454,16.07,-0.1391,0.278,13.58,0.0086,True,True,True,True
15.0,5.0,0.22,0.025,12600,3,1.6941,16.15,-0.1469,0.3041,13.79,0.0082,True,True,True,True
15.0,5.0,0.22,0.05,6480,3,1.7468,16.18,-0.1513,0.3455,14.1,-0.007,True,True,True,True
15.0,5.0,0.22,0.075,4320,4,1.8213,17.09,-0.1217,0.3376,14.33,-0.04,True,True,True,True
15.0,5.0,0.22,0.1,3240,5,1.835,17.39,-0.2442,0.4511,14.48,0.0328,True,True,True,True
15.0,5.0,0.22,0.125,2520,5,1.851,17.63,-0.2834,0.522,14.56,0.0694,True,True,True,True
15.0,5.0,0.22,0.15,2160,6,1.808,17.84,-0.2891,0.5488,14.6,0.0413,True,True,True,True
15.0,5.0,0.22,0.2,1800,8,1.7533,18.69,-0.285,0.5494,14.55,-0.0801,True,True,True,True
15.0,5.0,0.22,0.25,1440,8,1.7448,18.95,-0.1988,0.5373,14.39,-0.4224,False,True,True,False
15.0,5.0,0.22,0.3,1080,8,1.7657,18.99,-0.2267,0.5261,14.14,-0.3902,False,True,True,False
15.0,5.0,0.25,0.01,31680,3,1.5591,15.23,-0.0984,0.3019,12.93,0.0089,True,True,True,True
15.0,5.0,0.25,0.025,12600,3,1.6147,15.44,-0.151,0.321,13.13,0.0162,True,True,True,True
15.0,5.0,0.25,0.05,6480,3,1.6606,15.46,-0.1846,0.386,13.4,0.0176,True,True,True,True
15.0,5.0,0.25,0.075,4320,4,1.7255,16.5,-0.1255,0.358,13.58,-0.0389,True,True,True,True
15.0,5.0,0.25,0.1,3240,5,1.7377,17.07,-0.2045,0.3815,13.69,0.0056,True,True,True,True
15.0,5.0,0.25,0.125,2520,5,1.7477,17.51,-0.2386,0.4628,13.72,0.0499,True,True,True,True
15.0,5.0,0.25,0.15,2160,6,1.7482,17.94,-0.2572,0.5123,13.7,0.059,True,True,True,True
15.0,5.0,0.25,0.2,1800,8,1.6758,18.67,-0.2644,0.5355,13.53,-0.0208,True,True,True,True
15.0,5.0,0.25,0.25,1440,8,1.6017,17.05,-0.0886,0.3927,13.25,-0.1635,False,True,True,False
15.0,5.0,0.25,0.3,1080,8,1.6347,19.08,-0.2235,0.5103,,-0.2555,False,True,True,False
15.0,5.0,0.28,0.01,31680,3,1.4736,14.43,-0.1033,0.3111,12.27,0.0114,True,True,True,True
15.0,5.0,0.28,0.025,12600,3,1.5283,14.65,-0.1574,0.3146,12.45,0.0268,True,True,True,True
15.0,5.0,0.28,0.05,6480,3,1.5659,14.68,-0.22,0.3901,12.68,0.0597,True,True,True,True
15.0,5.0,0.28,0.075,4320,4,1.6428,15.87,-0.1434,0.3787,12.81,-0.0429,True,True,True,True
15.0,5.0,0.28,0.1,3240,5,1.6658,16.76,-0.1666,0.3543,12.84,-0.0343,True,True,True,True
15.0,5.0,0.28,0.125,2520,5,1.6628,17.38,-0.2008,0.3953,12.81,0.0155,True,True,True,True
15.0,5.0,0.28,0.15,2160,6,1.6939,17.76,-0.2353,0.4603,12.71,0.0589,True,True,True,True
15.0,5.0,0.28,0.2,1800,8,1.6138,18.67,-0.2473,0.5099,12.39,0.0237,True,True,True,True
15.0,5.0,0.28,0.25,1440,8,1.4938,16.79,-0.098,0.4027,11.93,-0.176,False,True,True,False
15.0,5.0,0.28,0.3,1080,8,1.6498,18.35,-0.1618,0.4186,,-0.0111,False,True,True,False
15.0,5.0,0.3,0.01,31680,3,1.4299,14.06,-0.11,0.3165,11.82,0.0099,True,True,True,True
15.0,5.0,0.3,0.025,12600,3,1.4689,14.09,-0.1536,0.3196,11.98,0.0269,True,True,True,True
15.0,5.0,0.3,0.05,6480,3,1.5316,15.37,-0.2192,0.3618,12.18,0.059,True,True,True,True
15.0,5.0,0.3,0.075,4320,4,1.5826,15.24,-0.1577,0.3874,12.26,-0.0442,True,True,True,True
15.0,5.0,0.3,0.1,3240,5,1.6234,16.26,-0.1393,0.3625,12.24,-0.0691,True,True,True,True
15.0,5.0,0.3,0.125,2520,5,1.6061,17.12,-0.1727,0.3681,12.14,-0.0269,True,True,True,True
15.0,5.0,0.3,0.15,2160,6,1.6345,17.74,-0.2577,0.4942,,0.0927,True,True,True,True
15.0,5.0,0.3,0.2,1800,8,1.5733,18.63,-0.2429,0.5096,11.49,0.0443,True,True,True,True
15.0,5.0,0.3,0.25,1440,8,1.555,18.97,-0.2391,0.5183,,-0.1459,False,True,True,False
15.0,5.0,0.3,0.3,1080,8,1.633,18.89,-0.2287,0.4873,,0.0505,False,True,True,False
