phase_deg,alpha_deg,CL,CN_vortex,vortex_clock_tau_over_Tvl,transpiration_vt_over_U,transpiration_flux_over_Uc,circulation_factor,closure_dCL,beyond_critical_surface_fraction,Cp_trailing_edge_jump,vortex_circulation_over_Uc,vortex_peak_vorticity_c_over_U,vortex_x_over_c
0.0,12.0,1.28516,0.0,0.0,0.304564,0.0102014,0.924223,1.92885e-10,0.00517494,1.6237e-15,0.0,0.0,0.25
1.0,12.1396,1.30009,0.0,0.0,0.307333,0.0104126,0.923466,2.29852e-10,0.00689685,2.16493e-14,0.0,0.0,0.25
2.0,12.2792,1.31494,0.0,0.0,0.309839,0.0106428,0.922702,2.74227e-10,0.00689685,3.89411e-14,0.0,0.0,0.25
3.0,12.4187,1.32969,0.0,0.0,0.312065,0.0108941,0.921933,3.27499e-10,0.00733016,2.01644e-14,0.0,0.0,0.25
4.0,12.5581,1.34433,0.0,0.0,0.314019,0.0111675,0.921158,3.91326e-10,0.0089533,6.80012e-16,0.0,0.0,0.25
5.0,12.6972,1.35886,0.0,0.0,0.315733,0.0114623,0.920379,4.67518e-10,0.0089533,2.75474e-14,0.0,0.0,0.25
6.0,12.8362,1.37325,0.0,0.0,0.317205,0.0117803,0.919595,5.58541e-10,0.00919427,3.43614e-14,0.0,0.0,0.25
7.0,12.975,1.38749,0.0,0.0,0.318434,0.0121234,0.918809,6.6725e-10,0.00943532,2.45637e-14,0.0,0.0,0.25
8.0,13.1134,1.40159,0.0,0.0,0.319482,0.0124889,0.918018,7.96251e-10,0.0109586,8.07687e-15,0.0,0.0,0.25
9.0,13.2515,1.41558,0.0,0.0,0.320411,0.0128732,0.917223,9.49459e-10,0.0111996,3.40283e-14,0.0,0.0,0.25
10.0,13.3892,1.42947,0.0,0.0,0.321294,0.0132707,0.916422,1.13068e-09,0.0111996,2.06501e-14,0.0,0.0,0.25
11.0,13.5265,1.44327,0.0,0.0,0.322163,0.0136793,0.915614,1.34419e-09,0.0115368,2.11151e-14,0.0,0.0,0.25
12.0,13.6633,1.45698,0.0,0.0,0.323017,0.0140992,0.914799,1.59604e-09,0.0130077,1.60497e-14,0.0,0.0,0.25
13.0,13.7996,1.47061,0.0,0.0,0.323888,0.0145278,0.913977,1.89128e-09,0.0130077,9.23567e-15,0.0,0.0,0.25
14.0,13.9354,1.48509,0.00251599,0.0182086,0.318822,0.0148836,0.913623,2.36912e-09,0.0134411,1.41553e-15,0.00125799,0.160173,0.263656
15.0,14.0706,1.50052,0.00618409,0.0460453,0.311093,0.0151747,0.913376,3.03863e-09,0.0134411,3.06422e-14,0.00309205,0.393692,0.284534
16.0,14.2051,1.51576,0.00972671,0.0738819,0.304351,0.0154712,0.913005,3.83189e-09,0.0134411,2.63678e-16,0.00486336,0.619222,0.305411
17.0,14.339,1.53079,0.0131653,0.101718,0.298426,0.015776,0.912535,4.76968e-09,0.0155329,9.25648e-15,0.00658264,0.838128,0.326289
18.0,14.4721,1.54559,0.0165547,0.129555,0.293118,0.0160921,0.911985,5.87574e-09,0.0155329,3.19189e-15,0.00827735,1.05391,0.347166
19.0,14.6045,1.56016,0.0199827,0.157392,0.288164,0.016425,0.911376,7.18335e-09,0.0155329,1.35031e-14,0.00999134,1.27214,0.368044
20.0,14.7362,1.57448,0.0235046,0.185228,0.283423,0.0167784,0.910718,8.72952e-09,0.0155329,1.19071e-14,0.0117523,1.49635,0.388921
21.0,14.8669,1.58854,0.0271419,0.213065,0.278876,0.0171535,0.910011,1.05501e-08,0.0155329,1.36002e-14,0.0135709,1.72791,0.409799
22.0,14.9969,1.6023,0.0309364,0.240902,0.274483,0.0175548,0.909256,1.26852e-08,0.0178115,2.05669e-14,0.0154682,1.96947,0.430676
23.0,15.1258,1.61573,0.0350014,0.268738,0.270058,0.0179888,0.908461,1.51947e-08,0.0178115,6.63358e-15,0.0175007,2.22826,0.451554
24.0,15.2539,1.62884,0.0393472,0.296575,0.265641,0.0184569,0.907618,1.81345e-08,0.0178115,8.79297e-14,0.0196736,2.50492,0.472431
25.0,15.3809,1.64164,0.0438647,0.324411,0.261483,0.0189567,0.906708,2.15421e-08,0.0178115,1.06082e-13,0.0219324,2.79252,0.493309
26.0,15.507,1.65416,0.0483616,0.352248,0.257934,0.0194849,0.905713,2.54259e-08,0.0178115,1.95649e-13,0.0241808,3.0788,0.514186
27.0,15.6319,1.66639,0.0527164,0.380085,0.255184,0.0200427,0.904627,2.68737e-08,0.0178115,2.55157e-13,0.0263582,3.35603,0.535063
28.0,15.7558,1.6783,0.0569266,0.407921,0.253213,0.0206354,0.903456,7.49077e-09,0.0202759,3.62405e-13,0.0284633,3.62406,0.555941
29.0,15.8785,1.68976,0.061124,0.435758,0.251869,0.0212767,0.902214,-8.70701e-09,0.0202759,4.68237e-13,0.030562,3.89128,0.576818
30.0,16.0,1.69993,0.0666147,0.463594,0.249891,0.0220499,0.900953,-8.76678e-09,0.0202759,7.03854e-13,0.0333074,4.24083,0.597696
31.0,16.1203,1.70872,0.0752167,0.491431,0.245096,0.0229974,0.899799,-4.77761e-10,0.0202759,1.11905e-12,0.0376084,4.78845,0.618573
32.0,16.2394,1.71666,0.0867692,0.519268,0.238027,0.0240787,0.898803,1.59823e-08,0.0202759,1.86823e-12,0.0433846,5.5239,0.639451
33.0,16.3571,1.72431,0.0993627,0.547104,0.231214,0.0252386,0.897875,-6.08729e-10,0.0202759,2.98064e-12,0.0496814,6.32563,0.660328
34.0,16.4735,1.7311,0.112112,0.574941,0.226414,0.0265637,0.896726,4.48714e-08,0.0202759,4.87921e-12,0.0560562,7.1373,0.681206
35.0,16.5886,1.73653,0.12561,0.602778,0.223258,0.0281251,0.895451,6.41958e-09,0.0221097,7.58507e-12,0.0628051,7.99659,0.702083
36.0,16.7023,1.74058,0.140618,0.630614,0.221311,0.0299908,0.894054,5.42912e-09,0.0229252,1.23387e-11,0.0703089,8.95201,0.722961
37.0,16.8145,1.74338,0.157306,0.658451,0.220845,0.032247,0.892406,5.72119e-09,0.0229252,1.92762e-11,0.078653,10.0144,0.743838
38.0,16.9253,1.74498,0.17682,0.686287,0.221514,0.0350109,0.890536,-1.86447e-08,0.0229252,3.19773e-11,0.0884098,11.2567,0.764716
39.0,17.0346,1.74544,0.198298,0.714124,0.224313,0.0383954,0.888591,5.56586e-08,0.0229252,5.30585e-11,0.0991489,12.624,0.785593
40.0,17.1423,1.74489,0.219813,0.741961,0.230302,0.0424606,0.886956,9.12829e-08,0.0229252,8.63842e-11,0.109906,13.9937,0.80647
41.0,17.2485,1.74343,0.241168,0.769797,0.239849,0.0473806,0.885636,2.51313e-08,0.0229252,1.38313e-10,0.120584,15.3532,0.827348
42.0,17.353,1.74114,0.262154,0.797634,0.253283,0.0533362,0.88471,6.33866e-08,0.0229252,2.08616e-10,0.131077,16.6892,0.848225
43.0,17.456,1.73809,0.282556,0.82547,0.270873,0.0605047,0.884284,3.07563e-08,0.0229252,3.28888e-10,0.141278,17.988,0.869103
44.0,17.5573,1.73431,0.302218,0.853307,0.292779,0.0690472,0.884443,-3.92474e-09,0.0229252,5.11737e-10,0.151109,19.2398,0.88998
45.0,17.6569,1.72984,0.321064,0.881144,0.318874,0.0790601,0.885229,1.80145e-09,0.0248481,9.09132e-10,0.160532,20.4396,0.910858
46.0,17.7547,1.72473,0.339019,0.90898,0.348595,0.0905083,0.886613,-2.29878e-08,0.0248481,2.08932e-09,0.16951,21.5826,0.931735
47.0,17.8508,1.71906,0.355998,0.936817,0.380811,0.103163,0.888449,-3.8833e-08,0.0248481,3.64406e-09,0.177999,22.6635,0.952613
48.0,17.9452,1.71285,0.37191,0.964654,0.413781,0.11656,0.890515,-4.4128e-08,0.0229252,6.50565e-09,0.185955,23.6765,0.97349
49.0,18.0377,1.70615,0.386689,0.99249,0.445389,0.130047,0.89257,-3.59283e-08,0.0229252,6.85128e-09,0.193344,24.6174,0.994368
50.0,18.1284,1.65978,0.359056,1.02033,0.469407,0.141653,0.894398,1.96715e-07,0.0229252,4.4156e-09,0.179528,22.8582,1.01525
51.0,18.2172,1.60452,0.32136,1.04816,0.483945,0.150537,0.896123,-2.04895e-09,0.0229252,2.11258e-09,0.16068,20.4584,1.03612
52.0,18.3041,1.55367,0.287621,1.076,0.491931,0.15736,0.897779,-9.67445e-08,0.0210914,1.08651e-09,0.143811,18.3105,1.057
53.0,18.3891,1.50679,0.257425,1.10384,0.495344,0.162605,0.89975,2.32398e-07,0.0202759,4.89484e-10,0.128712,16.3882,1.07788
54.0,18.4721,1.46345,0.230398,1.13167,0.495792,0.166711,0.902464,-8.07286e-08,0.0185318,2.96631e-10,0.115199,14.6676,1.09875
55.0,18.5532,1.42331,0.206209,1.15951,0.494868,0.170167,0.905584,5.71529e-10,0.0185318,1.73055e-10,0.103105,13.1277,1.11963
56.0,18.6323,1.38607,0.18456,1.18735,0.493916,0.173422,0.908319,1.77262e-09,0.0185318,1.08879e-10,0.0922799,11.7494,1.14051
57.0,18.7094,1.35148,0.165183,1.21518,0.493384,0.176646,0.910717,2.25755e-09,0.0178115,6.87753e-11,0.0825917,10.5159,1.16139
58.0,18.7844,1.31931,0.147841,1.24302,0.493479,0.179926,0.912812,2.70028e-09,0.0161578,4.34306e-11,0.0739206,9.41186,1.18226
59.0,18.8573,1.28936,0.13232,1.27086,0.494257,0.1833,0.914633,3.11732e-09,0.0161578,2.74795e-11,0.0661599,8.42373,1.20314
60.0,18.9282,1.26144,0.118428,1.29869,0.495695,0.186777,0.916205,3.52157e-09,0.0161578,1.72203e-11,0.0592139,7.53935,1.22402
61.0,18.997,1.23538,0.105994,1.32653,0.497724,0.190349,0.917549,3.92249e-09,0.0161578,1.08213e-11,0.0529972,6.74781,1.2449
62.0,19.0636,1.21102,0.0948663,1.35437,0.500257,0.193996,0.918685,4.32746e-09,0.0161578,6.90481e-12,0.0474331,6.03937,1.26577
63.0,19.1281,1.18823,0.0849065,1.3822,0.5032,0.19769,0.919629,4.74298e-09,0.0139703,4.54581e-12,0.0424533,5.40532,1.28665
64.0,19.1904,1.16692,0.0759924,1.41004,0.506463,0.201403,0.920398,5.17525e-09,0.0139703,2.86793e-12,0.0379962,4.83783,1.30753
65.0,19.2505,1.14699,0.0680141,1.43788,0.509964,0.205107,0.921006,5.63022e-09,0.0139703,2.222e-12,0.0340071,4.32991,1.32841
66.0,19.3084,1.12835,0.0608735,1.46571,0.513634,0.208777,0.921467,6.11397e-09,0.0139703,1.22313e-12,0.0304367,3.87533,1.34928
67.0,19.364,1.1109,0.0544825,1.49355,0.517413,0.212393,0.921794,6.63219e-09,0.0139703,1.00431e-12,0.0272413,3.46847,1.37016
68.0,19.4175,1.09456,0.0487626,1.52139,0.521251,0.21594,0.922,7.1901e-09,0.0139703,6.63691e-13,0.0243813,3.10432,1.39104
69.0,19.4686,1.07925,0.0436431,1.54922,0.525107,0.219404,0.922099,7.79232e-09,0.0119701,1.81966e-13,0.0218215,2.77841,1.41192
70.0,19.5175,1.06489,0.0390611,1.57706,0.528949,0.222778,0.922102,8.44283e-09,0.0119701,2.28928e-13,0.0195306,2.48671,1.43279
71.0,19.5641,1.05139,0.0349602,1.6049,0.532749,0.226053,0.922021,9.14488e-09,0.0119701,2.37477e-13,0.0174801,2.22563,1.45367
72.0,19.6085,1.0387,0.0312898,1.63273,0.536486,0.229226,0.921865,9.90098e-09,0.0119701,2.25042e-13,0.0156449,1.99197,1.47455
73.0,19.6504,1.02674,0.0280048,1.66057,0.540144,0.232292,0.921644,1.07128e-08,0.0119701,1.7597e-13,0.0140024,1.78284,1.49543
74.0,19.6901,1.01545,0.0250646,1.68841,0.543707,0.235248,0.921368,1.15809e-08,0.0119701,2.67564e-13,0.0125323,1.59566,1.5163
75.0,19.7274,1.00479,0.0224331,1.71624,0.547164,0.238093,0.921044,1.25051e-08,0.0119701,1.2379e-13,0.0112166,1.42814,1.53718
76.0,19.7624,0.994714,0.0200779,1.74408,0.550506,0.240825,0.920681,1.34839e-08,0.0119701,1.91624e-13,0.010039,1.2782,1.55806
77.0,19.795,0.98517,0.01797,1.77192,0.553724,0.243443,0.920284,1.4515e-08,0.0115368,2.93099e-14,0.00898501,1.14401,1.57894
78.0,19.8252,0.976124,0.0160834,1.79975,0.556814,0.245946,0.919861,1.55949e-08,0.0115368,2.13718e-13,0.00804169,1.0239,1.59981
79.0,19.853,0.967541,0.0143948,1.82759,0.559769,0.248334,0.919418,1.67187e-08,0.0101581,4.4742e-14,0.00719741,0.916403,1.62069
80.0,19.8785,0.959388,0.0128836,1.85543,0.562587,0.250609,0.91896,1.7881e-08,0.0101581,2.02283e-13,0.00644178,0.820192,1.64157
81.0,19.9015,0.951636,0.0115309,1.88326,0.565265,0.25277,0.918493,1.90749e-08,0.0101581,9.15934e-14,0.00576547,0.734082,1.66245
82.0,19.9221,0.944258,0.0103203,1.9111,0.567801,0.254818,0.918021,2.02929e-08,0.0101581,1.38445e-13,0.00516017,0.657013,1.68332
83.0,19.9404,0.937226,0.00923683,1.93894,0.570194,0.256756,0.917549,2.15264e-08,0.0101581,1.02141e-13,0.00461841,0.588035,1.7042
84.0,19.9562,0.930517,0.00826708,1.96677,0.572443,0.258584,0.917082,2.27663e-08,0.0101581,1.32117e-14,0.00413354,0.526299,1.72508
85.0,19.9696,0.924108,0.00739914,1.99461,0.574548,0.260305,0.916622,2.40027e-08,0.00982092,1.50768e-13,0.00369957,0.471044,1.74596
86.0,19.9805,0.918375,0.00704323,2.02244,0.57645,0.261892,0.916198,2.51714e-08,0.00982092,7.9492e-14,0.00352161,0.448386,1.76683
87.0,19.989,0.912919,0.00678758,2.05028,0.578202,0.263373,0.915793,2.63033e-08,0.00982092,3.55271e-14,0.00339379,0.432111,1.78771
88.0,19.9951,0.907645,0.00654121,2.07812,0.579817,0.264753,0.915405,2.73995e-08,0.00982092,4.07896e-13,0.0032706,0.416426,1.80859
89.0,19.9988,0.902545,0.00630378,2.10595,0.581295,0.266036,0.915035,2.84502e-08,0.00982092,2.94986e-13,0.00315189,0.401311,1.82947
90.0,20.0,0.897608,0.00607497,2.13379,0.582637,0.267222,0.914686,2.94458e-08,0.00982092,3.88356e-13,0.00303748,0.386744,1.85034
91.0,19.9988,0.896165,0.00940704,0.0185577,0.577605,0.265446,0.916567,2.52509e-08,0.00982092,2.68674e-13,0.00470352,0.598871,0.263918
92.0,19.9951,0.896237,0.0142043,0.0463944,0.575181,0.26483,0.917142,2.41011e-08,0.00982092,1.60094e-13,0.00710216,0.904276,0.284796
93.0,19.989,0.895771,0.0182897,0.074231,0.573248,0.264405,0.917352,2.37028e-08,0.00982092,2.03837e-13,0.00914483,1.16436,0.305673
94.0,19.9805,0.894814,0.0217207,0.102068,0.57173,0.264139,0.917315,2.37934e-08,0.00982092,1.07581e-13,0.0108604,1.38278,0.326551
95.0,19.9696,0.893408,0.024551,0.129904,0.570561,0.264005,0.917117,2.42001e-08,0.00982092,8.92619e-14,0.0122755,1.56296,0.347428
96.0,19.9562,0.891592,0.0268299,0.157741,0.569687,0.263981,0.916822,2.4801e-08,0.00982092,4.41869e-14,0.0134149,1.70804,0.368306
97.0,19.9404,0.889404,0.0286033,0.185577,0.569063,0.264047,0.916475,2.55049e-08,0.00982092,1.71974e-13,0.0143016,1.82094,0.389183
98.0,19.9221,0.886875,0.0299136,0.213414,0.568649,0.264186,0.916112,2.62413e-08,0.00982092,2.41251e-13,0.0149568,1.90436,0.410061
99.0,19.9015,0.884037,0.0308001,0.241251,0.568409,0.264384,0.915756,2.69543e-08,0.00982092,5.93969e-14,0.0154,1.96079,0.430938
100.0,19.8785,0.880917,0.031299,0.269087,0.568314,0.264629,0.915427,2.75997e-08,0.00982092,1.28897e-13,0.0156495,1.99255,0.451815
101.0,19.853,0.877541,0.0314438,0.296924,0.568338,0.264909,0.915135,2.81431e-08,0.00982092,1.80633e-13,0.0157219,2.00177,0.472693
102.0,19.8252,0.873931,0.0312655,0.324761,0.568457,0.265215,0.914892,2.85594e-08,0.00957995,1.54987e-13,0.0156327,1.99042,0.49357
103.0,19.795,0.87011,0.0307926,0.352597,0.56865,0.265537,0.914701,2.88318e-08,0.00829403,1.43663e-13,0.0153963,1.96031,0.514448
104.0,19.7624,0.866096,0.0300514,0.380434,0.568897,0.265868,0.914568,2.89512e-08,0.00829403,5.52891e-14,0.0150257,1.91313,0.535325
105.0,19.7274,0.861909,0.0290662,0.40827,0.569183,0.266201,0.914492,2.89157e-08,0.00829403,5.82312e-13,0.0145331,1.85041,0.556203
106.0,19.6901,0.857563,0.0278592,0.436107,0.569491,0.26653,0.914472,2.87299e-08,0.0081494,1.32894e-13,0.0139296,1.77357,0.57708
107.0,19.6504,0.853074,0.0264509,0.463944,0.569808,0.266847,0.914508,2.84037e-08,0.0081494,4.54081e-14,0.0132255,1.68392,0.597958
108.0,19.6085,0.848456,0.0248601,0.49178,0.570119,0.267149,0.914596,2.79511e-08,0.00805297,6.38378e-14,0.0124301,1.58264,0.618835
109.0,19.5641,0.843722,0.023104,0.519617,0.570413,0.267428,0.91473,2.73893e-08,0.00790834,3.55271e-15,0.011552,1.47084,0.639713
110.0,19.5175,0.838882,0.0211982,0.547453,0.570678,0.267681,0.914907,2.67371e-08,0.00790834,1.85407e-14,0.0105991,1.34952,0.66059
111.0,19.4686,0.833947,0.0191572,0.57529,0.570899,0.267901,0.915119,2.60137e-08,0.00766737,2.23155e-14,0.0095786,1.21958,0.681468
112.0,19.4175,0.828926,0.0169941,0.603127,0.571064,0.268082,0.915362,2.52374e-08,0.00766737,1.00031e-13,0.00849706,1.08188,0.702345
113.0,19.364,0.82383,0.0147209,0.630963,0.571157,0.268218,0.915629,2.44246e-08,0.00613749,3.29736e-13,0.00736045,0.937162,0.723222
114.0,19.3084,0.818664,0.0123485,0.6588,0.57116,0.2683,0.915916,2.35881e-08,0.00613749,2.24265e-14,0.00617423,0.786127,0.7441
115.0,19.2505,0.813438,0.00988668,0.686637,0.571052,0.268318,0.91622,2.27366e-08,0.00613749,1.75304e-13,0.00494334,0.629405,0.764977
116.0,19.1904,0.808158,0.0073446,0.714473,0.570806,0.268261,0.916537,2.18734e-08,0.00613749,1.56541e-14,0.0036723,0.467572,0.785855
117.0,19.1281,0.802831,0.00473042,0.74231,0.570387,0.268111,0.916872,2.09953e-08,0.00570418,1.69864e-13,0.00236521,0.301148,0.806732
118.0,19.0636,0.797462,0.0020516,0.770146,0.569754,0.26785,0.917227,2.00924e-08,0.00570418,1.06248e-13,0.0010258,0.130609,0.82761
119.0,18.997,0.792704,0.0,0.797983,0.568586,0.267326,0.917662,1.90731e-08,0.00460522,1.03473e-13,0.0,0.0,0.848487
120.0,18.9282,0.789905,0.0,0.82582,0.566429,0.266327,0.918271,1.78167e-08,0.00407598,1.33338e-13,0.0,0.0,0.869365
121.0,18.8573,0.787126,0.0,0.853656,0.564175,0.265272,0.918909,1.65796e-08,0.00407598,4.996e-15,0.0,0.0,0.890242
122.0,18.7844,0.784321,0.0,0.881493,0.561838,0.264172,0.919571,1.53756e-08,0.00407598,3.14637e-13,0.0,0.0,0.91112
123.0,18.7094,0.781454,0.0,0.909329,0.559431,0.263038,0.92025,1.42148e-08,0.00407598,7.42739e-14,0.0,0.0,0.931997
124.0,18.6323,0.778525,0.0,0.937166,0.556953,0.26187,0.920947,1.30998e-08,0.00407598,2.9754e-14,0.0,0.0,0.952875
125.0,18.5532,0.775537,0.0,0.965003,0.554406,0.260667,0.921661,1.20331e-08,0.00345105,1.39777e-13,0.0,0.0,0.973752
126.0,18.4721,0.772491,0.0,0.992839,0.55179,0.259431,0.922393,1.10163e-08,0.00244621,6.21725e-14,0.0,0.0,0.994629
127.0,18.3891,0.769564,0.0,1.02068,0.549055,0.258118,0.92316,1.00314e-08,0.00244621,2.64344e-13,0.0,0.0,1.01551
128.0,18.3041,0.766677,0.0,1.04851,0.546225,0.256748,0.923953,9.09226e-09,0.00172586,1.89293e-13,0.0,0.0,1.03638
129.0,18.2172,0.763778,0.0,1.07635,0.543316,0.255335,0.924766,8.20653e-09,0.000815509,3.62488e-13,0.0,0.0,1.05726
130.0,18.1284,0.76087,0.0,1.10419,0.540328,0.253879,0.925598,7.37493e-09,0.0,3.17524e-14,0.0,0.0,1.07814
131.0,18.0377,0.757956,0.0,1.13202,0.537262,0.25238,0.926448,6.59773e-09,0.0,5.9952e-14,0.0,0.0,1.09902
132.0,17.9452,0.755038,0.0,1.15986,0.53412,0.250837,0.927316,5.87482e-09,0.0,2.34257e-14,0.0,0.0,1.11989
133.0,17.8508,0.752118,0.0,1.1877,0.5309,0.249252,0.928201,5.20565e-09,0.0,1.61315e-13,0.0,0.0,1.14077
134.0,17.7547,0.749199,0.0,1.21553,0.527604,0.247625,0.929102,4.58935e-09,0.0,2.76112e-13,0.0,0.0,1.16165
135.0,17.6569,0.74628,0.0,1.24337,0.524234,0.245956,0.930019,4.02479e-09,0.0,1.1191e-13,0.0,0.0,1.18253
136.0,17.5573,0.74336,0.0,1.27121,0.520791,0.244246,0.93095,3.51038e-09,0.0,1.32783e-13,0.0,0.0,1.2034
137.0,17.456,0.740444,0.0,1.29904,0.517276,0.242495,0.931894,3.04413e-09,0.0,1.43108e-13,0.0,0.0,1.22428
138.0,17.353,0.737538,0.0,1.32688,0.513687,0.240703,0.932851,2.62375e-09,0.0,2.06946e-13,0.0,0.0,1.24516
139.0,17.2485,0.73465,0.0,1.35472,0.510024,0.238867,0.933821,2.24672e-09,0.0,2.88658e-14,0.0,0.0,1.26604
140.0,17.1423,0.731794,0.0,1.38255,0.506284,0.236987,0.934804,1.91041e-09,0.0,2.80886e-14,0.0,0.0,1.28691
141.0,17.0346,0.728988,0.0,1.41039,0.502464,0.235058,0.935801,1.61206e-09,0.0,1.52434e-13,0.0,0.0,1.30779
142.0,16.9253,0.726258,0.0,1.43823,0.498558,0.233075,0.936811,1.34881e-09,0.0,1.11022e-13,0.0,0.0,1.32867
143.0,16.8145,0.723632,0.0,1.46606,0.494558,0.231033,0.937837,1.11799e-09,0.0,4.58522e-14,0.0,0.0,1.34955
144.0,16.7023,0.721134,0.0,1.4939,0.49046,0.228925,0.938878,9.17141e-10,0.0,9.84768e-14,0.0,0.0,1.37042
145.0,16.5886,0.718779,0.0,1.52173,0.486261,0.226751,0.939932,7.43929e-10,0.0,8.77076e-15,0.0,0.0,1.3913
146.0,16.4735,0.716577,0.0,1.54957,0.48196,0.224508,0.941,5.9608e-10,0.0,3.44169e-14,0.0,0.0,1.41218
147.0,16.3571,0.714531,0.0,1.57741,0.477557,0.222197,0.942078,4.7132e-10,0.0,7.74936e-14,0.0,0.0,1.43306
148.0,16.2394,0.712658,0.0,1.60524,0.473051,0.219815,0.943164,3.6725e-10,0.0,1.672e-13,0.0,0.0,1.45393
149.0,16.1203,0.710981,0.0,1.63308,0.468434,0.217358,0.944258,2.81516e-10,0.0,1.52101e-14,0.0,0.0,1.47481
150.0,16.0,0.709516,0.0,1.66092,0.463707,0.214823,0.945358,2.11912e-10,0.0,1.45661e-13,0.0,0.0,1.49569
151.0,15.8785,0.708263,0.0,1.68875,0.45887,0.21221,0.946459,1.56347e-10,0.0,4.77396e-15,0.0,0.0,1.51657
152.0,15.7558,0.707216,0.0,1.71659,0.453927,0.209524,0.947559,9.77568e-07,0.0,1.30895e-13,0.0,0.0,1.53744
153.0,15.6319,0.706351,0.0,1.74443,0.448888,0.206771,0.948651,7.83838e-07,0.0,2.06279e-13,0.0,0.0,1.55832
154.0,15.507,0.705639,0.0,1.77226,0.443763,0.203959,0.94973,6.17531e-07,0.0,5.7121e-14,0.0,0.0,1.5792
155.0,15.3809,0.705073,0.0,1.8001,0.438555,0.201092,0.950794,4.76693e-07,0.0,1.67422e-13,0.0,0.0,1.60008
156.0,15.2539,0.704675,0.0,1.82794,0.433261,0.198164,0.951841,3.59118e-07,0.0,7.42184e-14,0.0,0.0,1.62095
157.0,15.1258,0.704496,0.0,1.85577,0.427867,0.195168,0.95287,2.6255e-07,0.0,2.86993e-14,0.0,0.0,1.64183
158.0,14.9969,0.704614,0.0,1.88361,0.422353,0.192085,0.95388,1.84776e-07,0.0,3.48832e-13,0.0,0.0,1.66271
159.0,14.8669,0.705138,0.0,1.91145,0.41669,0.188892,0.954871,1.23716e-07,0.0,1.87128e-13,0.0,0.0,1.68359
160.0,14.7362,0.706161,0.0,1.93928,0.410855,0.18557,0.955836,7.74563e-08,0.0,7.13873e-14,0.0,0.0,1.70446
161.0,14.6045,0.707759,0.0,1.96712,0.404829,0.182104,0.956771,4.41039e-08,0.0,1.7375e-14,0.0,0.0,1.72534
162.0,14.4721,0.70999,0.0,1.99496,0.3986,0.178483,0.957666,2.17134e-08,0.0,2.32037e-14,0.0,0.0,1.74622
163.0,14.339,0.712937,0.0,2.02279,0.392148,0.174691,0.958515,8.25019e-09,0.0,2.55351e-15,0.0,0.0,1.7671
164.0,14.2051,0.716749,0.0,2.05063,0.385432,0.1707,0.959306,1.67847e-09,0.0,2.9976e-14,0.0,0.0,1.78797
165.0,14.0706,0.721549,0.0,2.07847,0.378424,0.166486,0.960025,-8.13436e-07,0.0,5.14588e-14,0.0,0.0,1.80885
166.0,13.9354,0.723169,0.0,0.0139183,0.372245,0.163008,0.960711,1.5067e-09,0.0,4.81282e-14,0.0,0.0,0.260439
167.0,13.7996,0.721215,0.0,0.0417549,0.366987,0.160354,0.961409,5.52851e-09,0.0,1.65978e-14,0.0,0.0,0.281316
168.0,13.6633,0.720139,0.0,0.0695915,0.361426,0.157517,0.962095,1.13244e-08,0.0,1.22569e-13,0.0,0.0,0.302194
169.0,13.5265,0.720008,0.0,0.0974282,0.355553,0.154482,0.962756,1.79589e-08,0.0,1.11855e-14,0.0,0.0,0.323071
170.0,13.3892,0.72055,0.0,0.125265,0.349472,0.151298,0.963369,2.43637e-08,0.0,1.20071e-13,0.0,0.0,0.343949
171.0,13.2515,0.721179,0.0,0.153101,0.34339,0.148074,0.963918,2.9645e-08,0.0,5.59275e-14,0.0,0.0,0.364826
172.0,13.1134,0.721587,0.0,0.180938,0.3374,0.144875,0.964406,3.34776e-08,0.0,4.40203e-14,0.0,0.0,0.385703
173.0,12.975,0.722644,0.0,0.208775,0.331168,0.141565,0.964865,3.57386e-08,0.0,4.27991e-14,0.0,0.0,0.406581
174.0,12.8362,0.726042,0.0,0.236611,0.324095,0.137852,0.965301,3.54591e-08,0.0,6.39211e-14,0.0,0.0,0.427458
175.0,12.6972,0.7268,0.0,0.264448,0.318098,0.134526,0.965582,3.32424e-08,0.0,1.21278e-13,0.0,0.0,0.448336
176.0,12.5581,0.72676,0.0,0.292284,0.31245,0.131306,0.965784,2.98638e-08,0.0,2.36894e-14,0.0,0.0,0.469213
177.0,12.4187,0.726607,0.0,0.320121,0.306832,0.128114,0.965954,2.56817e-08,0.0,6.25888e-15,0.0,0.0,0.490091
178.0,12.2792,0.726207,0.0,0.347958,0.301282,0.124981,0.966101,2.0977e-08,0.0,4.17444e-14,0.0,0.0,0.510968
179.0,12.1396,0.725555,0.0,0.375794,0.295801,0.121908,0.966226,1.59085e-08,0.0,2.20171e-14,0.0,0.0,0.531846
180.0,12.0,0.724675,0.0,0.403631,0.290384,0.11889,0.966331,1.06037e-08,0.0,3.21895e-14,0.0,0.0,0.552723
181.0,11.8604,0.723612,0.0,0.431468,0.28502,0.11592,0.966415,5.16755e-09,0.0,2.33771e-14,0.0,0.0,0.573601
182.0,11.7208,0.722404,0.0,0.459304,0.279699,0.112988,0.966478,4.75237e-07,0.0,7.24117e-14,0.0,0.0,0.594478
183.0,11.5813,0.721064,0.0,0.487141,0.274422,0.110095,0.966519,-5.66157e-09,0.0,5.05221e-14,0.0,0.0,0.615356
184.0,11.4419,0.719575,0.0,0.514977,0.269191,0.107243,0.966541,-1.08249e-08,0.0,3.80147e-14,0.0,0.0,0.636233
185.0,11.3028,0.717915,0.0,0.542814,0.264015,0.104439,0.966546,-1.56912e-08,0.0,1.30451e-14,0.0,0.0,0.65711
186.0,11.1638,0.716086,0.0,0.570651,0.258894,0.101683,0.966536,-2.01959e-08,0.0,3.33622e-14,0.0,0.0,0.677988
187.0,11.025,0.714083,0.0,0.598487,0.25383,0.0989774,0.966512,-2.42909e-08,0.0,2.59515e-14,0.0,0.0,0.698865
188.0,10.8866,0.711897,0.0,0.626324,0.248827,0.0963239,0.966477,-2.79446e-08,0.0,2.12191e-14,0.0,0.0,0.719743
189.0,10.7485,0.709518,0.0,0.65416,0.243889,0.0937256,0.966431,-3.11445e-08,0.0,2.3509e-14,0.0,0.0,0.74062
190.0,10.6108,0.706948,0.0,0.681997,0.239016,0.091183,0.966376,-3.38893e-08,0.0,1.89015e-14,0.0,0.0,0.761498
191.0,10.4735,0.704192,0.0,0.709834,0.234208,0.0886951,0.966314,-3.61841e-08,0.0,8.74301e-15,0.0,0.0,0.782375
192.0,10.3367,0.701263,0.0,0.73767,0.229463,0.0862605,0.966243,-3.80401e-08,0.0,7.15816e-14,0.0,0.0,0.803253
193.0,10.2004,0.69817,0.0,0.765507,0.224781,0.0838774,0.966165,-3.94704e-08,0.0,0.0,0.0,0.0,0.82413
194.0,10.0646,0.694923,0.0,0.793344,0.220159,0.0815449,0.96608,-4.04924e-08,0.0,3.08087e-14,0.0,0.0,0.845008
195.0,9.92945,0.691531,0.0,0.82118,0.215597,0.0792616,0.965987,-4.11278e-08,0.0,9.07607e-15,0.0,0.0,0.865885
196.0,9.7949,0.688002,0.0,0.849017,0.211095,0.0770263,0.965888,-4.13976e-08,0.0,1.54043e-14,0.0,0.0,0.886763
197.0,9.66103,0.684348,0.0,0.876853,0.20665,0.0748374,0.965782,-4.13241e-08,0.0,1.36557e-14,0.0,0.0,0.90764
198.0,9.52786,0.680587,0.0,0.90469,0.20226,0.0726918,0.965669,-4.0924e-08,0.0,5.27356e-15,0.0,0.0,0.928517
199.0,9.39545,0.676732,0.0,0.932527,0.197923,0.0705879,0.965548,-4.02178e-08,0.0,1.42386e-14,0.0,0.0,0.949395
200.0,9.26384,0.672785,0.0,0.960363,0.193639,0.0685255,0.965419,-3.92366e-08,0.0,3.1225e-14,0.0,0.0,0.970272
201.0,9.13306,0.668748,0.0,0.9882,0.189409,0.0665053,0.965284,-3.80136e-08,0.0,6.77236e-15,0.0,0.0,0.99115
202.0,9.00315,0.667369,0.0,0.0,0.184537,0.0639877,0.964906,-3.38389e-08,0.0,1.48215e-14,0.0,0.0,0.25
203.0,8.87415,0.667645,0.0,0.0,0.179278,0.0611808,0.964367,-2.78369e-08,0.0,3.23908e-14,0.0,0.0,0.25
204.0,8.74611,0.667569,0.0,0.0,0.174142,0.0584815,0.96384,-2.22111e-08,0.0,1.38778e-15,0.0,0.0,0.25
205.0,8.61905,0.667153,0.0,0.0,0.169126,0.0558867,0.963326,-1.7104e-08,0.0,5.05151e-14,0.0,0.0,0.25
206.0,8.49303,0.666415,0.0,0.0,0.164227,0.0533927,0.962825,-1.26103e-08,0.0,2.93654e-14,0.0,0.0,0.25
207.0,8.36808,0.665366,0.0,0.0,0.159443,0.0509965,0.962339,-8.79163e-09,0.0,1.19904e-14,0.0,0.0,0.25
208.0,8.24423,0.664014,0.0,0.0,0.154772,0.0486966,0.961867,-5.68051e-09,0.0,9.82547e-15,0.0,0.0,0.25
209.0,8.12152,0.662367,0.0,0.0,0.150214,0.0464909,0.961412,-3.27945e-09,0.0,1.16573e-15,0.0,0.0,0.25
210.0,8.0,0.660436,0.0,0.0,0.145767,0.0443765,0.960972,-1.5658e-09,0.0,2.69229e-14,0.0,0.0,0.25
211.0,7.8797,0.658237,0.0,0.0,0.141429,0.0423501,0.960548,-5.00195e-10,0.0,8.49321e-15,0.0,0.0,0.25
212.0,7.76065,0.655786,0.0,0.0,0.137197,0.0404085,0.96014,-3.27072e-11,0.0,2.38698e-14,0.0,0.0,0.25
213.0,7.64289,0.653095,0.0,0.0,0.133069,0.0385488,0.959747,-1.06291e-10,0.0,2.9976e-14,0.0,0.0,0.25
214.0,7.52646,0.650177,0.0,0.0,0.129044,0.0367684,0.959369,-6.59091e-10,0.0,6.38378e-15,0.0,0.0,0.25
215.0,7.41139,0.647045,0.0,0.0,0.12512,0.0350646,0.959007,-1.62699e-09,0.0,5.4956e-15,0.0,0.0,0.25
216.0,7.29772,0.643712,0.0,0.0,0.121295,0.0334344,0.958658,-2.94656e-09,0.0,2.70339e-14,0.0,0.0,0.25
217.0,7.18548,0.640194,0.0,0.0,0.117567,0.031875,0.958324,-4.55715e-09,0.0,2.81442e-14,0.0,0.0,0.25
218.0,7.07471,0.636506,0.0,0.0,0.113933,0.0303834,0.958003,-6.40204e-09,0.0,3.16414e-15,0.0,0.0,0.25
219.0,6.96544,0.632662,0.0,0.0,0.110393,0.0289566,0.957694,-8.42946e-09,0.0,9.32587e-15,0.0,0.0,0.25
220.0,6.8577,0.628678,0.0,0.0,0.106943,0.0275919,0.957398,-1.05918e-08,0.0,1.07692e-14,0.0,0.0,0.25
221.0,6.75153,0.624564,0.0,0.0,0.103583,0.0262872,0.957113,-1.28445e-08,0.0,4.44089e-15,0.0,0.0,0.25
222.0,6.64696,0.620331,0.0,0.0,0.100312,0.0250406,0.95684,-1.5146e-08,0.0,2.77556e-16,0.0,0.0,0.25
223.0,6.54401,0.615989,0.0,0.0,0.0971292,0.02385,0.956578,-1.74604e-08,0.0,1.38778e-15,0.0,0.0,0.25
224.0,6.44273,0.611552,0.0,0.0,0.0940323,0.0227129,0.956327,-1.97598e-08,0.0,1.03806e-14,0.0,0.0,0.25
225.0,6.34315,0.607035,0.0,0.0,0.09102,0.0216269,0.956086,-2.20199e-08,0.0,7.71605e-15,0.0,0.0,0.25
226.0,6.24528,0.602447,0.0,0.0,0.0880911,0.0205901,0.955854,-2.42192e-08,0.0,1.28231e-14,0.0,0.0,0.25
227.0,6.14917,0.597799,0.0,0.0,0.0852448,0.0196007,0.955631,-2.63387e-08,0.0,2.44249e-15,0.0,0.0,0.25
228.0,6.05484,0.593099,0.0,0.0,0.082481,0.0186573,0.955418,-2.83606e-08,0.0,1.34337e-14,0.0,0.0,0.25
229.0,5.96232,0.588353,0.0,0.0,0.0797998,0.0177586,0.955214,-3.02694e-08,0.0,7.71605e-15,0.0,0.0,0.25
230.0,5.87164,0.583572,0.0,0.0,0.0772009,0.0169031,0.955018,-3.2054e-08,0.0,4.21885e-15,0.0,0.0,0.25
231.0,5.78283,0.578763,0.0,0.0,0.0746835,0.0160893,0.954832,-3.37075e-08,0.0,3.9968e-15,0.0,0.0,0.25
232.0,5.69591,0.573937,0.0,0.0,0.0722467,0.0153153,0.954653,-3.52274e-08,0.0,8.49321e-15,0.0,0.0,0.25
233.0,5.61092,0.569106,0.0,0.0,0.0698897,0.0145794,0.954483,-3.66122e-08,0.0,1.16018e-14,0.0,0.0,0.25
234.0,5.52786,0.564276,0.0,0.0,0.0676121,0.0138805,0.95432,-3.78602e-08,0.0,2.94209e-15,0.0,0.0,0.25
235.0,5.44678,0.559456,0.0,0.0,0.0654133,0.0132171,0.954165,-3.8973e-08,0.0,9.10383e-15,0.0,0.0,0.25
236.0,5.3677,0.554657,0.0,0.0,0.0632926,0.0125875,0.954016,-3.99543e-08,0.0,0.0,0.0,0.0,0.25
237.0,5.29064,0.549888,0.0,0.0,0.0612489,0.0119905,0.953875,-4.08088e-08,0.0,9.4369e-16,0.0,0.0,0.25
238.0,5.21562,0.545159,0.0,0.0,0.0592813,0.0114244,0.95374,-4.1543e-08,0.0,6.43929e-15,0.0,0.0,0.25
239.0,5.14266,0.540477,0.0,0.0,0.0573892,0.0108881,0.953611,-4.21625e-08,0.0,3.60822e-15,0.0,0.0,0.25
240.0,5.0718,0.535853,0.0,0.0,0.0555717,0.0103802,0.953488,-4.2674e-08,0.0,1.9984e-15,0.0,0.0,0.25
241.0,5.00304,0.531297,0.0,0.0,0.0538272,0.00989907,0.953371,-4.30875e-08,0.0,4.996e-15,0.0,0.0,0.25
242.0,4.93642,0.526819,0.0,0.0,0.0521543,0.00944347,0.953258,-4.34119e-08,0.0,5.55112e-16,0.0,0.0,0.25
243.0,4.87195,0.522427,0.0,0.0,0.0505522,0.00901222,0.953151,-4.36541e-08,0.0,1.08802e-14,0.0,0.0,0.25
244.0,4.80965,0.518128,0.0,0.0,0.0490209,0.0086044,0.953048,-4.38195e-08,0.0,3.33067e-16,0.0,0.0,0.25
245.0,4.74954,0.513925,0.0,0.0,0.0475604,0.00821942,0.95295,-4.39113e-08,0.0,5.55112e-15,0.0,0.0,0.25
246.0,4.69164,0.509825,0.0,0.0,0.0461709,0.00785644,0.952857,-4.39347e-08,0.0,6.71685e-15,0.0,0.0,0.25
247.0,4.63596,0.505835,0.0,0.0,0.0448518,0.00751462,0.952768,-4.3896e-08,0.0,3.88578e-15,0.0,0.0,0.25
248.0,4.58253,0.50196,0.0,0.0,0.0436026,0.00719298,0.952683,-4.38016e-08,0.0,1.22125e-15,0.0,0.0,0.25
249.0,4.53136,0.498208,0.0,0.0,0.0424229,0.00689075,0.952603,-4.36573e-08,0.0,9.99201e-16,0.0,0.0,0.25
250.0,4.48246,0.494584,0.0,0.0,0.0413124,0.00660712,0.952527,-4.34687e-08,0.0,3.77476e-15,0.0,0.0,0.25
251.0,4.43585,0.491094,0.0,0.0,0.0402703,0.00634124,0.952455,-4.3242e-08,0.0,2.88658e-15,0.0,0.0,0.25
252.0,4.39155,0.487748,0.0,0.0,0.0392951,0.006092,0.952387,-4.29855e-08,0.0,4.44089e-16,0.0,0.0,0.25
253.0,4.34956,0.484553,0.0,0.0,0.0383856,0.00585841,0.952321,-4.2706e-08,0.0,2.9976e-15,0.0,0.0,0.25
254.0,4.30991,0.481516,0.0,0.0,0.0375409,0.00563971,0.952259,-4.24088e-08,0.0,1.11022e-16,0.0,0.0,0.25
255.0,4.27259,0.478642,0.0,0.0,0.0367607,0.00543521,0.952199,-4.20983e-08,0.0,2.77556e-15,0.0,0.0,0.25
256.0,4.23763,0.475935,0.0,0.0,0.0360449,0.0052444,0.952142,-4.17777e-08,0.0,5.66214e-15,0.0,0.0,0.25
257.0,4.20504,0.473398,0.0,0.0,0.0353936,0.00506676,0.952088,-4.14496e-08,0.0,3.77476e-15,0.0,0.0,0.25
258.0,4.17482,0.471036,0.0,0.0,0.0348071,0.00490196,0.952036,-4.11163e-08,0.0,4.88498e-15,0.0,0.0,0.25
259.0,4.14698,0.46885,0.0,0.0,0.034286,0.00474954,0.951987,-4.07799e-08,0.0,2.22045e-16,0.0,0.0,0.25
260.0,4.12154,0.466844,0.0,0.0,0.0338298,0.00460899,0.95194,-4.04441e-08,0.0,2.77556e-15,0.0,0.0,0.25
261.0,4.09849,0.465025,0.0,0.0,0.0334381,0.00447956,0.951895,-4.01129e-08,0.0,4.44089e-16,0.0,0.0,0.25
262.0,4.07786,0.463397,0.0,0.0,0.0331105,0.0043608,0.951853,-3.97894e-08,0.0,3.10862e-15,0.0,0.0,0.25
263.0,4.05963,0.461962,0.0,0.0,0.0328474,0.0042522,0.951812,-3.94758e-08,0.0,1.9984e-15,0.0,0.0,0.25
264.0,4.04382,0.460722,0.0,0.0,0.032649,0.0041535,0.951772,-3.91737e-08,0.0,3.88578e-15,0.0,0.0,0.25
265.0,4.03044,0.45968,0.0,0.0,0.0325163,0.00406434,0.951735,-3.88847e-08,0.0,3.55271e-15,0.0,0.0,0.25
266.0,4.01949,0.458837,0.0,0.0,0.0324499,0.00398454,0.951698,-3.861e-08,0.0,4.88498e-15,0.0,0.0,0.25
267.0,4.01096,0.458193,0.0,0.0,0.0324511,0.00391379,0.951664,-3.83506e-08,0.0,2.10942e-15,0.0,0.0,0.25
268.0,4.00487,0.45775,0.0,0.0,0.0325203,0.00385195,0.95163,-3.8108e-08,0.0,3.66374e-15,0.0,0.0,0.25
269.0,4.00122,0.457509,0.0,0.0,0.0326589,0.00379869,0.951598,-3.78833e-08,0.0,2.44249e-15,0.0,0.0,0.25
270.0,4.0,0.45747,0.0,0.0,0.0328673,0.00375389,0.951568,-3.7678e-08,0.0,3.21965e-15,0.0,0.0,0.25
271.0,4.00122,0.458191,0.0,0.0,0.0329336,0.00365974,0.951496,-3.78168e-08,0.0,3.33067e-16,0.0,0.0,0.25
272.0,4.00487,0.459085,0.0,0.0,0.0330867,0.00357721,0.951428,-3.79424e-08,0.0,4.10783e-15,0.0,0.0,0.25
273.0,4.01096,0.460155,0.0,0.0,0.0333271,0.00350573,0.951364,-3.806e-08,0.0,1.66533e-15,0.0,0.0,0.25
274.0,4.01949,0.461405,0.0,0.0,0.0336555,0.0034446,0.951302,-3.81749e-08,0.0,1.9984e-15,0.0,0.0,0.25
275.0,4.03044,0.462839,0.0,0.0,0.0340722,0.00339303,0.951243,-3.82926e-08,0.0,2.88658e-15,0.0,0.0,0.25
276.0,4.04382,0.464461,0.0,0.0,0.034577,0.00335042,0.951185,-3.84185e-08,0.0,1.77636e-15,0.0,0.0,0.25
277.0,4.05963,0.466276,0.0,0.0,0.0351702,0.00331608,0.951129,-3.85574e-08,0.0,9.99201e-16,0.0,0.0,0.25
278.0,4.07786,0.468286,0.0,0.0,0.0358525,0.00328934,0.951073,-3.87139e-08,0.0,3.77476e-15,0.0,0.0,0.25
279.0,4.09849,0.470497,0.0,0.0,0.0366236,0.0032697,0.951017,-3.88926e-08,0.0,6.55032e-15,0.0,0.0,0.25
280.0,4.12154,0.47291,0.0,0.0,0.037484,0.00325659,0.950962,-3.90977e-08,0.0,9.99201e-16,0.0,0.0,0.25
281.0,4.14698,0.475529,0.0,0.0,0.0384344,0.00324943,0.950906,-3.9333e-08,0.0,1.33227e-15,0.0,0.0,0.25
282.0,4.17482,0.478356,0.0,0.0,0.0394747,0.00324785,0.950848,-3.96026e-08,0.0,7.43849e-15,0.0,0.0,0.25
283.0,4.20504,0.481395,0.0,0.0,0.0406058,0.0032513,0.950789,-3.991e-08,0.0,1.44329e-15,0.0,0.0,0.25
284.0,4.23763,0.484648,0.0,0.0,0.0418281,0.00325938,0.950728,-4.02588e-08,0.0,1.55431e-15,0.0,0.0,0.25
285.0,4.27259,0.488116,0.0,0.0,0.0431418,0.00327173,0.950665,-4.06527e-08,0.0,4.10783e-15,0.0,0.0,0.25
286.0,4.30991,0.491802,0.0,0.0,0.0445483,0.00328786,0.950599,-4.10949e-08,0.0,4.44089e-16,0.0,0.0,0.25
287.0,4.34956,0.495707,0.0,0.0,0.0460471,0.00330756,0.95053,-4.15893e-08,0.0,2.88658e-15,0.0,0.0,0.25
288.0,4.39155,0.499833,0.0,0.0,0.0476401,0.00333034,0.950458,-4.21387e-08,0.0,5.44009e-15,0.0,0.0,0.25
289.0,4.43585,0.504182,0.0,0.0,0.049327,0.00335604,0.950382,-4.27473e-08,0.0,2.55351e-15,0.0,0.0,0.25
290.0,4.48246,0.508754,0.0,0.0,0.0511093,0.00338421,0.950301,-4.34179e-08,0.0,1.60982e-15,0.0,0.0,0.25
291.0,4.53136,0.51355,0.0,0.0,0.0529873,0.00341469,0.950216,-4.41546e-08,0.0,5.21805e-15,0.0,0.0,0.25
292.0,4.58253,0.518572,0.0,0.0,0.0549623,0.00344716,0.950127,-4.49607e-08,0.0,7.71605e-15,0.0,0.0,0.25
293.0,4.63596,0.523819,0.0,0.0,0.0570349,0.00348141,0.950032,-4.58401e-08,0.0,2.38698e-15,0.0,0.0,0.25
294.0,4.69164,0.529292,0.0,0.0,0.059206,0.0035174,0.949932,-4.67965e-08,0.0,1.27676e-15,0.0,0.0,0.25
295.0,4.74954,0.534986,0.0,0.0,0.0614765,0.00355512,0.949827,-4.78333e-08,0.0,1.27676e-15,0.0,0.0,0.25
296.0,4.80965,0.540902,0.0,0.0,0.0638464,0.00359469,0.949717,-4.89549e-08,0.0,4.82947e-15,0.0,0.0,0.25
297.0,4.87195,0.547034,0.0,0.0,0.0663153,0.00363626,0.949601,-5.01657e-08,0.0,1.72085e-15,0.0,0.0,0.25
298.0,4.93642,0.553381,0.0,0.0,0.0688827,0.00368,0.949479,-5.14702e-08,0.0,3.05311e-15,0.0,0.0,0.25
299.0,5.00304,0.559939,0.0,0.0,0.0715454,0.00372625,0.949352,-5.28752e-08,0.0,2.05391e-15,0.0,0.0,0.25
300.0,5.0718,0.566704,0.0,0.0,0.0743032,0.00377507,0.94922,-5.43845e-08,0.0,2.22045e-16,0.0,0.0,0.25
301.0,5.14266,0.573674,0.0,0.0,0.0771494,0.00382701,0.949082,-5.60087e-08,0.0,2.60902e-15,0.0,0.0,0.25
302.0,5.21562,0.580844,0.0,0.0,0.0800834,0.003882,0.948937,-5.77513e-08,0.0,5.21805e-15,0.0,0.0,0.25
303.0,5.29064,0.588213,0.0,0.0,0.083098,0.00394045,0.948788,-5.96238e-08,0.0,2.33147e-15,0.0,0.0,0.25
304.0,5.3677,0.595778,0.0,0.0,0.0861877,0.00400255,0.948632,-6.16365e-08,0.0,5.55112e-16,0.0,0.0,0.25
305.0,5.44678,0.603539,0.0,0.0,0.0893506,0.00406803,0.94847,-6.37955e-08,0.0,4.71845e-15,0.0,0.0,0.25
306.0,5.52786,0.611496,0.0,0.0,0.0925802,0.00413692,0.948302,-6.61152e-08,0.0,8.54872e-15,0.0,0.0,0.25
307.0,5.61092,0.61965,0.0,0.0,0.0958722,0.00420903,0.948126,-6.86094e-08,0.0,2.05391e-15,0.0,0.0,0.25
308.0,5.69591,0.627999,0.0,0.0,0.0992253,0.00428412,0.947944,-7.12852e-08,0.0,7.21645e-15,0.0,0.0,0.25
309.0,5.78283,0.63654,0.0,0.0,0.102632,0.00436256,0.947755,-7.41587e-08,0.0,1.72085e-15,0.0,0.0,0.25
310.0,5.87164,0.64527,0.0,0.0,0.106084,0.00444469,0.947559,-7.72485e-08,0.0,2.16493e-15,0.0,0.0,0.25
311.0,5.96232,0.654188,0.0,0.0,0.109575,0.00453066,0.947355,-8.05739e-08,0.0,7.49401e-15,0.0,0.0,0.25
312.0,6.05484,0.663291,0.0,0.0,0.113102,0.00462022,0.947144,-8.41481e-08,0.0,1.4988e-14,0.0,0.0,0.25
313.0,6.14917,0.67258,0.0,0.0,0.116663,0.00471319,0.946925,-8.7991e-08,0.0,7.04992e-15,0.0,0.0,0.25
314.0,6.24528,0.682056,0.0,0.0,0.120256,0.0048092,0.946698,-9.21251e-08,0.0,3.10862e-15,0.0,0.0,0.25
315.0,6.34315,0.691722,0.0,0.0,0.123881,0.0049076,0.946463,-9.65738e-08,0.0,1.72085e-15,0.0,0.0,0.25
316.0,6.44273,0.70158,0.0,0.0,0.127542,0.00500783,0.946218,-1.01362e-07,0.0,7.82707e-15,0.0,0.0,0.25
317.0,6.54401,0.711629,0.0,0.0,0.131234,0.00510978,0.945964,-1.0652e-07,0.0,1.7264e-14,0.0,0.0,0.25
318.0,6.64696,0.721867,0.0,0.0,0.134959,0.00521335,0.945701,-1.12076e-07,0.0,5.44009e-15,0.0,0.0,0.25
319.0,6.75153,0.732292,0.0,0.0,0.138715,0.0053183,0.945428,-1.1806e-07,0.0,1.03251e-14,0.0,0.0,0.25
320.0,6.8577,0.742902,0.0,0.0,0.142502,0.00542449,0.945145,-1.2451e-07,0.0,4.44089e-15,0.0,0.0,0.25
321.0,6.96544,0.753696,0.0,0.0,0.146318,0.00553181,0.944853,-1.31467e-07,0.0,6.27276e-15,0.0,0.0,0.25
322.0,7.07471,0.764669,0.0,0.0,0.150157,0.00564066,0.94455,-1.38981e-07,0.0,9.4369e-16,0.0,0.0,0.25
323.0,7.18548,0.775815,0.0,0.0,0.154015,0.0057513,0.944237,-1.47106e-07,0.0,9.88098e-15,0.0,0.0,0.25
324.0,7.29772,0.787133,0.0,0.0,0.157889,0.00586364,0.943913,-1.55903e-07,0.0,1.46549e-14,0.0,0.0,0.25
325.0,7.41139,0.798623,0.0,0.0,0.161783,0.00597723,0.94358,-1.65434e-07,0.0,2.72005e-15,0.0,0.0,0.25
326.0,7.52646,0.810287,0.0,0.0,0.165702,0.00609131,0.943235,-1.75765e-07,0.0,8.43769e-15,0.0,0.0,0.25
327.0,7.64289,0.822125,0.0,0.0,0.169652,0.00620527,0.942879,-1.86973e-07,0.0,5.60663e-15,0.0,0.0,0.25
328.0,7.76065,0.834135,0.0,0.0,0.173635,0.00631894,0.942511,-1.99145e-07,0.0,9.21485e-15,0.0,0.0,0.25
329.0,7.8797,0.846316,0.0,0.0,0.17765,0.00643214,0.942132,-2.1238e-07,0.0,1.13243e-14,0.0,0.0,0.25
330.0,8.0,0.858666,0.0,0.0,0.181702,0.00654443,0.941741,-2.26777e-07,0.0,6.93889e-15,0.0,0.0,0.25
331.0,8.12152,0.871184,0.0,0.0,0.185793,0.00665559,0.941337,-2.42454e-07,0.0,1.44329e-15,0.0,0.0,0.25
332.0,8.24423,0.883866,0.0,0.0,0.189923,0.00676554,0.940921,-2.59547e-07,0.0,9.71445e-15,0.0,0.0,0.25
333.0,8.36808,0.896707,0.0,0.0,0.194091,0.00687436,0.940493,-2.78211e-07,0.0,1.27676e-15,0.0,0.0,0.25
334.0,8.49303,0.909704,0.0,0.0,0.198292,0.00698224,0.940052,-2.98622e-07,0.0,1.06026e-14,0.0,0.0,0.25
335.0,8.61905,0.922854,0.0,0.0,0.202529,0.00708904,0.939599,-3.20975e-07,0.0,4.10783e-15,0.0,0.0,0.25
336.0,8.74611,0.936154,0.0,0.0,0.2068,0.00719468,0.939133,-3.45489e-07,0.0,4.82947e-15,0.0,0.0,0.25
337.0,8.87415,0.949597,0.0,0.0,0.211103,0.00729941,0.938654,-3.72417e-07,0.0,1.4988e-14,0.0,0.0,0.25
338.0,9.00315,0.963178,0.0,0.0,0.215427,0.00740383,0.938163,-4.02056e-07,0.0,1.17129e-14,0.0,0.0,0.25
339.0,9.13306,0.976886,0.0,0.0,0.21976,0.00750885,0.937659,-4.34745e-07,0.0,1.24345e-14,0.0,0.0,0.25
340.0,9.26384,0.990716,0.0,0.0,0.224093,0.00761488,0.937143,-4.70858e-07,0.0,6.99441e-15,0.0,0.0,0.25
341.0,9.39545,1.00466,0.0,0.0,0.228423,0.00772205,0.936614,-5.10807e-07,0.0,1.00753e-14,0.0,0.0,0.25
342.0,9.52786,1.01872,0.0,0.0,0.232751,0.00783026,0.936074,-5.55045e-07,0.0,1.13798e-15,0.0,0.0,0.25
343.0,9.66103,1.03289,0.0,0.0,0.237079,0.00793909,0.93552,-6.04049e-07,0.0,1.04083e-14,0.0,0.0,0.25
344.0,9.7949,1.04718,0.0,0.0,0.24141,0.00804831,0.934953,-6.58382e-07,0.0,1.38778e-15,0.0,0.0,0.25
345.0,9.92945,1.06156,0.0,0.0,0.245732,0.00815858,0.934374,-7.18701e-07,0.0,1.65146e-14,0.0,0.0,0.25
346.0,10.0646,1.07604,0.0,0.0,0.250035,0.00827049,0.933782,-7.85744e-07,0.0,3.9968e-15,0.0,0.0,0.25
347.0,10.2004,1.0906,0.0,0.0,0.254315,0.00838427,0.933178,-8.60321e-07,0.0,1.3517e-14,0.0,0.0,0.25
348.0,10.3367,1.10526,0.0,0.0,0.258571,0.00849976,0.932561,-9.43328e-07,0.0,1.60705e-14,0.0,0.0,0.25
349.0,10.4735,1.11999,0.0,0.0,0.262804,0.00861674,0.931932,3.15765e-11,0.0,9.65894e-15,0.0,0.0,0.25
350.0,10.6108,1.1348,0.0,0.0,0.267013,0.00873534,0.931289,3.67963e-11,0.0,1.13798e-15,0.0,0.0,0.25
351.0,10.7485,1.14969,0.0,0.0,0.271193,0.00885567,0.930634,4.29925e-11,0.0,5.93969e-14,0.0,0.0,0.25
352.0,10.8866,1.16465,0.0,0.0,0.275334,0.00897834,0.929966,5.03584e-11,0.0,6.66134e-15,0.0,0.0,0.25
353.0,11.025,1.17965,0.0,0.0,0.279421,0.00910424,0.929286,5.91287e-11,0.0,2.29816e-14,0.0,0.0,0.25
354.0,11.1638,1.19471,0.0,0.0,0.283435,0.00923453,0.928593,6.95879e-11,0.0,1.03528e-14,0.0,0.0,0.25
355.0,11.3028,1.20979,0.0,0.0,0.287344,0.00937121,0.92789,8.20837e-11,0.0,2.49523e-14,0.0,0.0,0.25
356.0,11.4419,1.22489,0.0,0.0,0.291133,0.00951528,0.927176,9.70273e-11,0.000910347,3.01426e-14,0.0,0.0,0.25
357.0,11.5813,1.24,0.0,0.0,0.294787,0.00966772,0.926451,1.14914e-10,0.0027307,1.249e-15,0.0,0.0,0.25
358.0,11.7208,1.2551,0.0,0.0,0.298273,0.00983077,0.925717,1.36344e-10,0.00455002,2.04975e-14,0.0,0.0,0.25
359.0,11.8604,1.27016,0.0,0.0,0.301543,0.0100078,0.924974,1.62047e-10,0.00517494,2.97123e-14,0.0,0.0,0.25
360.0,12.0,1.28516,0.0,0.0,0.304564,0.0102014,0.924223,1.92885e-10,0.00517494,1.47382e-14,0.0,0.0,0.25
