time_s,phase_deg,alpha_deg,alpha_dot_rad_s,alpha_eff_deg,CL,CD,CM_c4,CN,CC,CN_prime,CN_vortex,CN_attached,f_separation,vortex_active,tau_v_semichords
0.0,0.0,12.0,3.756505,10.673735,1.381083,0.10294,-0.00011,1.370517,0.194864,1.33355,0.0,1.370517,0.885776,0.0,0.0
0.000324,0.5,12.069812,3.756362,10.738522,1.387005,0.103699,-0.000231,1.376228,0.197031,1.340821,0.0,1.376228,0.883925,0.0,0.0
0.000649,1.0,12.139619,3.755933,10.803404,1.392874,0.104453,-0.000361,1.381884,0.199205,1.348089,0.0,1.381884,0.882025,0.0,0.0
0.000973,1.5,12.209416,3.755218,10.868378,1.398689,0.105203,-0.000501,1.387482,0.201385,1.355355,0.0,1.387482,0.880072,0.0,0.0
0.001297,2.0,12.279196,3.754217,10.933438,1.404445,0.105948,-0.000651,1.393019,0.20357,1.362617,0.0,1.393019,0.878063,0.0,0.0
0.001622,2.5,12.348955,3.75293,10.998579,1.41014,0.106689,-0.000813,1.398492,0.205761,1.369876,0.0,1.398492,0.875997,0.0,0.0
0.001946,3.0,12.418688,3.751357,11.063796,1.415773,0.107424,-0.000986,1.4039,0.207955,1.377131,0.0,1.403899,0.873872,0.0,0.0
0.002271,3.5,12.488388,3.749498,11.129085,1.423651,0.108667,-0.001174,1.411606,0.210154,1.384382,0.002367,1.40924,0.871688,1.0,0.117928
0.002595,4.0,12.558052,3.747354,11.194439,1.431487,0.109915,-0.00138,1.419269,0.212355,1.391626,0.004758,1.414511,0.869443,1.0,0.235855
0.002919,4.5,12.627673,3.744925,11.259856,1.43928,0.111169,-0.001613,1.426888,0.21456,1.398866,0.007176,1.419712,0.867139,1.0,0.353783
0.003244,5.0,12.697246,3.74221,11.325328,1.447028,0.112429,-0.001879,1.434463,0.216766,1.406098,0.00962,1.424842,0.864775,1.0,0.471711
0.003568,5.5,12.766766,3.739211,11.390852,1.454731,0.113695,-0.002184,1.441991,0.218974,1.413324,0.01209,1.4299,0.862353,1.0,0.589638
0.003892,6.0,12.836228,3.735926,11.456423,1.462387,0.114966,-0.002537,1.449471,0.221184,1.420543,0.014585,1.434886,0.859873,1.0,0.707566
0.004217,6.5,12.905626,3.732358,11.522034,1.469996,0.116242,-0.002942,1.456904,0.223394,1.427753,0.017104,1.4398,0.857338,1.0,0.825494
0.004541,7.0,12.974955,3.728505,11.587683,1.477556,0.117524,-0.003407,1.464288,0.225606,1.434955,0.019649,1.444639,0.854746,1.0,0.943421
0.004865,7.5,13.04421,3.724368,11.653362,1.485068,0.118812,-0.003939,1.471623,0.227816,1.442147,0.022223,1.4494,0.852095,1.0,1.061349
0.00519,8.0,13.113385,3.719947,11.719068,1.49253,0.120106,-0.004545,1.478908,0.230025,1.449331,0.024828,1.45408,0.849381,1.0,1.179277
0.005514,8.5,13.182475,3.715243,11.784795,1.499943,0.121407,-0.005231,1.486143,0.232232,1.456503,0.027466,1.458677,0.846602,1.0,1.297204
0.005839,9.0,13.251476,3.710256,11.850539,1.507304,0.122716,-0.006005,1.493328,0.234435,1.463665,0.03014,1.463188,0.843758,1.0,1.415132
0.006163,9.5,13.320381,3.704987,11.916294,1.514614,0.124031,-0.006872,1.500461,0.236635,1.470816,0.032851,1.467611,0.840847,1.0,1.533059
0.006487,10.0,13.389185,3.699435,11.982056,1.521871,0.125354,-0.007839,1.507542,0.23883,1.477955,0.035597,1.471945,0.837871,1.0,1.650987
0.006812,10.5,13.457884,3.693602,12.047819,1.529073,0.126684,-0.008909,1.514568,0.24102,1.485082,0.038379,1.47619,0.834829,1.0,1.768915
0.007136,11.0,13.526472,3.687487,12.113578,1.53622,0.128021,-0.010089,1.52154,0.243205,1.492195,0.041195,1.480345,0.831725,1.0,1.886842
0.00746,11.5,13.594943,3.681092,12.179328,1.54331,0.129364,-0.011381,1.528455,0.245384,1.499295,0.044044,1.484411,0.828559,1.0,2.00477
0.007785,12.0,13.663294,3.674416,12.245065,1.550341,0.130713,-0.01279,1.535312,0.247557,1.506381,0.046924,1.488388,0.825336,1.0,2.122698
0.008109,12.5,13.731517,3.667461,12.310784,1.557312,0.132068,-0.014318,1.54211,0.249724,1.513453,0.049831,1.492278,0.822058,1.0,2.240625
0.008433,13.0,13.799608,3.660226,12.376478,1.564221,0.133427,-0.015966,1.548846,0.251885,1.52051,0.052763,1.496083,0.818731,1.0,2.358553
0.008758,13.5,13.867563,3.652712,12.442144,1.571067,0.134789,-0.017735,1.555519,0.25404,1.52755,0.055716,1.499803,0.815357,1.0,2.476481
0.009082,14.0,13.935375,3.644921,12.507776,1.577848,0.136154,-0.019624,1.562127,0.256189,1.534575,0.058685,1.503442,0.811942,1.0,2.594408
0.009407,14.5,14.00304,3.636851,12.57337,1.584562,0.13752,-0.021632,1.568668,0.258333,1.541583,0.061666,1.507002,0.808492,1.0,2.712336
0.009731,15.0,14.070552,3.628505,12.63892,1.591208,0.138888,-0.023757,1.575142,0.26047,1.548574,0.064657,1.510485,0.805009,1.0,2.830264
0.010055,15.5,14.137907,3.619883,12.704421,1.597785,0.140255,-0.025996,1.581547,0.262602,1.555547,0.067654,1.513893,0.801496,1.0,2.948191
0.01038,16.0,14.205099,3.610984,12.769869,1.604292,0.141622,-0.028347,1.587881,0.264728,1.562501,0.070657,1.517224,0.797956,1.0,3.066119
0.010704,16.5,14.272123,3.601811,12.835258,1.610728,0.142988,-0.030806,1.594144,0.266848,1.569437,0.073663,1.520482,0.794392,1.0,3.184047
0.011028,17.0,14.338974,3.592364,12.900583,1.617092,0.144353,-0.033367,1.600336,0.268962,1.576354,0.07667,1.523666,0.790804,1.0,3.301974
0.011353,17.5,14.405646,3.582642,12.96584,1.623383,0.145716,-0.036027,1.606454,0.271069,1.58325,0.079679,1.526776,0.787194,1.0,3.419902
0.011677,18.0,14.472136,3.572648,13.031023,1.629601,0.147077,-0.038778,1.612499,0.273169,1.590127,0.082687,1.529812,0.783564,1.0,3.53783
0.012001,18.5,14.538437,3.562382,13.096128,1.635745,0.148435,-0.041616,1.618471,0.275263,1.596982,0.085695,1.532775,0.779914,1.0,3.655757
0.012326,19.0,14.604545,3.551845,13.161149,1.641814,0.149791,-0.044534,1.624367,0.277348,1.603816,0.088702,1.535665,0.776245,1.0,3.773685
0.01265,19.5,14.670455,3.541037,13.226082,1.647809,0.151144,-0.047525,1.630188,0.279426,1.610628,0.091708,1.53848,0.772558,1.0,3.891613
0.012975,20.0,14.736161,3.52996,13.290921,1.653727,0.152494,-0.050581,1.635934,0.281494,1.617417,0.094713,1.541221,0.768853,1.0,4.00954
0.013299,20.5,14.801659,3.518614,13.355662,1.659569,0.153842,-0.053694,1.641603,0.283554,1.624183,0.097717,1.543886,0.76513,1.0,4.127468
0.013623,21.0,14.866944,3.506999,13.4203,1.665334,0.155186,-0.056857,1.647196,0.285605,1.630926,0.10072,1.546476,0.761388,1.0,4.245395
0.013948,21.5,14.93201,3.495118,13.48483,1.671022,0.156527,-0.060062,1.652712,0.287645,1.637645,0.103724,1.548988,0.757628,1.0,4.363323
0.014272,22.0,14.996853,3.482971,13.549247,1.676633,0.157865,-0.0633,1.658152,0.289675,1.644339,0.106729,1.551423,0.753849,1.0,4.481251
0.014596,22.5,15.061467,3.470558,13.613545,1.682165,0.1592,-0.066562,1.663513,0.291693,1.651008,0.109735,1.553778,0.750051,1.0,4.599178
0.014921,23.0,15.125849,3.457881,13.677721,1.687619,0.160531,-0.069836,1.668796,0.2937,1.657652,0.112739,1.556057,0.746237,1.0,4.717106
0.015245,23.5,15.189993,3.444941,13.741769,1.692992,0.161857,-0.073112,1.673999,0.295696,1.664269,0.115738,1.558261,0.74241,1.0,4.835034
0.015569,24.0,15.253893,3.431738,13.805685,1.698284,0.163178,-0.076379,1.679121,0.297681,1.67086,0.118731,1.560391,0.738572,1.0,4.952961
0.015894,24.5,15.317546,3.418274,13.869462,1.703494,0.164494,-0.079624,1.684163,0.299654,1.677424,0.121716,1.562447,0.734725,1.0,5.070889
0.016218,25.0,15.380946,3.40455,13.933098,1.708623,0.165803,-0.082839,1.689122,0.301615,1.683961,0.124693,1.564429,0.730869,1.0,5.188817
0.016542,25.5,15.444089,3.390566,13.996586,1.713669,0.167106,-0.086013,1.694,0.303564,1.690469,0.127662,1.566337,0.727003,1.0,5.306744
0.016867,26.0,15.506969,3.376324,14.059922,1.718632,0.168403,-0.089137,1.698795,0.3055,1.696949,0.130625,1.56817,0.723128,1.0,5.424672
0.017191,26.5,15.569583,3.361825,14.123102,1.723513,0.169694,-0.092202,1.703508,0.307423,1.703399,0.133582,1.569926,0.719242,1.0,5.5426
0.017516,27.0,15.631924,3.34707,14.18612,1.728311,0.17098,-0.095202,1.708139,0.30933,1.70982,0.136536,1.571603,0.715343,1.0,5.660527
0.01784,27.5,15.693989,3.332061,14.248971,1.733025,0.172261,-0.098129,1.712689,0.311222,1.716211,0.13949,1.573198,0.711429,1.0,5.778455
0.018164,28.0,15.755773,3.316797,14.311651,1.737657,0.173538,-0.100976,1.717157,0.313098,1.722572,0.142447,1.57471,0.707497,1.0,5.896383
0.018489,28.5,15.81727,3.301281,14.374155,1.736688,0.173249,-0.101215,1.715808,0.314955,1.728901,0.139675,1.576133,0.703545,1.0,6.01431
0.018813,29.0,15.878477,3.285513,14.436478,1.73568,0.172957,-0.10146,1.714421,0.316793,1.735199,0.136956,1.577465,0.699568,1.0,6.132238
0.019137,29.5,15.939388,3.269495,14.498615,1.734629,0.172662,-0.101757,1.712993,0.31861,1.741465,0.134291,1.578702,0.695563,1.0,6.250166
0.019462,30.0,16.0,3.253229,14.560563,1.73353,0.172365,-0.102107,1.711516,0.320404,1.747698,0.131677,1.579839,0.691525,1.0,6.368093
0.019786,30.5,16.060307,3.236714,14.622315,1.732376,0.172065,-0.102512,1.709985,0.322175,1.753899,0.129114,1.580871,0.687451,1.0,6.486021
0.02011,31.0,16.120305,3.219953,14.683868,1.731161,0.171762,-0.102971,1.708396,0.323919,1.760066,0.126601,1.581795,0.683336,1.0,6.603949
0.020435,31.5,16.179989,3.202947,14.745216,1.729881,0.171456,-0.103485,1.706743,0.325636,1.7662,0.124137,1.582606,0.679178,1.0,6.721876
0.020759,32.0,16.239354,3.185697,14.806355,1.728532,0.171146,-0.104055,1.705023,0.327324,1.772299,0.121721,1.583301,0.674975,1.0,6.839804
0.021084,32.5,16.298397,3.168204,14.86728,1.727109,0.170833,-0.104681,1.703231,0.328982,1.778363,0.119352,1.583879,0.670723,1.0,6.957731
0.021408,33.0,16.357112,3.15047,14.927987,1.725609,0.170516,-0.105364,1.701364,0.330609,1.784392,0.117029,1.584335,0.666422,1.0,7.075659
0.021732,33.5,16.415496,3.132496,14.988471,1.724026,0.170195,-0.106102,1.699417,0.332203,1.790385,0.114751,1.584666,0.662068,1.0,7.193587
0.022057,34.0,16.473543,3.114284,15.048728,1.722357,0.16987,-0.106897,1.697387,0.333763,1.796342,0.112518,1.584869,0.657659,1.0,7.311514
0.022381,34.5,16.53125,3.095834,15.108752,1.720597,0.169542,-0.107749,1.695269,0.335287,1.802262,0.110328,1.584941,0.653194,1.0,7.429442
0.022705,35.0,16.588611,3.077149,15.16854,1.718741,0.169209,-0.108658,1.693059,0.336773,1.808145,0.108181,1.584878,0.648669,1.0,7.54737
0.02303,35.5,16.645624,3.058229,15.228086,1.716785,0.168872,-0.109624,1.690753,0.33822,1.813991,0.106075,1.584678,0.644083,1.0,7.665297
0.023354,36.0,16.702282,3.039076,15.287387,1.714725,0.16853,-0.110648,1.688346,0.339627,1.819799,0.104011,1.584335,0.639433,1.0,7.783225
0.023678,36.5,16.758582,3.019692,15.346437,1.712555,0.168184,-0.111729,1.685835,0.340991,1.825568,0.101987,1.583848,0.634716,1.0,7.901153
0.024003,37.0,16.81452,3.000078,15.405232,1.710272,0.167834,-0.112868,1.683214,0.342311,1.831299,0.100002,1.583212,0.629932,1.0,8.01908
0.024327,37.5,16.870091,2.980236,15.463768,1.70787,0.16748,-0.114064,1.68048,0.343586,1.83699,0.098055,1.582425,0.625077,1.0,8.137008
0.024652,38.0,16.925292,2.960166,15.52204,1.705346,0.167121,-0.115318,1.677628,0.344813,1.842641,0.096147,1.581482,0.62015,1.0,8.254936
0.024976,38.5,16.980117,2.939871,15.580044,1.702694,0.166758,-0.116629,1.674655,0.345992,1.848253,0.094276,1.58038,0.615149,1.0,8.372863
0.0253,39.0,17.034563,2.919353,15.637776,1.69991,0.16639,-0.117997,1.671556,0.347119,1.853823,0.092441,1.579115,0.610071,1.0,8.490791
0.025625,39.5,17.088626,2.898612,15.69523,1.696989,0.166018,-0.119421,1.668327,0.348193,1.859353,0.090642,1.577685,0.604915,1.0,8.608719
0.025949,40.0,17.142301,2.87765,15.752403,1.693927,0.165641,-0.120902,1.664963,0.349213,1.864841,0.088877,1.576085,0.599679,1.0,8.726646
0.026273,40.5,17.195584,2.856469,15.80929,1.690709,0.16526,-0.122443,1.66145,0.350174,1.870288,0.087148,1.574302,0.59435,1.0,8.844574
0.026598,41.0,17.248472,2.83507,15.865887,1.687308,0.164875,-0.12405,1.657764,0.351067,1.875692,0.085452,1.572312,0.588908,1.0,8.962502
0.026922,41.5,17.30096,2.813456,15.92219,1.6837,0.164485,-0.125731,1.653881,0.351885,1.881053,0.083788,1.570093,0.583331,1.0,9.080429
0.027246,42.0,17.353045,2.791627,15.978193,1.679866,0.16409,-0.127491,1.649784,0.352622,1.886372,0.082158,1.567626,0.577606,1.0,9.198357
0.027571,42.5,17.404722,2.769586,16.033894,1.675791,0.163691,-0.12933,1.645456,0.353271,1.891646,0.080559,1.564898,0.571721,1.0,9.316285
0.027895,43.0,17.455987,2.747334,16.089288,1.671462,0.163288,-0.131251,1.640889,0.353829,1.896877,0.078991,1.561899,0.565671,1.0,9.434212
0.02822,43.5,17.506837,2.724872,16.144371,1.666873,0.162882,-0.133251,1.636076,0.354293,1.902064,0.077453,1.558622,0.559453,1.0,9.55214
0.028544,44.0,17.557267,2.702204,16.199137,1.66202,0.162472,-0.135327,1.631013,0.354659,1.907206,0.075946,1.555067,0.553069,1.0,9.670067
0.028868,44.5,17.607274,2.679329,16.253584,1.656903,0.162059,-0.137476,1.625701,0.354929,1.912303,0.074468,1.551233,0.546524,1.0,9.787995
0.029193,45.0,17.656854,2.65625,16.307707,1.651527,0.161644,-0.13969,1.620144,0.3551,1.917355,0.073018,1.547126,0.539825,1.0,9.905923
0.029517,45.5,17.706004,2.632969,16.361502,1.645896,0.161227,-0.141964,1.614348,0.355174,1.92236,0.071597,1.542751,0.532983,1.0,10.02385
0.029841,46.0,17.754718,2.609488,16.414965,1.640021,0.16081,-0.144287,1.608323,0.355152,1.92732,0.070204,1.538119,0.526009,1.0,10.141778
0.030166,46.5,17.802995,2.585807,16.468092,1.633912,0.160392,-0.146652,1.60208,0.355038,1.932232,0.068838,1.533242,0.518919,1.0,10.259706
0.03049,47.0,17.85083,2.56193,16.520878,1.627586,0.159974,-0.149047,1.595633,0.354834,1.937098,0.067498,1.528135,0.51173,1.0,10.377633
0.030814,47.5,17.898219,2.537858,16.57332,1.621059,0.159557,-0.151463,1.588999,0.354544,1.941917,0.066184,1.522815,0.50446,1.0,10.495561
0.031139,48.0,17.945159,2.513592,16.625414,1.614349,0.159141,-0.153888,1.582196,0.354174,1.946687,0.064896,1.5173,0.497128,1.0,10.613489
0.031463,48.5,17.991646,2.489135,16.677156,1.607477,0.158726,-0.156312,1.575245,0.353729,1.95141,0.063633,1.511612,0.489755,1.0,10.731416
0.031788,49.0,18.037677,2.464489,16.728541,1.600468,0.158314,-0.158722,1.568168,0.353217,1.956084,0.062394,1.505773,0.482363,1.0,10.849344
0.032112,49.5,18.083248,2.439655,16.779567,1.593345,0.157904,-0.161108,1.560988,0.352642,1.96071,0.06118,1.499808,0.474974,1.0,10.967272
0.032436,50.0,18.128356,2.414635,16.830228,1.586134,0.157497,-0.163458,1.55373,0.352015,1.965286,0.059989,1.493741,0.467613,1.0,11.085199
0.032761,50.5,18.172997,2.389431,16.880521,1.578864,0.157092,-0.165762,1.546422,0.351343,1.969813,0.058822,1.4876,0.460302,1.0,11.203127
0.033085,51.0,18.217168,2.364045,16.930443,1.571563,0.156689,-0.168011,1.53909,0.350635,1.974289,0.057677,1.481413,0.453065,1.0,11.321055
0.033409,51.5,18.260865,2.338479,16.97999,1.564251,0.156289,-0.170197,1.531753,0.349897,1.978716,0.056554,1.475198,0.445918,1.0,11.438982
0.033734,52.0,18.304086,2.312735,17.029157,1.556936,0.155891,-0.172319,1.524418,0.349133,1.983092,0.055454,1.468964,0.438866,1.0,11.55691
0.034058,52.5,18.346827,2.286815,17.077941,1.549622,0.155496,-0.174374,1.517091,0.348343,1.987418,0.054374,1.462717,0.431913,1.0,11.674838
0.034382,53.0,18.389084,2.260721,17.126338,1.542316,0.155102,-0.176361,1.509776,0.34753,1.991692,0.053316,1.45646,0.425061,1.0,11.792765
0.034707,53.5,18.430855,2.234455,17.174345,1.535021,0.154711,-0.17828,1.502478,0.346696,1.995914,0.052278,1.450199,0.418312,1.0,11.910693
0.035031,54.0,18.472136,2.208018,17.221958,1.527741,0.154321,-0.180129,1.4952,0.345842,2.000085,0.051261,1.443939,0.411669,1.0,12.028621
0.035356,54.5,18.512924,2.181414,17.269173,1.520482,0.153933,-0.18191,1.487946,0.344969,2.004204,0.050263,1.437683,0.405133,1.0,12.146548
0.03568,55.0,18.553216,2.154643,17.315987,1.513246,0.153546,-0.183621,1.48072,0.34408,2.00827,0.049285,1.431435,0.398706,1.0,12.264476
0.036004,55.5,18.59301,2.127708,17.362397,1.506038,0.15316,-0.185263,1.473526,0.343175,2.012284,0.048326,1.4252,0.39239,1.0,12.382403
0.036329,56.0,18.632301,2.100611,17.408397,1.498861,0.152775,-0.186837,1.466366,0.342257,2.016244,0.047385,1.418981,0.386184,1.0,12.500331
0.036653,56.5,18.671087,2.073354,17.453986,1.491719,0.152391,-0.188342,1.459245,0.341327,2.020151,0.046463,1.412782,0.380091,1.0,12.618259
0.036977,57.0,18.709365,2.045939,17.49916,1.484614,0.152007,-0.18978,1.452164,0.340387,2.024004,0.045559,1.406605,0.374111,1.0,12.736186
0.037302,57.5,18.747132,2.018369,17.543915,1.47755,0.151624,-0.191151,1.445127,0.339437,2.027803,0.044672,1.400455,0.368244,1.0,12.854114
0.037626,58.0,18.784385,1.990644,17.588248,1.47053,0.15124,-0.192456,1.438136,0.338479,2.031548,0.043803,1.394334,0.362491,1.0,12.972042
0.03795,58.5,18.821121,1.962768,17.632155,1.463556,0.150856,-0.193697,1.431194,0.337515,2.035239,0.04295,1.388244,0.356852,1.0,13.089969
0.038275,59.0,18.857338,1.934743,17.675633,1.456631,0.150471,-0.194874,1.424303,0.336546,2.038875,0.042114,1.382189,0.351327,1.0,13.207897
0.038599,59.5,18.893033,1.90657,17.718679,1.449758,0.150085,-0.195989,1.417465,0.335572,2.042455,0.041294,1.37617,0.345916,1.0,13.325825
0.038924,60.0,18.928203,1.878252,17.761289,1.442938,0.149698,-0.197044,1.410682,0.334596,2.04598,0.040491,1.370191,0.340619,1.0,13.443752
0.039248,60.5,18.962846,1.849792,17.803461,1.436174,0.149309,-0.198039,1.403956,0.333619,2.04945,0.039703,1.364253,0.335434,1.0,13.56168
0.039572,61.0,18.996958,1.82119,17.845191,1.429467,0.148919,-0.198976,1.397289,0.332641,2.052864,0.03893,1.358359,0.330363,1.0,13.679608
0.039897,61.5,19.030537,1.792449,17.886475,1.42282,0.148526,-0.199857,1.390682,0.331664,2.056221,0.038172,1.352509,0.325403,1.0,13.797535
0.040221,62.0,19.063581,1.763572,17.927311,1.416234,0.14813,-0.200683,1.384136,0.330689,2.059522,0.037429,1.346707,0.320555,1.0,13.915463
0.040545,62.5,19.096087,1.734561,17.967696,1.409711,0.147731,-0.201455,1.377654,0.329717,2.062766,0.036701,1.340953,0.315818,1.0,14.033391
0.04087,63.0,19.128052,1.705418,18.007627,1.403253,0.14733,-0.202176,1.371236,0.328748,2.065954,0.035987,1.335249,0.31119,1.0,14.151318
0.041194,63.5,19.159475,1.676144,18.0471,1.396859,0.146924,-0.202847,1.364883,0.327785,2.069084,0.035286,1.329597,0.306671,1.0,14.269246
0.041518,64.0,19.190352,1.646743,18.086112,1.390533,0.146515,-0.203469,1.358597,0.326827,2.072157,0.034599,1.323997,0.302259,1.0,14.387174
0.041843,64.5,19.220682,1.617217,18.124661,1.384274,0.146102,-0.204043,1.352378,0.325876,2.075172,0.033926,1.318452,0.297955,1.0,14.505101
0.042167,65.0,19.250462,1.587568,18.162744,1.378084,0.145684,-0.204573,1.346226,0.324933,2.07813,0.033266,1.31296,0.293755,1.0,14.623029
0.042491,65.5,19.27969,1.557797,18.200357,1.371963,0.145261,-0.205058,1.340143,0.323998,2.081029,0.032618,1.307525,0.28966,1.0,14.740957
0.042816,66.0,19.308364,1.527908,18.237498,1.365913,0.144833,-0.205501,1.334129,0.323072,2.08387,0.031983,1.302146,0.285668,1.0,14.858884
0.04314,66.5,19.336481,1.497903,18.274164,1.359932,0.144399,-0.205904,1.328184,0.322155,2.086652,0.031361,1.296823,0.281776,1.0,14.976812
0.043465,67.0,19.364039,1.467783,18.310353,1.354021,0.14396,-0.206267,1.322307,0.321249,2.089376,0.030751,1.291556,0.277984,1.0,15.094739
0.043789,67.5,19.391036,1.437552,18.34606,1.348179,0.143515,-0.206592,1.316496,0.320351,2.092041,0.030152,1.286344,0.274288,1.0,15.212667
0.044113,68.0,19.417471,1.407212,18.381285,1.342403,0.143064,-0.206881,1.310751,0.319464,2.094646,0.029565,1.281186,0.270686,1.0,15.330595
0.044438,68.5,19.443341,1.376764,18.416023,1.336695,0.142606,-0.207136,1.305072,0.318587,2.097192,0.02899,1.276082,0.267176,1.0,15.448522
0.044762,69.0,19.468643,1.346211,18.450273,1.331052,0.142142,-0.207357,1.299456,0.317721,2.099679,0.028426,1.27103,0.263757,1.0,15.56645
0.045086,69.5,19.493378,1.315556,18.484032,1.325474,0.141671,-0.207547,1.293904,0.316864,2.102106,0.027872,1.266031,0.260426,1.0,15.684378
0.045411,70.0,19.517541,1.2848,18.517296,1.319962,0.141193,-0.207705,1.288414,0.316019,2.104473,0.02733,1.261085,0.257181,1.0,15.802305
0.045735,70.5,19.541132,1.253947,18.550065,1.314513,0.140708,-0.207834,1.282987,0.315184,2.10678,0.026798,1.256189,0.254022,1.0,15.920233
0.046059,71.0,19.564149,1.222998,18.582335,1.309128,0.140215,-0.207935,1.277621,0.314361,2.109026,0.026276,1.251345,0.250945,1.0,16.038161
0.046384,71.5,19.586589,1.191957,18.614103,1.303806,0.139715,-0.208009,1.272316,0.313548,2.111213,0.025765,1.246551,0.24795,1.0,16.156088
0.046708,72.0,19.608452,1.160824,18.645368,1.298547,0.139207,-0.208057,1.267072,0.312748,2.113338,0.025264,1.241808,0.245035,1.0,16.274016
0.047033,72.5,19.629736,1.129603,18.676127,1.29335,0.13869,-0.208079,1.261887,0.311959,2.115403,0.024772,1.237115,0.242198,1.0,16.391944
0.047357,73.0,19.650438,1.098296,18.706377,1.288215,0.138166,-0.208078,1.256762,0.311182,2.117407,0.02429,1.232472,0.239438,1.0,16.509871
0.047681,73.5,19.670558,1.066905,18.736117,1.283141,0.137633,-0.208054,1.251695,0.310417,2.11935,0.023817,1.227878,0.236753,1.0,16.627799
0.048006,74.0,19.690094,1.035433,18.765343,1.278128,0.137091,-0.208007,1.246687,0.309664,2.121231,0.023353,1.223334,0.234143,1.0,16.745727
0.04833,74.5,19.709044,1.003882,18.794054,1.273176,0.136541,-0.207939,1.241737,0.308925,2.123051,0.022899,1.218838,0.231605,1.0,16.863654
0.048654,75.0,19.727407,0.972255,18.822248,1.268283,0.135982,-0.207852,1.236844,0.308198,2.12481,0.022453,1.214391,0.229138,1.0,16.981582
0.048979,75.5,19.745181,0.940554,18.849923,1.263451,0.135414,-0.207744,1.232008,0.307483,2.126507,0.022016,1.209992,0.226741,1.0,17.09951
0.049303,76.0,19.762366,0.908781,18.877076,1.258677,0.134836,-0.207618,1.227228,0.306783,2.128142,0.021588,1.20564,0.224412,1.0,17.217437
0.049627,76.5,19.778959,0.876939,18.903705,1.253963,0.134249,-0.207474,1.222504,0.306095,2.129716,0.021168,1.201337,0.222151,1.0,17.335365
0.049952,77.0,19.794961,0.84503,18.929808,1.249307,0.133653,-0.207313,1.217836,0.305421,2.131227,0.020756,1.197081,0.219956,1.0,17.453293
0.050276,77.5,19.810368,0.813056,18.955384,1.244709,0.133047,-0.207136,1.213223,0.30476,2.132676,0.020352,1.192871,0.217826,1.0,17.57122
0.050601,78.0,19.825181,0.781021,18.98043,1.240169,0.132431,-0.206943,1.208664,0.304113,2.134063,0.019956,1.188709,0.21576,1.0,17.689148
0.050925,78.5,19.839398,0.748927,19.004944,1.235686,0.131806,-0.206735,1.20416,0.30348,2.135388,0.019567,1.184592,0.213756,1.0,17.807075
0.051249,79.0,19.853017,0.716775,19.028925,1.23126,0.13117,-0.206512,1.199708,0.302861,2.13665,0.019186,1.180522,0.211814,1.0,17.925003
0.051574,79.5,19.866039,0.684569,19.05237,1.22689,0.130524,-0.206276,1.19531,0.302256,2.137849,0.018813,1.176497,0.209932,1.0,18.042931
0.051898,80.0,19.878462,0.65231,19.075279,1.222576,0.129868,-0.206026,1.190965,0.301665,2.138986,0.018447,1.172518,0.208109,1.0,18.160858
0.052222,80.5,19.890285,0.620002,19.097649,1.218318,0.129202,-0.205764,1.186671,0.301088,2.14006,0.018088,1.168583,0.206344,1.0,18.278786
0.052547,81.0,19.901507,0.587647,19.119478,1.214114,0.128526,-0.20549,1.182429,0.300526,2.141072,0.017736,1.164693,0.204637,1.0,18.396714
0.052871,81.5,19.912127,0.555247,19.140765,1.209964,0.127839,-0.205205,1.178238,0.299978,2.14202,0.017391,1.160847,0.202985,1.0,18.514641
0.053195,82.0,19.922145,0.522804,19.161508,1.205869,0.127141,-0.204908,1.174097,0.299444,2.142906,0.017052,1.157045,0.201389,1.0,18.632569
0.05352,82.5,19.931559,0.490322,19.181706,1.201826,0.126433,-0.204601,1.170007,0.298924,2.143728,0.01672,1.153286,0.199847,1.0,18.750497
0.053844,83.0,19.940369,0.457803,19.201357,1.197837,0.125715,-0.204284,1.165965,0.298419,2.144488,0.016395,1.14957,0.198358,1.0,18.868424
0.054169,83.5,19.948575,0.425248,19.22046,1.193899,0.124986,-0.203957,1.161973,0.297928,2.145184,0.016076,1.145897,0.196921,1.0,18.986352
0.054493,84.0,19.956175,0.392662,19.239012,1.190014,0.124246,-0.203621,1.158028,0.297452,2.145817,0.015763,1.142266,0.195535,1.0,19.10428
0.054817,84.5,19.96317,0.360045,19.257014,1.18618,0.123495,-0.203277,1.154132,0.296989,2.146387,0.015456,1.138676,0.1942,1.0,19.222207
0.055142,85.0,19.969558,0.327401,19.274462,1.182396,0.122734,-0.202924,1.150283,0.296541,2.146894,0.015155,1.135128,0.192915,1.0,19.340135
0.055466,85.5,19.975339,0.294732,19.291357,1.178663,0.121962,-0.202562,1.146481,0.296108,2.147337,0.01486,1.13162,0.191678,1.0,19.458063
0.05579,86.0,19.980512,0.262041,19.307697,1.174979,0.121179,-0.202194,1.142724,0.295688,2.147717,0.014571,1.128153,0.190489,1.0,19.57599
0.056115,86.5,19.985078,0.229329,19.32348,1.171345,0.120386,-0.201818,1.139014,0.295283,2.148033,0.014287,1.124727,0.189347,1.0,19.693918
0.056439,87.0,19.989036,0.1966,19.338705,1.167759,0.119581,-0.201435,1.135349,0.294892,2.148286,0.014009,1.121339,0.188252,1.0,19.811846
0.056763,87.5,19.992386,0.163856,19.353371,1.164221,0.118766,-0.201045,1.131728,0.294514,2.148476,0.013737,1.117992,0.187202,1.0,19.929773
0.057088,88.0,19.995127,0.1311,19.367478,1.160731,0.11794,-0.200649,1.128152,0.294151,2.148602,0.013469,1.114683,0.186197,1.0,20.047701
0.057412,88.5,19.997259,0.098334,19.381023,1.157289,0.117104,-0.200247,1.12462,0.293802,2.148664,0.013207,1.111413,0.185237,1.0,20.165629
0.057737,89.0,19.998782,0.06556,19.394006,1.153893,0.116257,-0.199839,1.121131,0.293467,2.148664,0.01295,1.108181,0.184319,1.0,20.283556
0.058061,89.5,19.999695,0.032781,19.406427,1.150543,0.115399,-0.199425,1.117686,0.293145,2.148599,0.012698,1.104988,0.183445,1.0,20.401484
0.058385,90.0,20.0,-0.0,19.418283,1.147239,0.11453,-0.199006,1.114282,0.292837,2.148472,0.012451,1.101832,0.182614,1.0,20.519411
0.05871,90.5,19.999695,-0.032781,19.429574,1.143981,0.113651,-0.198582,1.110922,0.292543,2.148281,0.012209,1.098713,0.181824,1.0,20.637339
0.059034,91.0,19.998782,-0.06556,19.4403,1.140768,0.112761,-0.198154,1.107603,0.292263,2.148026,0.011971,1.095632,0.181075,1.0,20.755267
0.059358,91.5,19.997259,-0.098334,19.450458,1.1376,0.111861,-0.19772,1.104326,0.291996,2.147708,0.011738,1.092587,0.180368,1.0,20.873194
0.059683,92.0,19.995127,-0.1311,19.46005,1.134476,0.11095,-0.197282,1.10109,0.291743,2.147327,0.01151,1.08958,0.1797,1.0,20.991122
0.060007,92.5,19.992386,-0.163856,19.469073,1.131397,0.110029,-0.19684,1.097895,0.291503,2.146882,0.011286,1.086609,0.179072,1.0,21.10905
0.060331,93.0,19.989036,-0.1966,19.477528,1.128362,0.109097,-0.196394,1.094741,0.291277,2.146374,0.011066,1.083675,0.178484,1.0,21.226977
0.060656,93.5,19.985078,-0.229329,19.485413,1.12537,0.108155,-0.195944,1.091628,0.291064,2.145802,0.010851,1.080777,0.177935,1.0,21.344905
0.06098,94.0,19.980512,-0.262041,19.492728,1.122422,0.107203,-0.195491,1.088555,0.290865,2.145168,0.010639,1.077916,0.177425,1.0,21.462833
0.061305,94.5,19.975339,-0.294732,19.499472,1.119518,0.10624,-0.195034,1.085523,0.290679,2.14447,0.010432,1.07509,0.176953,1.0,21.58076
0.061629,95.0,19.969558,-0.327401,19.505646,1.116657,0.105268,-0.194573,1.082531,0.290506,2.143709,0.010229,1.072301,0.17652,1.0,21.698688
0.061953,95.5,19.96317,-0.360045,19.511247,1.113839,0.104285,-0.194109,1.079579,0.290347,2.142885,0.01003,1.069549,0.176124,1.0,21.816616
0.062278,96.0,19.956175,-0.392662,19.516277,1.111064,0.103292,-0.193642,1.076667,0.290201,2.141998,0.009835,1.066833,0.175766,1.0,21.934543
0.062602,96.5,19.948575,-0.425248,19.520734,1.108333,0.102289,-0.193173,1.073796,0.290069,2.141048,0.009644,1.064153,0.175446,1.0,22.052471
0.062926,97.0,19.940369,-0.457803,19.524619,1.105644,0.101277,-0.1927,1.070965,0.289951,2.140035,0.009456,1.06151,0.175163,1.0,22.170399
0.063251,97.5,19.931559,-0.490322,19.527931,1.102999,0.100254,-0.192225,1.068175,0.289846,2.138959,0.009272,1.058903,0.174917,1.0,22.288326
0.063575,98.0,19.922145,-0.522804,19.530669,1.100398,0.099222,-0.191747,1.065425,0.289754,2.13782,0.009091,1.056333,0.174709,1.0,22.406254
0.063899,98.5,19.912127,-0.555247,19.532834,1.09784,0.09818,-0.191267,1.062715,0.289676,2.136619,0.008914,1.053801,0.174537,1.0,22.524182
0.064224,99.0,19.901507,-0.587647,19.534425,1.095325,0.097128,-0.190784,1.060047,0.289612,2.135356,0.008741,1.051306,0.174403,1.0,22.642109
0.064548,99.5,19.890285,-0.620002,19.535442,1.092855,0.096067,-0.190299,1.057419,0.289561,2.134029,0.008571,1.048849,0.174306,1.0,22.760037
0.064873,100.0,19.878462,-0.65231,19.535886,1.090428,0.094997,-0.189812,1.054833,0.289525,2.132641,0.008404,1.046429,0.174246,1.0,22.877965
0.065197,100.5,19.866039,-0.684569,19.535756,1.088046,0.093917,-0.189322,1.052288,0.289502,2.13119,0.00824,1.044048,0.174224,1.0,22.995892
0.065521,101.0,19.853017,-0.716775,19.535051,1.085708,0.092828,-0.188831,1.049786,0.289494,2.129677,0.00808,1.041706,0.174238,1.0,23.11382
0.065846,101.5,19.839398,-0.748927,19.533773,1.083415,0.09173,-0.188338,1.047325,0.289499,2.128103,0.007923,1.039402,0.17429,1.0,23.231747
0.06617,102.0,19.825181,-0.781021,19.531921,1.081168,0.090622,-0.187843,1.044907,0.289519,2.126466,0.007769,1.037138,0.17438,1.0,23.349675
0.066494,102.5,19.810368,-0.813056,19.529496,1.078966,0.089506,-0.187346,1.042532,0.289553,2.124767,0.007617,1.034914,0.174508,1.0,23.467603
0.066819,103.0,19.794961,-0.84503,19.526497,1.07681,0.08838,-0.186848,1.0402,0.289601,2.123007,0.007469,1.03273,0.174673,1.0,23.58553
0.067143,103.5,19.778959,-0.876939,19.522925,1.0747,0.087246,-0.186348,1.037911,0.289664,2.121185,0.007324,1.030587,0.174877,1.0,23.703458
0.067467,104.0,19.762366,-0.908781,19.518781,1.072636,0.086103,-0.185846,1.035667,0.289741,2.119302,0.007181,1.028486,0.175119,1.0,23.821386
0.067792,104.5,19.745181,-0.940554,19.514063,1.07062,0.084952,-0.185342,1.033467,0.289833,2.117358,0.007041,1.026426,0.1754,1.0,23.939313
0.068116,105.0,19.727407,-0.972255,19.508773,1.068652,0.083792,-0.184837,1.031312,0.28994,2.115353,0.006904,1.024408,0.175719,1.0,24.057241
0.068441,105.5,19.709044,-1.003882,19.502912,1.066731,0.082623,-0.184331,1.029203,0.290061,2.113286,0.00677,1.022433,0.176078,1.0,24.175169
0.068765,106.0,19.690094,-1.035433,19.496479,1.064858,0.081447,-0.183823,1.027139,0.290198,2.111159,0.006638,1.0205,0.176477,1.0,24.293096
0.069089,106.5,19.670558,-1.066905,19.489475,1.063034,0.080262,-0.183313,1.025121,0.290349,2.108972,0.006509,1.018612,0.176915,1.0,24.411024
0.069414,107.0,19.650438,-1.098296,19.481901,1.061258,0.079069,-0.182802,1.02315,0.290516,2.106723,0.006382,1.016767,0.177394,1.0,24.528952
0.069738,107.5,19.629736,-1.129603,19.473758,1.059532,0.077868,-0.182289,1.021226,0.290697,2.104415,0.006258,1.014968,0.177913,1.0,24.646879
0.070062,108.0,19.608452,-1.160824,19.465045,1.057856,0.07666,-0.181775,1.019349,0.290894,2.102047,0.006136,1.013213,0.178472,1.0,24.764807
0.070387,108.5,19.586589,-1.191957,19.455763,1.05623,0.075443,-0.18126,1.01752,0.291105,2.099618,0.006017,1.011503,0.179073,1.0,24.882735
0.070711,109.0,19.564149,-1.222998,19.445914,1.054653,0.07422,-0.180742,1.015739,0.291332,2.09713,0.0059,1.009839,0.179716,1.0,25.000662
0.071035,109.5,19.541132,-1.253947,19.435497,1.053128,0.072989,-0.180224,1.014006,0.291574,2.094582,0.005785,1.008221,0.180401,1.0,25.11859
0.07136,110.0,19.517541,-1.2848,19.424515,1.051652,0.071751,-0.179703,1.012322,0.29183,2.091975,0.005672,1.00665,0.181127,1.0,25.236518
0.071684,110.5,19.493378,-1.315556,19.412967,1.050228,0.070506,-0.179181,1.010687,0.292102,2.089309,0.005562,1.005125,0.181897,1.0,25.354445
0.072008,111.0,19.468643,-1.346211,19.400854,1.048855,0.069254,-0.178657,1.009101,0.292388,2.086584,0.005454,1.003647,0.182709,1.0,25.472373
0.072333,111.5,19.443341,-1.376764,19.388178,1.047532,0.067995,-0.178131,1.007564,0.292689,2.0838,0.005348,1.002216,0.183564,1.0,25.590301
0.072657,112.0,19.417471,-1.407212,19.37494,1.046261,0.06673,-0.177603,1.006077,0.293004,2.080958,0.005244,1.000833,0.184464,1.0,25.708228
0.072982,112.5,19.391036,-1.437552,19.361139,1.045042,0.065459,-0.177073,1.00464,0.293335,2.078057,0.005141,0.999498,0.185407,1.0,25.826156
0.073306,113.0,19.364039,-1.467783,19.346778,1.043878,0.064181,-0.176542,1.003255,0.29368,2.075098,0.005041,0.998214,0.186397,1.0,25.944083
0.07363,113.5,19.336481,-1.497903,19.331858,1.042769,0.062898,-0.176008,1.001926,0.294042,2.072082,0.004943,0.996983,0.187434,1.0,26.062011
0.073955,114.0,19.308364,-1.527908,19.316379,1.04172,0.061608,-0.175471,1.000653,0.294421,2.069007,0.004847,0.995806,0.18852,1.0,26.179939
0.074279,114.5,19.27969,-1.557797,19.300343,1.040731,0.060311,-0.174933,0.999439,0.294817,2.065876,0.004753,0.994686,0.189657,1.0,26.297866
0.074603,115.0,19.250462,-1.587568,19.283751,1.039806,0.059009,-0.174392,0.998286,0.295232,2.062687,0.00466,0.993626,0.190846,1.0,26.415794
0.074928,115.5,19.220682,-1.617217,19.266605,1.038945,0.057701,-0.173848,0.997196,0.295665,2.059441,0.00457,0.992627,0.192089,1.0,26.533722
0.075252,116.0,19.190352,-1.646743,19.248905,1.038153,0.056386,-0.173302,0.996172,0.296118,2.056139,0.004481,0.991691,0.193388,1.0,26.651649
0.075576,116.5,19.159475,-1.676144,19.230653,1.03743,0.055066,-0.172752,0.995215,0.296591,2.05278,0.004393,0.990822,0.194744,1.0,26.769577
0.075901,117.0,19.128052,-1.705418,19.21185,1.036779,0.053739,-0.1722,0.994328,0.297085,2.049365,0.004308,0.99002,0.196159,1.0,26.887505
0.076225,117.5,19.096087,-1.734561,19.192498,1.036202,0.052407,-0.171644,0.993513,0.297601,2.045894,0.004224,0.989289,0.197636,1.0,27.005432
0.07655,118.0,19.063581,-1.763572,19.172598,1.035702,0.051069,-0.171085,0.992772,0.298138,2.042367,0.004142,0.98863,0.199175,1.0,27.12336
0.076874,118.5,19.030537,-1.792449,19.152153,1.03528,0.049725,-0.170522,0.992107,0.298699,2.038785,0.004061,0.988046,0.20078,1.0,27.241288
0.077198,119.0,18.996958,-1.82119,19.131162,1.03494,0.048376,-0.169954,0.991521,0.299282,2.035148,0.003982,0.987538,0.202451,1.0,27.359215
0.077523,119.5,18.962846,-1.849792,19.109629,1.034683,0.047021,-0.169382,0.991015,0.299889,2.031456,0.003905,0.987111,0.204191,1.0,27.477143
0.077847,120.0,18.928203,-1.878252,19.087554,1.034511,0.045661,-0.168805,0.990593,0.300521,2.02771,0.003829,0.986764,0.206003,1.0,27.595071
0.078171,120.5,18.893033,-1.90657,19.064939,1.034428,0.044295,-0.168223,0.990256,0.301178,2.023909,0.003754,0.986502,0.207888,1.0,27.712998
0.078496,121.0,18.857338,-1.934743,19.041786,1.034434,0.042925,-0.167635,0.990006,0.30186,2.020055,0.003681,0.986325,0.209848,1.0,27.830926
0.07882,121.5,18.821121,-1.962768,19.018097,1.034532,0.041549,-0.167041,0.989846,0.302568,2.016146,0.003609,0.986237,0.211886,1.0,27.948854
0.079144,122.0,18.784385,-1.990644,18.993874,1.034725,0.040168,-0.16644,0.989778,0.303302,2.012185,0.003539,0.986238,0.214004,1.0,28.066781
0.079469,122.5,18.747132,-2.018369,18.969118,1.035014,0.038783,-0.165832,0.989803,0.304064,2.00817,0.00347,0.986333,0.216204,1.0,28.184709
0.079793,123.0,18.709365,-2.045939,18.943831,1.035402,0.037393,-0.165216,0.989925,0.304852,2.004103,0.003403,0.986522,0.218489,1.0,28.302637
0.080118,123.5,18.671087,-2.073354,18.918015,1.03589,0.035999,-0.164592,0.990145,0.305667,1.999983,0.003337,0.986808,0.220862,1.0,28.420564
0.080442,124.0,18.632301,-2.100611,18.891673,1.036481,0.034601,-0.163958,0.990465,0.306511,1.995811,0.003272,0.987193,0.223324,1.0,28.538492
0.080766,124.5,18.59301,-2.127708,18.864806,1.037177,0.033199,-0.163315,0.990887,0.307383,1.991587,0.003208,0.987679,0.225878,1.0,28.656419
0.081091,125.0,18.553216,-2.154643,18.837416,1.03798,0.031793,-0.16266,0.991414,0.308283,1.987311,0.003146,0.988269,0.228527,1.0,28.774347
0.081415,125.5,18.512924,-2.181414,18.809505,1.038891,0.030383,-0.161994,0.992047,0.309211,1.982985,0.003084,0.988963,0.231273,1.0,28.892275
0.081739,126.0,18.472136,-2.208018,18.781076,1.039913,0.02897,-0.161316,0.992789,0.310169,1.978607,0.003024,0.989765,0.23412,1.0,29.010202
0.082064,126.5,18.430855,-2.234455,18.75213,1.041048,0.027555,-0.160624,0.993641,0.311155,1.974179,0.002965,0.990675,0.23707,1.0,29.12813
0.082388,127.0,18.389084,-2.260721,18.72267,1.042301,0.026136,-0.159917,0.994609,0.312172,1.969701,0.002908,0.991701,0.240127,1.0,29.246058
0.082712,127.5,18.346827,-2.286815,18.692698,1.043694,0.024713,-0.159195,0.995713,0.313228,1.965173,0.002851,0.992862,0.243308,1.0,29.363985
0.083037,128.0,18.304086,-2.312735,18.662217,1.045257,0.023284,-0.158454,0.996982,0.314332,1.960596,0.002796,0.994186,0.246632,1.0,29.481913
0.083361,128.5,18.260865,-2.338479,18.631228,1.047016,0.021848,-0.157693,0.998439,0.315495,1.955969,0.002741,0.995698,0.250117,1.0,29.599841
0.083686,129.0,18.217168,-2.364045,18.599734,1.048992,0.020404,-0.15691,1.000105,0.316723,1.951294,0.002688,0.997417,0.253779,1.0,29.717768
0.08401,129.5,18.172997,-2.389431,18.567737,1.051201,0.018951,-0.156101,1.001994,0.318021,1.94657,0.002636,0.999359,0.257632,1.0,29.835696
0.084334,130.0,18.128356,-2.414635,18.535241,1.053655,0.01749,-0.155263,1.00412,0.319393,1.941798,0.002584,1.001536,0.261687,1.0,29.953624
0.084659,130.5,18.083248,-2.439655,18.502246,1.056363,0.01602,-0.154394,1.006488,0.32084,1.936978,0.002534,1.003954,0.265952,1.0,30.071551
0.084983,131.0,18.037677,-2.464489,18.468757,1.059325,0.014542,-0.15349,1.009103,0.322362,1.932111,0.002485,1.006618,0.270434,1.0,30.189479
0.085307,131.5,17.991646,-2.489135,18.434775,1.062542,0.013057,-0.152548,1.011962,0.323957,1.927197,0.002436,1.009526,0.275136,1.0,30.307407
0.085632,132.0,17.945159,-2.513592,18.400303,1.066007,0.011567,-0.151565,1.015061,0.325621,1.922237,0.002389,1.012673,0.280059,1.0,30.425334
0.085956,132.5,17.898219,-2.537858,18.365343,1.06971,0.010072,-0.150537,1.018393,0.32735,1.91723,0.002342,1.01605,0.285202,1.0,30.543262
0.08628,133.0,17.85083,-2.56193,18.329899,1.073638,0.008575,-0.149462,1.021943,0.329137,1.912178,0.002297,1.019646,0.29056,1.0,30.66119
0.086605,133.5,17.802995,-2.585807,18.293973,1.077773,0.007077,-0.148338,1.025697,0.330973,1.907079,0.002252,1.023445,0.296127,1.0,30.779117
0.086929,134.0,17.754718,-2.609488,18.257567,1.082094,0.005582,-0.14716,1.029634,0.332851,1.901936,0.002208,1.027426,0.301893,1.0,30.897045
0.087254,134.5,17.706004,-2.632969,18.220685,1.086576,0.00409,-0.145929,1.033733,0.33476,1.896749,0.002165,1.031568,0.307845,1.0,31.014973
0.087578,135.0,17.656854,-2.65625,18.183329,1.091192,0.002604,-0.144643,1.037968,0.336689,1.891516,0.002123,1.035844,0.31397,1.0,31.1329
0.087902,135.5,17.607274,-2.679329,18.145502,1.09591,0.001127,-0.143302,1.042308,0.338625,1.88624,0.002082,1.040226,0.320248,1.0,31.250828
0.088227,136.0,17.557267,-2.702204,18.107207,1.100695,-0.000338,-0.141905,1.046724,0.340556,1.880921,0.002041,1.044682,0.326659,1.0,31.368755
0.088551,136.5,17.506837,-2.724872,18.068447,1.10551,-0.00179,-0.140454,1.051179,0.342468,1.875559,0.002002,1.049177,0.333181,1.0,31.486683
0.088875,137.0,17.455987,-2.747334,18.029225,1.110316,-0.003225,-0.138953,1.055636,0.344346,1.870153,0.001963,1.053673,0.339785,1.0,31.604611
0.0892,137.5,17.404722,-2.769586,17.989544,1.115069,-0.004642,-0.137403,1.060055,0.346174,1.864706,0.001924,1.058131,0.346444,1.0,31.722538
0.089524,138.0,17.353045,-2.791627,17.949407,1.119729,-0.006038,-0.135811,1.064399,0.34794,1.859217,0.001887,1.062512,0.353129,1.0,31.840466
0.089848,138.5,17.30096,-2.813456,17.908816,1.124275,-0.007411,-0.134178,1.068647,0.349636,1.853686,0.00185,1.066797,0.359823,1.0,31.958394
0.090173,139.0,17.248472,-2.83507,17.867776,1.1287,-0.008763,-0.132508,1.072792,0.35126,1.848114,0.001814,1.070978,0.366521,1.0,32.076321
0.090497,139.5,17.195584,-2.856469,17.826289,1.132998,-0.010092,-0.130801,1.076829,0.35281,1.842502,0.001779,1.07505,0.373217,1.0,32.194249
0.090822,140.0,17.142301,-2.87765,17.784358,1.137164,-0.011399,-0.12906,1.080751,0.354284,1.836849,0.001744,1.079007,0.379905,1.0,32.312177
0.091146,140.5,17.088626,-2.898612,17.741986,1.141191,-0.012683,-0.127288,1.084555,0.355683,1.831157,0.00171,1.082845,0.386582,1.0,32.430104
0.09147,141.0,17.034563,-2.919353,17.699178,1.145077,-0.013945,-0.125486,1.088236,0.357004,1.825426,0.001677,1.086559,0.393241,1.0,32.548032
0.091795,141.5,16.980117,-2.939871,17.655935,1.148817,-0.015184,-0.123656,1.09179,0.358248,1.819656,0.001644,1.090146,0.399878,1.0,32.66596
0.092119,142.0,16.925292,-2.960166,17.612262,1.152408,-0.016401,-0.121802,1.095213,0.359413,1.813847,0.001612,1.093601,0.40649,1.0,32.783887
0.092443,142.5,16.870091,-2.980236,17.568161,1.155847,-0.017596,-0.119925,1.098503,0.360499,1.808,0.001581,1.096922,0.413073,1.0,32.901815
0.092768,143.0,16.81452,-3.000078,17.523636,1.159131,-0.018769,-0.118028,1.101656,0.361506,1.802116,0.00155,1.100106,0.419621,1.0,33.019743
0.093092,143.5,16.758582,-3.019692,17.478691,1.162258,-0.01992,-0.116113,1.104671,0.362434,1.796195,0.00152,1.103151,0.426133,1.0,33.13767
0.093416,144.0,16.702282,-3.039076,17.433328,1.165226,-0.021049,-0.114182,1.107545,0.363282,1.790237,0.00149,1.106055,0.432605,1.0,33.255598
0.093741,144.5,16.645624,-3.058229,17.387551,1.168034,-0.022156,-0.112239,1.110277,0.364052,1.784243,0.001461,1.108816,0.439034,1.0,33.373526
0.094065,145.0,16.588611,-3.077149,17.341365,1.170681,-0.023242,-0.110285,1.112865,0.364744,1.778213,0.001433,1.111432,0.445417,1.0,33.491453
0.09439,145.5,16.53125,-3.095834,17.294771,1.173165,-0.024307,-0.108322,1.115309,0.365357,1.772148,0.001405,1.113904,0.451751,1.0,33.609381
0.094714,146.0,16.473543,-3.114284,17.247774,1.175488,-0.02535,-0.106354,1.117607,0.365892,1.766048,0.001378,1.11623,0.458035,1.0,33.727309
0.095038,146.5,16.415496,-3.132496,17.200378,1.177647,-0.026373,-0.104381,1.11976,0.366351,1.759914,0.001351,1.118409,0.464266,1.0,33.845236
0.095363,147.0,16.357112,-3.15047,17.152585,1.179645,-0.027374,-0.102407,1.121768,0.366734,1.753746,0.001325,1.120443,0.470443,1.0,33.963164
0.095687,147.5,16.298397,-3.168204,17.104401,1.18148,-0.028356,-0.100433,1.123629,0.367041,1.747545,0.001299,1.12233,0.476564,1.0,34.081091
0.096011,148.0,16.239354,-3.185697,17.055827,1.183151,-0.029316,-0.098461,1.125342,0.367273,1.74131,0.001274,1.124069,0.482625,1.0,34.199019
0.096336,148.5,16.179989,-3.202947,17.006869,1.184657,-0.030257,-0.096495,1.126906,0.367429,1.735044,0.001249,1.125658,0.488624,1.0,34.316947
0.09666,149.0,16.120305,-3.219953,16.957529,1.185997,-0.031178,-0.094537,1.128321,0.367512,1.728745,0.001225,1.127096,0.494557,1.0,34.434874
0.096984,149.5,16.060307,-3.236714,16.907811,1.187172,-0.032078,-0.092587,1.129584,0.36752,1.722415,0.001201,1.128384,0.500423,1.0,34.552802
0.097309,150.0,16.0,-3.253229,16.85772,1.188182,-0.032959,-0.09065,1.130699,0.367456,1.716053,0.001177,1.129521,0.506221,1.0,34.67073
0.097633,150.5,15.939388,-3.269495,16.807259,1.189029,-0.03382,-0.088725,1.131664,0.367321,1.709662,0.001154,1.13051,0.51195,1.0,34.788657
0.097958,151.0,15.878477,-3.285513,16.756432,1.189714,-0.034662,-0.086815,1.132483,0.367115,1.70324,0.001132,1.131351,0.517609,1.0,34.906585
0.098282,151.5,15.81727,-3.301281,16.705243,1.190241,-0.035485,-0.08492,1.133157,0.36684,1.696789,0.00111,1.132047,0.523199,1.0,35.024513
0.098606,152.0,15.755773,-3.316797,16.653695,1.190613,-0.03629,-0.083042,1.13369,0.366499,1.690308,0.001088,1.132601,0.528722,1.0,35.14244
0.098931,152.5,15.693989,-3.332061,16.601793,1.190833,-0.037075,-0.081182,1.134084,0.366092,1.683799,0.001067,1.133017,0.534177,1.0,35.260368
0.099255,153.0,15.631924,-3.34707,16.54954,1.190907,-0.037843,-0.07934,1.134344,0.365623,1.677262,0.001046,1.133298,0.539568,1.0,35.378296
0.099579,153.5,15.569583,-3.361825,16.496941,1.190839,-0.038592,-0.077516,1.134474,0.365092,1.670698,0.001026,1.133448,0.544897,1.0,35.496223
0.099904,154.0,15.506969,-3.376324,16.444,1.190634,-0.039324,-0.075712,1.134479,0.364502,1.664106,0.001006,1.133473,0.550166,1.0,35.614151
0.100228,154.5,15.444089,-3.390566,16.39072,1.190298,-0.040038,-0.073926,1.134365,0.363856,1.657488,0.000986,1.133378,0.555381,1.0,35.732079
0.100552,155.0,15.380946,-3.40455,16.337106,1.189837,-0.040736,-0.072158,1.134136,0.363156,1.650844,0.000967,1.133169,0.560543,1.0,35.850006
0.100877,155.5,15.317546,-3.418274,16.283161,1.189259,-0.041416,-0.070409,1.1338,0.362404,1.644174,0.000948,1.132852,0.565659,1.0,35.967934
0.101201,156.0,15.253893,-3.431738,16.22889,1.188569,-0.04208,-0.068678,1.133361,0.361603,1.637479,0.00093,1.132431,0.570732,1.0,36.085862
0.101525,156.5,15.189993,-3.444941,16.174298,1.187769,-0.042727,-0.066965,1.132822,0.360754,1.630759,0.000912,1.131911,0.575763,1.0,36.203789
0.10185,157.0,15.125849,-3.457881,16.119387,1.186863,-0.043358,-0.065271,1.132186,0.359858,1.624016,0.000894,1.131292,0.580754,1.0,36.321717
0.102174,157.5,15.061467,-3.470558,16.064163,1.185852,-0.043973,-0.063596,1.131453,0.358916,1.617249,0.000877,1.130577,0.585704,1.0,36.439645
0.102499,158.0,14.996853,-3.482971,16.008629,1.184738,-0.044572,-0.061941,1.130627,0.35793,1.610459,0.00086,1.129767,0.590615,1.0,36.557572
0.102823,158.5,14.93201,-3.495118,15.95279,1.183524,-0.045154,-0.060306,1.129708,0.356901,1.603647,0.000843,1.128865,0.595488,1.0,36.6755
0.103147,159.0,14.866944,-3.506999,15.896649,1.182213,-0.045722,-0.058691,1.1287,0.35583,1.596812,0.000827,1.127873,0.600324,1.0,36.793427
0.103472,159.5,14.801659,-3.518614,15.840213,1.180807,-0.046273,-0.057097,1.127604,0.354717,1.589957,0.00081,1.126794,0.605124,1.0,36.911355
0.103796,160.0,14.736161,-3.52996,15.783483,1.179309,-0.046809,-0.055524,1.126424,0.353565,1.58308,0.000795,1.125629,0.60989,1.0,37.029283
0.10412,160.5,14.670455,-3.541037,15.726466,1.177721,-0.047329,-0.053972,1.125161,0.352375,1.576183,0.000779,1.124382,0.614623,1.0,37.14721
0.104445,161.0,14.604545,-3.551845,15.669164,1.176048,-0.047834,-0.05244,1.123819,0.351147,1.569266,0.000764,1.123055,0.619325,1.0,37.265138
0.104769,161.5,14.538437,-3.562382,15.611584,1.174291,-0.048325,-0.05093,1.1224,0.349883,1.56233,0.000749,1.121651,0.623997,1.0,37.383066
0.105093,162.0,14.472136,-3.572648,15.553728,1.172454,-0.0488,-0.04944,1.120907,0.348585,1.555374,0.000735,1.120172,0.628643,1.0,37.500993
0.105418,162.5,14.405646,-3.582642,15.495602,1.17054,-0.04926,-0.047971,1.119342,0.347254,1.548401,0.00072,1.118622,0.633263,1.0,37.618921
0.105742,163.0,14.338974,-3.592364,15.437209,1.168553,-0.049705,-0.046522,1.11771,0.34589,1.54141,0.000706,1.117003,0.637861,1.0,37.736849
0.106067,163.5,14.272123,-3.601811,15.378555,1.166495,-0.050136,-0.045093,1.116012,0.344496,1.534401,0.000693,1.115319,0.642438,1.0,37.854776
0.106391,164.0,14.205099,-3.610984,15.319643,1.164371,-0.050553,-0.043685,1.114253,0.343073,1.527376,0.000679,1.113574,0.646998,1.0,37.972704
0.106715,164.5,14.137907,-3.619883,15.260479,1.162185,-0.050955,-0.042295,1.112436,0.341622,1.520335,0.000666,1.11177,0.651545,1.0,38.090632
0.10704,165.0,14.070552,-3.628505,15.201066,1.159941,-0.051343,-0.040925,1.110566,0.340145,1.513278,0.000653,1.109913,0.656081,1.0,38.208559
0.107364,165.5,14.00304,-3.636851,15.14141,1.157643,-0.051717,-0.039573,1.108646,0.338644,1.506206,0.00064,1.108006,0.660609,1.0,38.326487
0.107688,166.0,13.935375,-3.644921,15.081514,1.155293,-0.052078,-0.03824,1.106678,0.337118,1.49912,0.000628,1.10605,0.665132,1.0,38.444415
0.108013,166.5,13.867563,-3.652712,15.021383,1.152893,-0.052424,-0.036926,1.104662,0.335569,1.492019,0.000615,1.104047,0.66965,1.0,38.562342
0.108337,167.0,13.799608,-3.660226,14.961023,1.150443,-0.052757,-0.035631,1.102602,0.333997,1.484905,0.000603,1.101998,0.674163,1.0,38.68027
0.108661,167.5,13.731517,-3.667461,14.900437,1.147945,-0.053076,-0.034355,1.100495,0.332404,1.477779,0.000592,1.099903,0.678672,1.0,38.798198
0.108986,168.0,13.663294,-3.674416,14.83963,1.145398,-0.053382,-0.0331,1.098342,0.330788,1.470639,0.00058,1.097762,0.683175,1.0,38.916125
0.10931,168.5,13.594943,-3.681092,14.778607,1.1428,-0.053674,-0.031866,1.096143,0.329151,1.463488,0.000569,1.095574,0.687671,1.0,39.034053
0.109635,169.0,13.526472,-3.687487,14.717372,1.140151,-0.053952,-0.030653,1.093894,0.327492,1.456326,0.000558,1.093337,0.692156,1.0,39.151981
0.109959,169.5,13.457884,-3.693602,14.655931,1.137448,-0.054217,-0.029464,1.091595,0.325811,1.449153,0.000547,1.091048,0.696629,1.0,39.269908
0.110283,170.0,13.389185,-3.699435,14.594287,1.134689,-0.054468,-0.028298,1.089243,0.324108,1.44197,0.000536,1.088707,0.701085,1.0,39.387836
0.110608,170.5,13.320381,-3.704987,14.532445,1.131871,-0.054706,-0.027157,1.086835,0.322382,1.434777,0.000526,1.086309,0.70552,1.0,39.505763
0.110932,171.0,13.251476,-3.710256,14.470411,1.128991,-0.054931,-0.026043,1.084367,0.320633,1.427575,0.000516,1.083851,0.70993,1.0,39.623691
0.111256,171.5,13.182475,-3.715243,14.408189,1.126046,-0.055142,-0.024955,1.081837,0.31886,1.420364,0.000506,1.081331,0.71431,1.0,39.741619
0.111581,172.0,13.113385,-3.719947,14.345783,1.123035,-0.055339,-0.023895,1.079243,0.317065,1.413145,0.000496,1.078748,0.718658,1.0,39.859546
0.111905,172.5,13.04421,-3.724368,14.283198,1.11996,-0.055523,-0.022863,1.076588,0.315247,1.405919,0.000486,1.076102,0.722974,1.0,39.977474
0.112229,173.0,12.974955,-3.728505,14.22044,1.116822,-0.055694,-0.021858,1.073872,0.313407,1.398686,0.000477,1.073395,0.727259,1.0,40.095402
0.112554,173.5,12.905626,-3.732358,14.157513,1.113621,-0.055852,-0.02088,1.071095,0.311546,1.391447,0.000467,1.070628,0.731512,1.0,40.213329
0.112878,174.0,12.836228,-3.735926,14.094421,1.110358,-0.055997,-0.019929,1.068258,0.309665,1.384202,0.000458,1.0678,0.735732,1.0,40.331257
0.113203,174.5,12.766766,-3.739211,14.03117,1.107034,-0.056129,-0.019006,1.065362,0.307764,1.376952,0.000449,1.064912,0.739918,1.0,40.449185
0.113527,175.0,12.697246,-3.74221,13.967764,1.103648,-0.056248,-0.017917,1.062405,0.305843,1.369697,0.000441,1.061964,0.744069,0.0,0.0
0.113851,175.5,12.627673,-3.744925,13.904208,1.100199,-0.056354,-0.017053,1.059387,0.303902,1.362438,0.000432,1.058955,0.748182,0.0,0.0
0.114176,176.0,12.558052,-3.747354,13.840507,1.096688,-0.056448,-0.016216,1.056308,0.301943,1.355175,0.000424,1.055884,0.752256,0.0,0.0
0.1145,176.5,12.488388,-3.749498,13.776666,1.093112,-0.056529,-0.015407,1.053165,0.299964,1.347909,0.000415,1.05275,0.756287,0.0,0.0
0.114824,177.0,12.418688,-3.751357,13.71269,1.089471,-0.056597,-0.014626,1.049959,0.297967,1.340641,0.000407,1.049552,0.760273,0.0,0.0
0.115149,177.5,12.348955,-3.75293,13.648583,1.085764,-0.056654,-0.013873,1.046687,0.295951,1.33337,0.000399,1.046288,0.76421,0.0,0.0
0.115473,178.0,12.279196,-3.754217,13.584351,1.081988,-0.056697,-0.013148,1.043348,0.293916,1.326099,0.000392,1.042956,0.768095,0.0,0.0
0.115797,178.5,12.209416,-3.755218,13.519998,1.078143,-0.056729,-0.012451,1.03994,0.291863,1.318826,0.000384,1.039556,0.771925,0.0,0.0
0.116122,179.0,12.139619,-3.755933,13.455529,1.074225,-0.056748,-0.011782,1.036461,0.289791,1.311554,0.000377,1.036085,0.775694,0.0,0.0
0.116446,179.5,12.069812,-3.756362,13.39095,1.070236,-0.056756,-0.011141,1.03291,0.287701,1.304281,0.000369,1.032541,0.779399,0.0,0.0
0.116771,180.0,12.0,-3.756505,13.326265,1.066173,-0.056751,-0.010528,1.029287,0.285592,1.29701,0.000362,1.028925,0.78304,0.0,0.0
0.117095,180.5,11.930188,-3.756362,13.261478,1.062038,-0.056734,-0.009942,1.025592,0.283467,1.28974,0.000355,1.025237,0.786613,0.0,0.0
0.117419,181.0,11.860381,-3.755933,13.196596,1.057831,-0.056706,-0.009382,1.021826,0.281325,1.282471,0.000348,1.021478,0.790119,0.0,0.0
0.117744,181.5,11.790584,-3.755218,13.131622,1.053554,-0.056665,-0.008848,1.017989,0.279167,1.275206,0.000341,1.017648,0.793556,0.0,0.0
0.118068,182.0,11.720804,-3.754217,13.066562,1.049208,-0.056614,-0.008338,1.014084,0.276993,1.267943,0.000335,1.013749,0.796925,0.0,0.0
0.118392,182.5,11.651045,-3.75293,13.001421,1.044796,-0.056551,-0.007853,1.010112,0.274806,1.260684,0.000328,1.009784,0.800226,0.0,0.0
0.118717,183.0,11.581312,-3.751357,12.936204,1.04032,-0.056477,-0.00739,1.006075,0.272605,1.253429,0.000322,1.005754,0.803461,0.0,0.0
0.119041,183.5,11.511612,-3.749498,12.870915,1.035783,-0.056392,-0.00695,1.001977,0.270392,1.246179,0.000315,1.001662,0.806631,0.0,0.0
0.119365,184.0,11.441948,-3.747354,12.805561,1.031187,-0.056296,-0.006531,0.99782,0.268168,1.238934,0.000309,0.997511,0.809738,0.0,0.0
0.11969,184.5,11.372327,-3.744925,12.740144,1.026537,-0.05619,-0.006131,0.993607,0.265934,1.231695,0.000303,0.993304,0.812784,0.0,0.0
0.120014,185.0,11.302754,-3.74221,12.674672,1.021835,-0.056073,-0.005751,0.989341,0.263691,1.224462,0.000297,0.989044,0.815773,0.0,0.0
0.120339,185.5,11.233234,-3.739211,12.609148,1.017085,-0.055946,-0.005389,0.985027,0.261441,1.217236,0.000292,0.984735,0.818707,0.0,0.0
0.120663,186.0,11.163772,-3.735926,12.543577,1.012292,-0.055809,-0.005044,0.980667,0.259184,1.210018,0.000286,0.980381,0.821589,0.0,0.0
0.120987,186.5,11.094374,-3.732358,12.477966,1.007459,-0.055662,-0.004716,0.976265,0.256922,1.202807,0.00028,0.975985,0.824424,0.0,0.0
0.121312,187.0,11.025045,-3.728505,12.412317,1.00259,-0.055505,-0.004402,0.971826,0.254656,1.195605,0.000275,0.971551,0.827216,0.0,0.0
0.121636,187.5,10.95579,-3.724368,12.346638,0.997688,-0.055339,-0.004103,0.967353,0.252386,1.188413,0.00027,0.967083,0.829966,0.0,0.0
0.12196,188.0,10.886615,-3.719947,12.280932,0.992757,-0.055164,-0.003818,0.962848,0.250115,1.18123,0.000264,0.962583,0.832678,0.0,0.0
0.122285,188.5,10.817525,-3.715243,12.215205,0.987799,-0.05498,-0.003546,0.958313,0.247842,1.174057,0.000259,0.958054,0.835353,0.0,0.0
0.122609,189.0,10.748524,-3.710256,12.149461,0.982816,-0.054786,-0.003286,0.953751,0.245568,1.166895,0.000254,0.953497,0.837993,0.0,0.0
0.122933,189.5,10.679619,-3.704987,12.083706,0.97781,-0.054584,-0.003039,0.949164,0.243295,1.159744,0.000249,0.948914,0.840599,0.0,0.0
0.123258,190.0,10.610815,-3.699435,12.017944,0.972782,-0.054374,-0.002803,0.944552,0.241022,1.152605,0.000244,0.944308,0.843172,0.0,0.0
0.123582,190.5,10.542116,-3.693602,11.952181,0.967734,-0.054155,-0.002579,0.939918,0.23875,1.145479,0.00024,0.939678,0.845712,0.0,0.0
0.123907,191.0,10.473528,-3.687487,11.886422,0.962667,-0.053927,-0.002365,0.935261,0.23648,1.138365,0.000235,0.935026,0.848219,0.0,0.0
0.124231,191.5,10.405057,-3.681092,11.820672,0.957581,-0.053691,-0.002162,0.930584,0.234212,1.131265,0.00023,0.930354,0.850694,0.0,0.0
0.124555,192.0,10.336706,-3.674416,11.754935,0.952478,-0.053448,-0.001969,0.925886,0.231946,1.124179,0.000226,0.92566,0.853135,0.0,0.0
0.12488,192.5,10.268483,-3.667461,11.689216,0.947357,-0.053196,-0.001786,0.921168,0.229683,1.117107,0.000221,0.920946,0.855542,0.0,0.0
0.125204,193.0,10.200392,-3.660226,11.623522,0.94222,-0.052937,-0.001612,0.91643,0.227423,1.110051,0.000217,0.916213,0.857913,0.0,0.0
0.125528,193.5,10.132437,-3.652712,11.557856,0.937066,-0.05267,-0.001448,0.911672,0.225167,1.10301,0.000213,0.911459,0.860247,0.0,0.0
0.125853,194.0,10.064625,-3.644921,11.492224,0.931894,-0.052395,-0.001293,0.906894,0.222914,1.095985,0.000209,0.906685,0.862543,0.0,0.0
0.126177,194.5,9.99696,-3.636851,11.42663,0.926707,-0.052114,-0.001147,0.902097,0.220664,1.088977,0.000205,0.901892,0.8648,0.0,0.0
0.126501,195.0,9.929448,-3.628505,11.36108,0.921504,-0.051825,-0.001009,0.897281,0.218419,1.081986,0.000201,0.89708,0.867018,0.0,0.0
0.126826,195.5,9.862093,-3.619883,11.295579,0.916287,-0.051529,-0.000879,0.892448,0.216179,1.075014,0.000197,0.892251,0.869197,0.0,0.0
0.12715,196.0,9.794901,-3.610984,11.230131,0.911058,-0.051226,-0.000757,0.8876,0.213944,1.068059,0.000193,0.887407,0.871339,0.0,0.0
0.127474,196.5,9.727877,-3.601811,11.164742,0.905819,-0.050916,-0.000642,0.882738,0.211716,1.061123,0.000189,0.882549,0.873443,0.0,0.0
0.127799,197.0,9.661026,-3.592364,11.099417,0.90057,-0.0506,-0.000534,0.877863,0.209493,1.054206,0.000186,0.877678,0.875512,0.0,0.0
0.128123,197.5,9.594354,-3.582642,11.03416,0.895314,-0.050277,-0.000433,0.872977,0.207277,1.04731,0.000182,0.872795,0.877546,0.0,0.0
0.128448,198.0,9.527864,-3.572648,10.968977,0.890051,-0.049949,-0.000337,0.868082,0.205069,1.040434,0.000178,0.867903,0.879544,0.0,0.0
0.128772,198.5,9.461563,-3.562382,10.903872,0.884784,-0.049614,-0.000248,0.863178,0.202868,1.033578,0.000175,0.863003,0.881509,0.0,0.0
0.129096,199.0,9.395455,-3.551845,10.838851,0.879512,-0.049273,-0.000164,0.858266,0.200675,1.026745,0.000172,0.858095,0.88344,0.0,0.0
0.129421,199.5,9.329545,-3.541037,10.773918,0.874239,-0.048926,-8.6e-05,0.853349,0.198491,1.019933,0.000168,0.853181,0.885338,0.0,0.0
0.129745,200.0,9.263839,-3.52996,10.709079,0.868965,-0.048574,-1.3e-05,0.848427,0.196315,1.013143,0.000165,0.848262,0.887205,0.0,0.0
0.130069,200.5,9.198341,-3.518614,10.644338,0.86369,-0.048217,5.6e-05,0.843502,0.194149,1.006377,0.000162,0.84334,0.889039,0.0,0.0
0.130394,201.0,9.133056,-3.506999,10.5797,0.858418,-0.047854,0.00012,0.838574,0.191993,0.999634,0.000159,0.838416,0.890842,0.0,0.0
0.130718,201.5,9.06799,-3.495118,10.51517,0.853148,-0.047486,0.000179,0.833646,0.189847,0.992915,0.000155,0.83349,0.892615,0.0,0.0
0.131042,202.0,9.003147,-3.482971,10.450753,0.847882,-0.047113,0.000234,0.828717,0.187711,0.986221,0.000152,0.828565,0.894357,0.0,0.0
0.131367,202.5,8.938533,-3.470558,10.386455,0.842621,-0.046735,0.000286,0.82379,0.185585,0.979552,0.000149,0.82364,0.89607,0.0,0.0
0.131691,203.0,8.874151,-3.457881,10.322279,0.837366,-0.046353,0.000333,0.818865,0.183471,0.972908,0.000147,0.818718,0.897753,0.0,0.0
0.132016,203.5,8.810007,-3.444941,10.258231,0.832118,-0.045966,0.000377,0.813943,0.181368,0.966291,0.000144,0.8138,0.899408,0.0,0.0
0.13234,204.0,8.746107,-3.431738,10.194315,0.826879,-0.045575,0.000418,0.809026,0.179277,0.9597,0.000141,0.808886,0.901034,0.0,0.0
0.132664,204.5,8.682454,-3.418274,10.130538,0.821649,-0.04518,0.000456,0.804115,0.177198,0.953136,0.000138,0.803977,0.902633,0.0,0.0
0.132989,205.0,8.619054,-3.40455,10.066902,0.81643,-0.04478,0.00049,0.79921,0.175131,0.9466,0.000136,0.799075,0.904204,0.0,0.0
0.133313,205.5,8.555911,-3.390566,10.003414,0.811223,-0.044377,0.000522,0.794313,0.173076,0.940091,0.000133,0.79418,0.905747,0.0,0.0
0.133637,206.0,8.493031,-3.376324,9.940078,0.806027,-0.04397,0.000551,0.789424,0.171035,0.933612,0.00013,0.789294,0.907265,0.0,0.0
0.133962,206.5,8.430417,-3.361825,9.876898,0.800846,-0.043559,0.000578,0.784546,0.169006,0.927161,0.000128,0.784418,0.908755,0.0,0.0
0.134286,207.0,8.368076,-3.34707,9.81388,0.795679,-0.043145,0.000602,0.779677,0.166991,0.92074,0.000125,0.779552,0.91022,0.0,0.0
0.13461,207.5,8.306011,-3.332061,9.751029,0.790528,-0.042728,0.000624,0.774821,0.164989,0.914349,0.000123,0.774698,0.911659,0.0,0.0
0.134935,208.0,8.244227,-3.316797,9.688349,0.785393,-0.042307,0.000644,0.769976,0.163001,0.907989,0.00012,0.769856,0.913073,0.0,0.0
0.135259,208.5,8.18273,-3.301281,9.625845,0.780275,-0.041884,0.000661,0.765146,0.161027,0.901659,0.000118,0.765028,0.914462,0.0,0.0
0.135584,209.0,8.121523,-3.285513,9.563522,0.775176,-0.041458,0.000677,0.76033,0.159067,0.895361,0.000116,0.760214,0.915826,0.0,0.0
0.135908,209.5,8.060612,-3.269495,9.501385,0.770096,-0.041029,0.000691,0.755529,0.157122,0.889095,0.000114,0.755415,0.917166,0.0,0.0
0.136232,210.0,8.0,-3.253229,9.439437,0.765036,-0.040597,0.000704,0.750744,0.155191,0.882862,0.000111,0.750633,0.918482,0.0,0.0
0.136557,210.5,7.939693,-3.236714,9.377685,0.759997,-0.040163,0.000715,0.745976,0.153274,0.876661,0.000109,0.745867,0.919774,0.0,0.0
0.136881,211.0,7.879695,-3.219953,9.316132,0.754981,-0.039727,0.000724,0.741227,0.151373,0.870494,0.000107,0.74112,0.921043,0.0,0.0
0.137205,211.5,7.820011,-3.202947,9.254784,0.749987,-0.039288,0.000732,0.736496,0.149487,0.864361,0.000105,0.736391,0.922289,0.0,0.0
0.13753,212.0,7.760646,-3.185697,9.193645,0.745017,-0.038848,0.000739,0.731786,0.147616,0.858262,0.000103,0.731683,0.923513,0.0,0.0
0.137854,212.5,7.701603,-3.168204,9.13272,0.740072,-0.038405,0.000744,0.727096,0.145761,0.852198,0.000101,0.726995,0.924715,0.0,0.0
0.138178,213.0,7.642888,-3.15047,9.072013,0.735152,-0.037961,0.000749,0.722429,0.143922,0.846169,9.9e-05,0.72233,0.925896,0.0,0.0
0.138503,213.5,7.584504,-3.132496,9.011529,0.730259,-0.037516,0.000752,0.717784,0.142098,0.840176,9.7e-05,0.717687,0.927056,0.0,0.0
0.138827,214.0,7.526457,-3.114284,8.951272,0.725394,-0.037069,0.000754,0.713162,0.14029,0.834219,9.5e-05,0.713067,0.928195,0.0,0.0
0.139152,214.5,7.46875,-3.095834,8.891248,0.720557,-0.03662,0.000756,0.708566,0.138498,0.828298,9.3e-05,0.708472,0.929315,0.0,0.0
0.139476,215.0,7.411389,-3.077149,8.83146,0.715749,-0.036171,0.000757,0.703994,0.136723,0.822415,9.1e-05,0.703903,0.930415,0.0,0.0
0.1398,215.5,7.354376,-3.058229,8.771914,0.710971,-0.03572,0.000756,0.699449,0.134964,0.816569,9e-05,0.699359,0.931495,0.0,0.0
0.140125,216.0,7.297718,-3.039076,8.712613,0.706224,-0.035268,0.000756,0.694931,0.133221,0.810761,8.8e-05,0.694843,0.932557,0.0,0.0
0.140449,216.5,7.241418,-3.019692,8.653563,0.701508,-0.034816,0.000754,0.69044,0.131495,0.804992,8.6e-05,0.690354,0.933601,0.0,0.0
0.140773,217.0,7.18548,-3.000078,8.594768,0.696825,-0.034363,0.000752,0.685978,0.129785,0.799262,8.5e-05,0.685894,0.934626,0.0,0.0
0.141098,217.5,7.129909,-2.980236,8.536232,0.692174,-0.033909,0.000749,0.681546,0.128092,0.79357,8.3e-05,0.681463,0.935633,0.0,0.0
0.141422,218.0,7.074708,-2.960166,8.47796,0.687557,-0.033455,0.000746,0.677143,0.126416,0.787919,8.1e-05,0.677062,0.936623,0.0,0.0
0.141746,218.5,7.019883,-2.939871,8.419956,0.682975,-0.033,0.000742,0.672771,0.124757,0.782308,8e-05,0.672691,0.937595,0.0,0.0
0.142071,219.0,6.965437,-2.919353,8.362224,0.678428,-0.032545,0.000738,0.668431,0.123115,0.776737,7.8e-05,0.668353,0.93855,0.0,0.0
0.142395,219.5,6.911374,-2.898612,8.30477,0.673916,-0.03209,0.000733,0.664123,0.12149,0.771207,7.7e-05,0.664046,0.939489,0.0,0.0
0.14272,220.0,6.857699,-2.87765,8.247597,0.669441,-0.031635,0.000728,0.659847,0.119881,0.765719,7.5e-05,0.659772,0.940411,0.0,0.0
0.143044,220.5,6.804416,-2.856469,8.19071,0.665003,-0.031181,0.000722,0.655606,0.11829,0.760273,7.4e-05,0.655532,0.941317,0.0,0.0
0.143368,221.0,6.751528,-2.83507,8.134113,0.660603,-0.030726,0.000717,0.651398,0.116716,0.754868,7.2e-05,0.651326,0.942206,0.0,0.0
0.143693,221.5,6.69904,-2.813456,8.07781,0.656241,-0.030272,0.000711,0.647226,0.115159,0.749507,7.1e-05,0.647155,0.94308,0.0,0.0
0.144017,222.0,6.646955,-2.791627,8.021807,0.651918,-0.029818,0.000704,0.643089,0.11362,0.744189,6.9e-05,0.643019,0.943938,0.0,0.0
0.144341,222.5,6.595278,-2.769586,7.966106,0.647634,-0.029364,0.000698,0.638988,0.112097,0.738914,6.8e-05,0.63892,0.944781,0.0,0.0
0.144666,223.0,6.544013,-2.747334,7.910712,0.643391,-0.028912,0.000691,0.634923,0.110592,0.733683,6.7e-05,0.634857,0.945608,0.0,0.0
0.14499,223.5,6.493163,-2.724872,7.855629,0.639188,-0.02846,0.000684,0.630897,0.109104,0.728496,6.5e-05,0.630831,0.946421,0.0,0.0
0.145314,224.0,6.442733,-2.702204,7.800863,0.635026,-0.028009,0.000677,0.626908,0.107634,0.723354,6.4e-05,0.626844,0.947218,0.0,0.0
0.145639,224.5,6.392726,-2.679329,7.746416,0.630906,-0.027558,0.00067,0.622958,0.10618,0.718257,6.3e-05,0.622895,0.948001,0.0,0.0
0.145963,225.0,6.343146,-2.65625,7.692293,0.626829,-0.027109,0.000663,0.619046,0.104744,0.713206,6.2e-05,0.618985,0.94877,0.0,0.0
0.146288,225.5,6.293996,-2.632969,7.638498,0.622795,-0.026661,0.000655,0.615175,0.103325,0.7082,6.1e-05,0.615115,0.949524,0.0,0.0
0.146612,226.0,6.245282,-2.609488,7.585035,0.618804,-0.026214,0.000648,0.611344,0.101924,0.703241,5.9e-05,0.611285,0.950264,0.0,0.0
0.146936,226.5,6.197005,-2.585807,7.531908,0.614856,-0.025768,0.00064,0.607554,0.100539,0.698328,5.8e-05,0.607495,0.95099,0.0,0.0
0.147261,227.0,6.14917,-2.56193,7.479122,0.610954,-0.025324,0.000632,0.603805,0.099172,0.693462,5.7e-05,0.603748,0.951702,0.0,0.0
0.147585,227.5,6.101781,-2.537858,7.42668,0.607096,-0.024881,0.000625,0.600098,0.097822,0.688644,5.6e-05,0.600042,0.9524,0.0,0.0
0.147909,228.0,6.054841,-2.513592,7.374586,0.603284,-0.024439,0.000617,0.596433,0.096489,0.683873,5.5e-05,0.596378,0.953085,0.0,0.0
0.148234,228.5,6.008354,-2.489135,7.322844,0.599517,-0.023999,0.000609,0.592812,0.095174,0.67915,5.4e-05,0.592758,0.953757,0.0,0.0
0.148558,229.0,5.962323,-2.464489,7.271459,0.595797,-0.023561,0.000602,0.589234,0.093875,0.674476,5.3e-05,0.589181,0.954415,0.0,0.0
0.148882,229.5,5.916752,-2.439655,7.220433,0.592124,-0.023124,0.000594,0.5857,0.092593,0.669851,5.2e-05,0.585648,0.955061,0.0,0.0
0.149207,230.0,5.871644,-2.414635,7.169772,0.588499,-0.022689,0.000586,0.58221,0.091329,0.665274,5.1e-05,0.582159,0.955693,0.0,0.0
0.149531,230.5,5.827003,-2.389431,7.119479,0.584921,-0.022256,0.000579,0.578766,0.090081,0.660748,5e-05,0.578716,0.956313,0.0,0.0
0.149856,231.0,5.782832,-2.364045,7.069557,0.581391,-0.021825,0.000571,0.575367,0.088851,0.656271,4.9e-05,0.575318,0.95692,0.0,0.0
0.15018,231.5,5.739135,-2.338479,7.02001,0.57791,-0.021396,0.000564,0.572014,0.087637,0.651844,4.8e-05,0.571966,0.957514,0.0,0.0
0.150504,232.0,5.695914,-2.312735,6.970843,0.574478,-0.020969,0.000556,0.568707,0.08644,0.647468,4.7e-05,0.56866,0.958096,0.0,0.0
0.150829,232.5,5.653173,-2.286815,6.922059,0.571096,-0.020545,0.000549,0.565447,0.085259,0.643143,4.6e-05,0.565401,0.958667,0.0,0.0
0.151153,233.0,5.610916,-2.260721,6.873662,0.567764,-0.020122,0.000542,0.562235,0.084096,0.638868,4.5e-05,0.56219,0.959226,0.0,0.0
0.151477,233.5,5.569145,-2.234455,6.825655,0.564482,-0.019701,0.000534,0.559071,0.082949,0.634646,4.4e-05,0.559027,0.959773,0.0,0.0
0.151802,234.0,5.527864,-2.208018,6.778042,0.561252,-0.019283,0.000527,0.555956,0.081819,0.630475,4.3e-05,0.555912,0.960309,0.0,0.0
0.152126,234.5,5.487076,-2.181414,6.730827,0.558072,-0.018867,0.00052,0.552889,0.080705,0.626356,4.2e-05,0.552846,0.960834,0.0,0.0
0.15245,235.0,5.446784,-2.154643,6.684013,0.554945,-0.018453,0.000513,0.549871,0.079607,0.62229,4.2e-05,0.54983,0.961348,0.0,0.0
0.152775,235.5,5.40699,-2.127708,6.637603,0.55187,-0.018042,0.000506,0.546904,0.078526,0.618277,4.1e-05,0.546863,0.961852,0.0,0.0
0.153099,236.0,5.367699,-2.100611,6.591603,0.548847,-0.017633,0.000499,0.543986,0.077461,0.614316,4e-05,0.543946,0.962345,0.0,0.0
0.153424,236.5,5.328913,-2.073354,6.546014,0.545878,-0.017227,0.000493,0.54112,0.076413,0.610409,3.9e-05,0.54108,0.962828,0.0,0.0
0.153748,237.0,5.290635,-2.045939,6.50084,0.542961,-0.016823,0.000486,0.538304,0.07538,0.606556,3.9e-05,0.538266,0.963301,0.0,0.0
0.154072,237.5,5.252868,-2.018369,6.456085,0.540099,-0.016422,0.00048,0.53554,0.074364,0.602757,3.8e-05,0.535502,0.963765,0.0,0.0
0.154397,238.0,5.215615,-1.990644,6.411752,0.53729,-0.016023,0.000473,0.532828,0.073363,0.599012,3.7e-05,0.53279,0.964219,0.0,0.0
0.154721,238.5,5.178879,-1.962768,6.367845,0.534536,-0.015627,0.000467,0.530167,0.072379,0.595321,3.6e-05,0.530131,0.964663,0.0,0.0
0.155045,239.0,5.142662,-1.934743,6.324367,0.531837,-0.015234,0.000461,0.52756,0.07141,0.591686,3.6e-05,0.527524,0.965098,0.0,0.0
0.15537,239.5,5.106967,-1.90657,6.281321,0.529193,-0.014843,0.000455,0.525006,0.070457,0.588105,3.5e-05,0.524971,0.965524,0.0,0.0
0.155694,240.0,5.071797,-1.878252,6.238711,0.526604,-0.014455,0.000449,0.522504,0.069519,0.58458,3.4e-05,0.52247,0.965941,0.0,0.0
0.156018,240.5,5.037154,-1.849792,6.196539,0.524071,-0.01407,0.000443,0.520057,0.068597,0.58111,3.4e-05,0.520023,0.966349,0.0,0.0
0.156343,241.0,5.003042,-1.82119,6.154809,0.521595,-0.013687,0.000437,0.517664,0.06769,0.577697,3.3e-05,0.517631,0.966749,0.0,0.0
0.156667,241.5,4.969463,-1.792449,6.113525,0.519174,-0.013307,0.000432,0.515325,0.066798,0.574339,3.2e-05,0.515292,0.96714,0.0,0.0
0.156991,242.0,4.936419,-1.763572,6.072689,0.51681,-0.01293,0.000426,0.513041,0.065922,0.571038,3.2e-05,0.513009,0.967523,0.0,0.0
0.157316,242.5,4.903913,-1.734561,6.032304,0.514503,-0.012556,0.000421,0.510811,0.065061,0.567794,3.1e-05,0.51078,0.967898,0.0,0.0
0.15764,243.0,4.871948,-1.705418,5.992373,0.512253,-0.012184,0.000416,0.508637,0.064214,0.564606,3e-05,0.508607,0.968265,0.0,0.0
0.157965,243.5,4.840525,-1.676144,5.9529,0.510061,-0.011816,0.000411,0.506519,0.063383,0.561476,3e-05,0.506489,0.968624,0.0,0.0
0.158289,244.0,4.809648,-1.646743,5.913888,0.507926,-0.011449,0.000406,0.504457,0.062566,0.558403,2.9e-05,0.504428,0.968975,0.0,0.0
0.158613,244.5,4.779318,-1.617217,5.875339,0.50585,-0.011086,0.000401,0.502451,0.061764,0.555388,2.9e-05,0.502422,0.969319,0.0,0.0
0.158938,245.0,4.749538,-1.587568,5.837256,0.503831,-0.010726,0.000396,0.500501,0.060977,0.552431,2.8e-05,0.500473,0.969655,0.0,0.0
0.159262,245.5,4.72031,-1.557797,5.799643,0.501871,-0.010368,0.000391,0.498608,0.060204,0.549531,2.8e-05,0.498581,0.969984,0.0,0.0
0.159586,246.0,4.691636,-1.527908,5.762502,0.49997,-0.010013,0.000387,0.496772,0.059445,0.546691,2.7e-05,0.496745,0.970305,0.0,0.0
0.159911,246.5,4.663519,-1.497903,5.725836,0.498128,-0.009661,0.000382,0.494994,0.0587,0.543908,2.7e-05,0.494967,0.97062,0.0,0.0
0.160235,247.0,4.635961,-1.467783,5.689647,0.496345,-0.009312,0.000378,0.493273,0.05797,0.541184,2.6e-05,0.493247,0.970927,0.0,0.0
0.160559,247.5,4.608964,-1.437552,5.65394,0.494621,-0.008965,0.000373,0.49161,0.057253,0.53852,2.5e-05,0.491584,0.971228,0.0,0.0
0.160884,248.0,4.582529,-1.407212,5.618715,0.492956,-0.008621,0.000369,0.490005,0.056551,0.535914,2.5e-05,0.48998,0.971521,0.0,0.0
0.161208,248.5,4.556659,-1.376764,5.583977,0.491352,-0.00828,0.000365,0.488458,0.055862,0.533368,2.5e-05,0.488433,0.971809,0.0,0.0
0.161533,249.0,4.531357,-1.346211,5.549727,0.489807,-0.007941,0.000361,0.486969,0.055187,0.530881,2.4e-05,0.486945,0.972089,0.0,0.0
0.161857,249.5,4.506622,-1.315556,5.515968,0.488322,-0.007606,0.000358,0.485539,0.054525,0.528454,2.4e-05,0.485516,0.972363,0.0,0.0
0.162181,250.0,4.482459,-1.2848,5.482704,0.486898,-0.007272,0.000354,0.484168,0.053877,0.526087,2.3e-05,0.484145,0.972631,0.0,0.0
0.162506,250.5,4.458868,-1.253947,5.449935,0.485534,-0.006942,0.00035,0.482856,0.053242,0.52378,2.3e-05,0.482834,0.972893,0.0,0.0
0.16283,251.0,4.435851,-1.222998,5.417665,0.484231,-0.006614,0.000347,0.481604,0.05262,0.521534,2.2e-05,0.481581,0.973148,0.0,0.0
0.163154,251.5,4.413411,-1.191957,5.385897,0.482988,-0.006289,0.000343,0.48041,0.052011,0.519348,2.2e-05,0.480389,0.973398,0.0,0.0
0.163479,252.0,4.391548,-1.160824,5.354632,0.481807,-0.005966,0.00034,0.479277,0.051416,0.517222,2.1e-05,0.479255,0.973641,0.0,0.0
0.163803,252.5,4.370264,-1.129603,5.323873,0.480686,-0.005645,0.000337,0.478203,0.050833,0.515157,2.1e-05,0.478182,0.973878,0.0,0.0
0.164127,253.0,4.349562,-1.098296,5.293623,0.479627,-0.005328,0.000334,0.477189,0.050263,0.513153,2.1e-05,0.477169,0.97411,0.0,0.0
0.164452,253.5,4.329442,-1.066905,5.263883,0.478629,-0.005012,0.000331,0.476235,0.049706,0.511211,2e-05,0.476215,0.974336,0.0,0.0
0.164776,254.0,4.309906,-1.035433,5.234657,0.477692,-0.004699,0.000328,0.475342,0.049161,0.509329,2e-05,0.475322,0.974557,0.0,0.0
0.165101,254.5,4.290956,-1.003882,5.205946,0.476817,-0.004389,0.000325,0.474509,0.048628,0.507509,1.9e-05,0.47449,0.974772,0.0,0.0
0.165425,255.0,4.272593,-0.972255,5.177752,0.476004,-0.00408,0.000322,0.473736,0.048108,0.50575,1.9e-05,0.473717,0.974981,0.0,0.0
0.165749,255.5,4.254819,-0.940554,5.150077,0.475252,-0.003774,0.00032,0.473024,0.0476,0.504053,1.9e-05,0.473006,0.975185,0.0,0.0
0.166074,256.0,4.237634,-0.908781,5.122924,0.474563,-0.00347,0.000317,0.472373,0.047104,0.502418,1.8e-05,0.472355,0.975384,0.0,0.0
0.166398,256.5,4.221041,-0.876939,5.096295,0.473935,-0.003169,0.000315,0.471783,0.046621,0.500845,1.8e-05,0.471765,0.975578,0.0,0.0
0.166722,257.0,4.205039,-0.84503,5.070192,0.473369,-0.002869,0.000312,0.471254,0.046149,0.499333,1.8e-05,0.471236,0.975766,0.0,0.0
0.167047,257.5,4.189632,-0.813056,5.044616,0.472866,-0.002572,0.00031,0.470786,0.045689,0.497884,1.7e-05,0.470769,0.97595,0.0,0.0
0.167371,258.0,4.174819,-0.781021,5.01957,0.472424,-0.002277,0.000308,0.470379,0.04524,0.496497,1.7e-05,0.470362,0.976128,0.0,0.0
0.167695,258.5,4.160602,-0.748927,4.995056,0.472045,-0.001983,0.000306,0.470034,0.044803,0.495173,1.7e-05,0.470017,0.976302,0.0,0.0
0.16802,259.0,4.146983,-0.716775,4.971075,0.471729,-0.001692,0.000304,0.469749,0.044378,0.49391,1.6e-05,0.469733,0.97647,0.0,0.0
0.168344,259.5,4.133961,-0.684569,4.94763,0.471474,-0.001402,0.000302,0.469527,0.043964,0.492711,1.6e-05,0.469511,0.976634,0.0,0.0
0.168669,260.0,4.121538,-0.65231,4.924721,0.471283,-0.001114,0.0003,0.469366,0.043561,0.491574,1.6e-05,0.46935,0.976793,0.0,0.0
0.168993,260.5,4.109715,-0.620002,4.902351,0.471153,-0.000828,0.000298,0.469266,0.04317,0.4905,1.5e-05,0.469251,0.976947,0.0,0.0
0.169317,261.0,4.098493,-0.587647,4.880522,0.471086,-0.000544,0.000297,0.469228,0.04279,0.489488,1.5e-05,0.469213,0.977097,0.0,0.0
0.169642,261.5,4.087873,-0.555247,4.859235,0.471082,-0.000261,0.000295,0.469252,0.04242,0.48854,1.5e-05,0.469237,0.977242,0.0,0.0
0.169966,262.0,4.077855,-0.522804,4.838492,0.47114,2e-05,0.000294,0.469337,0.042062,0.487654,1.4e-05,0.469323,0.977383,0.0,0.0
0.17029,262.5,4.068441,-0.490322,4.818294,0.471261,0.0003,0.000292,0.469485,0.041715,0.486832,1.4e-05,0.469471,0.977519,0.0,0.0
0.170615,263.0,4.059631,-0.457803,4.798643,0.471445,0.000578,0.000291,0.469694,0.041378,0.486072,1.4e-05,0.46968,0.977651,0.0,0.0
0.170939,263.5,4.051425,-0.425248,4.77954,0.471691,0.000855,0.00029,0.469965,0.041052,0.485376,1.4e-05,0.469951,0.977778,0.0,0.0
0.171263,264.0,4.043825,-0.392662,4.760988,0.472,0.00113,0.000289,0.470298,0.040736,0.484743,1.3e-05,0.470285,0.977902,0.0,0.0
0.171588,264.5,4.03683,-0.360045,4.742986,0.472371,0.001405,0.000288,0.470693,0.040431,0.484173,1.3e-05,0.47068,0.978021,0.0,0.0
0.171912,265.0,4.030442,-0.327401,4.725538,0.472805,0.001678,0.000287,0.471149,0.040137,0.483667,1.3e-05,0.471136,0.978135,0.0,0.0
0.172237,265.5,4.024661,-0.294732,4.708643,0.473302,0.00195,0.000286,0.471668,0.039852,0.483224,1.3e-05,0.471655,0.978246,0.0,0.0
0.172561,266.0,4.019488,-0.262041,4.692303,0.473861,0.002222,0.000285,0.472248,0.039578,0.482844,1.2e-05,0.472236,0.978352,0.0,0.0
0.172885,266.5,4.014922,-0.229329,4.67652,0.474483,0.002492,0.000284,0.472891,0.039315,0.482527,1.2e-05,0.472878,0.978454,0.0,0.0
0.17321,267.0,4.010964,-0.1966,4.661295,0.475167,0.002761,0.000283,0.473595,0.039061,0.482274,1.2e-05,0.473583,0.978553,0.0,0.0
0.173534,267.5,4.007614,-0.163856,4.646629,0.475914,0.00303,0.000283,0.474361,0.038817,0.482085,1.2e-05,0.474349,0.978647,0.0,0.0
0.173858,268.0,4.004873,-0.1311,4.632522,0.476723,0.003298,0.000282,0.475189,0.038584,0.481958,1.1e-05,0.475177,0.978737,0.0,0.0
0.174183,268.5,4.002741,-0.098334,4.618977,0.477595,0.003566,0.000282,0.476078,0.03836,0.481896,1.1e-05,0.476067,0.978823,0.0,0.0
0.174507,269.0,4.001218,-0.06556,4.605994,0.478528,0.003832,0.000281,0.477029,0.038147,0.481897,1.1e-05,0.477018,0.978906,0.0,0.0
0.174831,269.5,4.000305,-0.032781,4.593573,0.479525,0.004099,0.000281,0.478042,0.037943,0.481961,1.1e-05,0.478032,0.978984,0.0,0.0
0.175156,270.0,4.0,-0.0,4.581717,0.480583,0.004365,0.000281,0.479117,0.037748,0.482089,1.1e-05,0.479107,0.979059,0.0,0.0
0.17548,270.5,4.000305,0.032781,4.570426,0.481704,0.004631,0.000281,0.480253,0.037564,0.48228,1e-05,0.480243,0.97913,0.0,0.0
0.175805,271.0,4.001218,0.06556,4.5597,0.482886,0.004897,0.000281,0.481451,0.037389,0.482534,1e-05,0.481441,0.979197,0.0,0.0
0.176129,271.5,4.002741,0.098334,4.549542,0.484131,0.005162,0.000281,0.48271,0.037224,0.482852,1e-05,0.4827,0.97926,0.0,0.0
0.176453,272.0,4.004873,0.1311,4.53995,0.485438,0.005428,0.000281,0.484031,0.037068,0.483234,1e-05,0.484021,0.97932,0.0,0.0
0.176778,272.5,4.007614,0.163856,4.530927,0.486806,0.005693,0.000281,0.485412,0.036922,0.483679,1e-05,0.485403,0.979376,0.0,0.0
0.177102,273.0,4.010964,0.1966,4.522472,0.488236,0.005959,0.000281,0.486855,0.036785,0.484187,9e-06,0.486846,0.979428,0.0,0.0
0.177426,273.5,4.014922,0.229329,4.514587,0.489728,0.006225,0.000281,0.48836,0.036658,0.484758,9e-06,0.48835,0.979476,0.0,0.0
0.177751,274.0,4.019488,0.262041,4.507272,0.491281,0.006491,0.000282,0.489925,0.03654,0.485393,9e-06,0.489916,0.979521,0.0,0.0
0.178075,274.5,4.024661,0.294732,4.500528,0.492895,0.006758,0.000282,0.491551,0.036432,0.48609,9e-06,0.491542,0.979562,0.0,0.0
0.178399,275.0,4.030442,0.327401,4.494354,0.494571,0.007025,0.000283,0.493237,0.036333,0.486851,9e-06,0.493229,0.9796,0.0,0.0
0.178724,275.5,4.03683,0.360045,4.488753,0.496308,0.007293,0.000283,0.494985,0.036243,0.487676,8e-06,0.494976,0.979634,0.0,0.0
0.179048,276.0,4.043825,0.392662,4.483723,0.498106,0.007561,0.000284,0.496793,0.036162,0.488563,8e-06,0.496784,0.979664,0.0,0.0
0.179373,276.5,4.051425,0.425248,4.479266,0.499965,0.007831,0.000285,0.498661,0.036091,0.489513,8e-06,0.498653,0.979691,0.0,0.0
0.179697,277.0,4.059631,0.457803,4.475381,0.501884,0.008101,0.000286,0.50059,0.036029,0.490526,8e-06,0.500582,0.979714,0.0,0.0
0.180021,277.5,4.068441,0.490322,4.472069,0.503865,0.008372,0.000286,0.502579,0.035976,0.491601,8e-06,0.502571,0.979734,0.0,0.0
0.180346,278.0,4.077855,0.522804,4.469331,0.505905,0.008644,0.000287,0.504627,0.035932,0.49274,8e-06,0.50462,0.97975,0.0,0.0
0.18067,278.5,4.087873,0.555247,4.467166,0.508006,0.008917,0.000288,0.506736,0.035897,0.493941,8e-06,0.506729,0.979763,0.0,0.0
0.180994,279.0,4.098493,0.587647,4.465575,0.510167,0.009192,0.00029,0.508904,0.035872,0.495205,7e-06,0.508897,0.979772,0.0,0.0
0.181319,279.5,4.109715,0.620002,4.464558,0.512388,0.009468,0.000291,0.511132,0.035856,0.496531,7e-06,0.511125,0.979777,0.0,0.0
0.181643,280.0,4.121538,0.65231,4.464114,0.514668,0.009745,0.000292,0.513419,0.035849,0.497919,7e-06,0.513412,0.979779,0.0,0.0
0.181967,280.5,4.133961,0.684569,4.464244,0.517008,0.010023,0.000293,0.515766,0.035851,0.49937,7e-06,0.515759,0.979778,0.0,0.0
0.182292,281.0,4.146983,0.716775,4.464949,0.519408,0.010304,0.000295,0.518171,0.035862,0.500883,7e-06,0.518164,0.979772,0.0,0.0
0.182616,281.5,4.160602,0.748927,4.466227,0.521867,0.010586,0.000296,0.520635,0.035882,0.502458,7e-06,0.520629,0.979764,0.0,0.0
0.182941,282.0,4.174819,0.781021,4.468079,0.524385,0.010869,0.000298,0.523158,0.035912,0.504094,7e-06,0.523152,0.979751,0.0,0.0
0.183265,282.5,4.189632,0.813056,4.470504,0.526961,0.011155,0.0003,0.52574,0.035951,0.505793,6e-06,0.525733,0.979736,0.0,0.0
0.183589,283.0,4.205039,0.84503,4.473503,0.529596,0.011442,0.000301,0.528379,0.035998,0.507553,6e-06,0.528373,0.979716,0.0,0.0
0.183914,283.5,4.221041,0.876939,4.477075,0.53229,0.011732,0.000303,0.531077,0.036056,0.509375,6e-06,0.53107,0.979693,0.0,0.0
0.184238,284.0,4.237634,0.908781,4.481219,0.535042,0.012024,0.000305,0.533832,0.036122,0.511258,6e-06,0.533826,0.979667,0.0,0.0
0.184562,284.5,4.254819,0.940554,4.485937,0.537851,0.012317,0.000307,0.536645,0.036197,0.513202,6e-06,0.536639,0.979637,0.0,0.0
0.184887,285.0,4.272593,0.972255,4.491227,0.540719,0.012613,0.000309,0.539515,0.036282,0.515208,6e-06,0.539509,0.979603,0.0,0.0
0.185211,285.5,4.290956,1.003882,4.497088,0.543644,0.012912,0.000311,0.542443,0.036376,0.517274,6e-06,0.542437,0.979566,0.0,0.0
0.185535,286.0,4.309906,1.035433,4.503521,0.546626,0.013213,0.000314,0.545427,0.03648,0.519401,6e-06,0.545421,0.979525,0.0,0.0
0.18586,286.5,4.329442,1.066905,4.510525,0.549665,0.013517,0.000316,0.548468,0.036592,0.521589,6e-06,0.548462,0.97948,0.0,0.0
0.186184,287.0,4.349562,1.098296,4.518099,0.552761,0.013823,0.000318,0.551565,0.036714,0.523837,5e-06,0.55156,0.979432,0.0,0.0
0.186508,287.5,4.370264,1.129603,4.526242,0.555914,0.014132,0.000321,0.554719,0.036846,0.526145,5e-06,0.554714,0.97938,0.0,0.0
0.186833,288.0,4.391548,1.160824,4.534955,0.559122,0.014443,0.000324,0.557928,0.036987,0.528514,5e-06,0.557923,0.979324,0.0,0.0
0.187157,288.5,4.413411,1.191957,4.544237,0.562387,0.014758,0.000326,0.561193,0.037137,0.530942,5e-06,0.561188,0.979265,0.0,0.0
0.187482,289.0,4.435851,1.222998,4.554086,0.565708,0.015076,0.000329,0.564514,0.037297,0.53343,5e-06,0.564509,0.979201,0.0,0.0
0.187806,289.5,4.458868,1.253947,4.564503,0.569084,0.015396,0.000332,0.56789,0.037467,0.535978,5e-06,0.567885,0.979134,0.0,0.0
0.18813,290.0,4.482459,1.2848,4.575485,0.572515,0.01572,0.000335,0.57132,0.037646,0.538585,5e-06,0.571315,0.979064,0.0,0.0
0.188455,290.5,4.506622,1.315556,4.587033,0.576001,0.016047,0.000338,0.574805,0.037835,0.541251,5e-06,0.5748,0.978989,0.0,0.0
0.188779,291.0,4.531357,1.346211,4.599146,0.579541,0.016378,0.000341,0.578344,0.038033,0.543976,5e-06,0.57834,0.978911,0.0,0.0
0.189103,291.5,4.556659,1.376764,4.611822,0.583136,0.016711,0.000344,0.581938,0.038242,0.54676,5e-06,0.581933,0.978828,0.0,0.0
0.189428,292.0,4.582529,1.407212,4.62506,0.586785,0.017048,0.000348,0.585585,0.03846,0.549603,4e-06,0.58558,0.978742,0.0,0.0
0.189752,292.5,4.608964,1.437552,4.638861,0.590488,0.017389,0.000351,0.589285,0.038688,0.552503,4e-06,0.58928,0.978652,0.0,0.0
0.190076,293.0,4.635961,1.467783,4.653222,0.594244,0.017733,0.000355,0.593038,0.038926,0.555462,4e-06,0.593034,0.978558,0.0,0.0
0.190401,293.5,4.663519,1.497903,4.668142,0.598053,0.018082,0.000358,0.596844,0.039174,0.558479,4e-06,0.59684,0.978459,0.0,0.0
0.190725,294.0,4.691636,1.527908,4.683621,0.601915,0.018433,0.000362,0.600703,0.039432,0.561553,4e-06,0.600699,0.978357,0.0,0.0
0.19105,294.5,4.72031,1.557797,4.699657,0.60583,0.018789,0.000366,0.604613,0.0397,0.564685,4e-06,0.604609,0.978251,0.0,0.0
0.191374,295.0,4.749538,1.587568,4.716249,0.609796,0.019148,0.00037,0.608576,0.039979,0.567873,4e-06,0.608572,0.97814,0.0,0.0
0.191698,295.5,4.779318,1.617217,4.733395,0.613815,0.019512,0.000374,0.612589,0.040268,0.571119,4e-06,0.612586,0.978025,0.0,0.0
0.192023,296.0,4.809648,1.646743,4.751095,0.617884,0.01988,0.000378,0.616654,0.040567,0.574422,4e-06,0.616651,0.977907,0.0,0.0
0.192347,296.5,4.840525,1.676144,4.769347,0.622005,0.020251,0.000383,0.62077,0.040877,0.577781,4e-06,0.620766,0.977783,0.0,0.0
0.192671,297.0,4.871948,1.705418,4.78815,0.626177,0.020627,0.000387,0.624936,0.041197,0.581196,4e-06,0.624932,0.977656,0.0,0.0
0.192996,297.5,4.903913,1.734561,4.807502,0.630399,0.021007,0.000392,0.629152,0.041528,0.584666,4e-06,0.629148,0.977524,0.0,0.0
0.19332,298.0,4.936419,1.763572,4.827402,0.634671,0.021391,0.000396,0.633418,0.04187,0.588193,4e-06,0.633414,0.977388,0.0,0.0
0.193644,298.5,4.969463,1.792449,4.847847,0.638993,0.02178,0.000401,0.637733,0.042222,0.591775,3e-06,0.637729,0.977247,0.0,0.0
0.193969,299.0,5.003042,1.82119,4.868838,0.643364,0.022173,0.000406,0.642097,0.042585,0.595412,3e-06,0.642093,0.977102,0.0,0.0
0.194293,299.5,5.037154,1.849792,4.890371,0.647784,0.022571,0.000411,0.646509,0.042959,0.599104,3e-06,0.646506,0.976952,0.0,0.0
0.194618,300.0,5.071797,1.878252,4.912446,0.652253,0.022973,0.000416,0.65097,0.043345,0.60285,3e-06,0.650966,0.976798,0.0,0.0
0.194942,300.5,5.106967,1.90657,4.935061,0.65677,0.02338,0.000421,0.655478,0.043741,0.606651,3e-06,0.655475,0.976639,0.0,0.0
0.195266,301.0,5.142662,1.934743,4.958214,0.661334,0.023792,0.000427,0.660034,0.044149,0.610505,3e-06,0.660031,0.976476,0.0,0.0
0.195591,301.5,5.178879,1.962768,4.981903,0.665946,0.024208,0.000432,0.664637,0.044568,0.614414,3e-06,0.664634,0.976307,0.0,0.0
0.195915,302.0,5.215615,1.990644,5.006126,0.670605,0.024629,0.000438,0.669286,0.044998,0.618375,3e-06,0.669283,0.976134,0.0,0.0
0.196239,302.5,5.252868,2.018369,5.030882,0.675311,0.025055,0.000444,0.673982,0.04544,0.62239,3e-06,0.673979,0.975956,0.0,0.0
0.196564,303.0,5.290635,2.045939,5.056169,0.680063,0.025485,0.00045,0.678723,0.045894,0.626458,3e-06,0.67872,0.975773,0.0,0.0
0.196888,303.5,5.328913,2.073354,5.081985,0.684861,0.025921,0.000456,0.68351,0.046359,0.630578,3e-06,0.683507,0.975585,0.0,0.0
0.197212,304.0,5.367699,2.100611,5.108327,0.689704,0.026361,0.000462,0.688341,0.046837,0.63475,3e-06,0.688338,0.975392,0.0,0.0
0.197537,304.5,5.40699,2.127708,5.135194,0.694592,0.026807,0.000468,0.693217,0.047326,0.638974,3e-06,0.693215,0.975194,0.0,0.0
0.197861,305.0,5.446784,2.154643,5.162584,0.699525,0.027257,0.000475,0.698137,0.047827,0.643249,3e-06,0.698135,0.97499,0.0,0.0
0.198186,305.5,5.487076,2.181414,5.190495,0.704502,0.027713,0.000481,0.703101,0.04834,0.647576,3e-06,0.703099,0.974782,0.0,0.0
0.19851,306.0,5.527864,2.208018,5.218924,0.709522,0.028173,0.000488,0.708108,0.048866,0.651953,3e-06,0.708106,0.974568,0.0,0.0
0.198834,306.5,5.569145,2.234455,5.24787,0.714586,0.028639,0.000495,0.713158,0.049404,0.656381,3e-06,0.713155,0.974349,0.0,0.0
0.199159,307.0,5.610916,2.260721,5.27733,0.719693,0.02911,0.000502,0.71825,0.049954,0.660859,2e-06,0.718247,0.974124,0.0,0.0
0.199483,307.5,5.653173,2.286815,5.307302,0.724841,0.029586,0.000509,0.723383,0.050517,0.665387,2e-06,0.723381,0.973894,0.0,0.0
0.199807,308.0,5.695914,2.312735,5.337783,0.730032,0.030068,0.000517,0.728558,0.051093,0.669965,2e-06,0.728556,0.973658,0.0,0.0
0.200132,308.5,5.739135,2.338479,5.368772,0.735264,0.030554,0.000524,0.733774,0.051682,0.674591,2e-06,0.733772,0.973416,0.0,0.0
0.200456,309.0,5.782832,2.364045,5.400266,0.740537,0.031046,0.000532,0.73903,0.052283,0.679267,2e-06,0.739028,0.973168,0.0,0.0
0.20078,309.5,5.827003,2.389431,5.432263,0.745851,0.031543,0.00054,0.744326,0.052898,0.68399,2e-06,0.744324,0.972914,0.0,0.0
0.201105,310.0,5.871644,2.414635,5.464759,0.751204,0.032046,0.000548,0.749661,0.053525,0.688762,2e-06,0.749659,0.972653,0.0,0.0
0.201429,310.5,5.916752,2.439655,5.497754,0.756597,0.032554,0.000556,0.755035,0.054166,0.693582,2e-06,0.755033,0.972385,0.0,0.0
0.201754,311.0,5.962323,2.464489,5.531243,0.762028,0.033067,0.000564,0.760447,0.05482,0.698449,2e-06,0.760445,0.972111,0.0,0.0
0.202078,311.5,6.008354,2.489135,5.565225,0.767498,0.033586,0.000572,0.765897,0.055488,0.703363,2e-06,0.765895,0.971829,0.0,0.0
0.202402,312.0,6.054841,2.513592,5.599697,0.773005,0.03411,0.000581,0.771384,0.056169,0.708323,2e-06,0.771382,0.971541,0.0,0.0
0.202727,312.5,6.101781,2.537858,5.634657,0.77855,0.03464,0.00059,0.776907,0.056864,0.71333,2e-06,0.776905,0.971245,0.0,0.0
0.203051,313.0,6.14917,2.56193,5.670101,0.784132,0.035174,0.000599,0.782467,0.057573,0.718383,2e-06,0.782465,0.970942,0.0,0.0
0.203375,313.5,6.197005,2.585807,5.706027,0.78975,0.035715,0.000608,0.788062,0.058295,0.723481,2e-06,0.78806,0.970631,0.0,0.0
0.2037,314.0,6.245282,2.609488,5.742433,0.795403,0.03626,0.000617,0.793692,0.059032,0.728624,2e-06,0.79369,0.970312,0.0,0.0
0.204024,314.5,6.293996,2.632969,5.779315,0.801092,0.036811,0.000627,0.799356,0.059782,0.733812,2e-06,0.799354,0.969985,0.0,0.0
0.204348,315.0,6.343146,2.65625,5.816671,0.806815,0.037368,0.000637,0.805055,0.060547,0.739044,2e-06,0.805053,0.969651,0.0,0.0
0.204673,315.5,6.392726,2.679329,5.854498,0.812573,0.03793,0.000647,0.810786,0.061327,0.74432,2e-06,0.810784,0.969308,0.0,0.0
0.204997,316.0,6.442733,2.702204,5.892793,0.818364,0.038497,0.000657,0.81655,0.06212,0.749639,2e-06,0.816549,0.968957,0.0,0.0
0.205322,316.5,6.493163,2.724872,5.931553,0.824188,0.03907,0.000667,0.822347,0.062928,0.755002,2e-06,0.822345,0.968597,0.0,0.0
0.205646,317.0,6.544013,2.747334,5.970775,0.830044,0.039648,0.000677,0.828175,0.063751,0.760407,2e-06,0.828173,0.968229,0.0,0.0
0.20597,317.5,6.595278,2.769586,6.010456,0.835933,0.040232,0.000688,0.834034,0.064589,0.765854,2e-06,0.834032,0.967852,0.0,0.0
0.206295,318.0,6.646955,2.791627,6.050593,0.841852,0.040821,0.000699,0.839923,0.065441,0.771344,2e-06,0.839921,0.967466,0.0,0.0
0.206619,318.5,6.69904,2.813456,6.091184,0.847802,0.041415,0.00071,0.845842,0.066309,0.776874,2e-06,0.845841,0.967071,0.0,0.0
0.206943,319.0,6.751528,2.83507,6.132224,0.853783,0.042015,0.000721,0.851791,0.067191,0.782446,2e-06,0.851789,0.966667,0.0,0.0
0.207268,319.5,6.804416,2.856469,6.173711,0.859793,0.042619,0.000732,0.857768,0.068089,0.788058,2e-06,0.857766,0.966254,0.0,0.0
0.207592,320.0,6.857699,2.87765,6.215642,0.865832,0.04323,0.000744,0.863773,0.069002,0.793711,1e-06,0.863771,0.965832,0.0,0.0
0.207916,320.5,6.911374,2.898612,6.258014,0.8719,0.043845,0.000756,0.869805,0.06993,0.799403,1e-06,0.869804,0.9654,0.0,0.0
0.208241,321.0,6.965437,2.919353,6.300822,0.877995,0.044466,0.000767,0.875865,0.070874,0.805134,1e-06,0.875863,0.964959,0.0,0.0
0.208565,321.5,7.019883,2.939871,6.344065,0.884118,0.045092,0.000779,0.88195,0.071833,0.810905,1e-06,0.881949,0.964509,0.0,0.0
0.20889,322.0,7.074708,2.960166,6.387738,0.890267,0.045723,0.000791,0.888061,0.072808,0.816713,1e-06,0.88806,0.964048,0.0,0.0
0.209214,322.5,7.129909,2.980236,6.431839,0.896443,0.046359,0.000804,0.894197,0.073799,0.82256,1e-06,0.894196,0.963578,0.0,0.0
0.209538,323.0,7.18548,3.000078,6.476364,0.902644,0.047,0.000816,0.900358,0.074806,0.828444,1e-06,0.900357,0.963098,0.0,0.0
0.209863,323.5,7.241418,3.019692,6.521309,0.90887,0.047646,0.000829,0.906542,0.075828,0.834366,1e-06,0.906541,0.962608,0.0,0.0
0.210187,324.0,7.297718,3.039076,6.566672,0.91512,0.048298,0.000841,0.91275,0.076867,0.840323,1e-06,0.912749,0.962109,0.0,0.0
0.210511,324.5,7.354376,3.058229,6.612449,0.921394,0.048954,0.000854,0.91898,0.077922,0.846317,1e-06,0.918979,0.961599,0.0,0.0
0.210836,325.0,7.411389,3.077149,6.658635,0.927692,0.049615,0.000867,0.925232,0.078993,0.852347,1e-06,0.925231,0.961079,0.0,0.0
0.21116,325.5,7.46875,3.095834,6.705229,0.934011,0.050281,0.00088,0.931505,0.08008,0.858412,1e-06,0.931504,0.960549,0.0,0.0
0.211484,326.0,7.526457,3.114284,6.752226,0.940353,0.050952,0.000893,0.937799,0.081184,0.864512,1e-06,0.937798,0.960009,0.0,0.0
0.211809,326.5,7.584504,3.132496,6.799622,0.946716,0.051628,0.000907,0.944113,0.082304,0.870646,1e-06,0.944112,0.959458,0.0,0.0
0.212133,327.0,7.642888,3.15047,6.847415,0.9531,0.052308,0.00092,0.950446,0.083441,0.876814,1e-06,0.950445,0.958897,0.0,0.0
0.212457,327.5,7.701603,3.168204,6.895599,0.959504,0.052994,0.000933,0.956798,0.084594,0.883016,1e-06,0.956797,0.958326,0.0,0.0
0.212782,328.0,7.760646,3.185697,6.944173,0.965927,0.053683,0.000947,0.963168,0.085764,0.88925,1e-06,0.963167,0.957744,0.0,0.0
0.213106,328.5,7.820011,3.202947,6.993131,0.97237,0.054377,0.00096,0.969555,0.08695,0.895517,1e-06,0.969554,0.957151,0.0,0.0
0.213431,329.0,7.879695,3.219953,7.042471,0.97883,0.055076,0.000973,0.975959,0.088154,0.901815,1e-06,0.975958,0.956547,0.0,0.0
0.213755,329.5,7.939693,3.236714,7.092189,0.985307,0.055779,0.000987,0.982379,0.089374,0.908146,1e-06,0.982378,0.955931,0.0,0.0
0.214079,330.0,8.0,3.253229,7.14228,0.991801,0.056487,0.001,0.988813,0.090611,0.914507,1e-06,0.988812,0.955304,0.0,0.0
0.214404,330.5,8.060612,3.269495,7.192741,0.99831,0.057198,0.001014,0.995262,0.091865,0.920899,1e-06,0.995261,0.954664,0.0,0.0
0.214728,331.0,8.121523,3.285513,7.243568,1.004835,0.057914,0.001027,1.001724,0.093137,0.92732,1e-06,1.001723,0.954012,0.0,0.0
0.215052,331.5,8.18273,3.301281,7.294757,1.011374,0.058634,0.001041,1.008199,0.094425,0.933772,1e-06,1.008198,0.953347,0.0,0.0
0.215377,332.0,8.244227,3.316797,7.346305,1.017927,0.059358,0.001054,1.014686,0.09573,0.940252,1e-06,1.014685,0.952669,0.0,0.0
0.215701,332.5,8.306011,3.332061,7.398207,1.024493,0.060086,0.001067,1.021184,0.097052,0.946761,1e-06,1.021183,0.951978,0.0,0.0
0.216025,333.0,8.368076,3.34707,7.45046,1.03107,0.060818,0.00108,1.027692,0.098391,0.953298,1e-06,1.027691,0.951274,0.0,0.0
0.21635,333.5,8.430417,3.361825,7.503059,1.037659,0.061554,0.001093,1.03421,0.099748,0.959863,1e-06,1.034209,0.950556,0.0,0.0
0.216674,334.0,8.493031,3.376324,7.556,1.044259,0.062293,0.001106,1.040737,0.101121,0.966454,1e-06,1.040736,0.949824,0.0,0.0
0.216999,334.5,8.555911,3.390566,7.60928,1.050868,0.063036,0.001119,1.047272,0.102512,0.973072,1e-06,1.047271,0.949077,0.0,0.0
0.217323,335.0,8.619054,3.40455,7.662894,1.057486,0.063782,0.001131,1.053814,0.10392,0.979717,1e-06,1.053813,0.948317,0.0,0.0
0.217647,335.5,8.682454,3.418274,7.716839,1.064113,0.064532,0.001143,1.060362,0.105345,0.986387,1e-06,1.060361,0.947541,0.0,0.0
0.217972,336.0,8.746107,3.431738,7.77111,1.070747,0.065285,0.001155,1.066916,0.106788,0.993081,1e-06,1.066915,0.946751,0.0,0.0
0.218296,336.5,8.810007,3.444941,7.825702,1.077389,0.066041,0.001167,1.073475,0.108247,0.999801,1e-06,1.073474,0.945946,0.0,0.0
0.21862,337.0,8.874151,3.457881,7.880613,1.084036,0.066801,0.001178,1.080037,0.109724,1.006544,1e-06,1.080037,0.945125,0.0,0.0
0.218945,337.5,8.938533,3.470558,7.935837,1.090688,0.067563,0.001189,1.086603,0.111218,1.013311,1e-06,1.086603,0.944289,0.0,0.0
0.219269,338.0,9.003147,3.482971,7.991371,1.097344,0.068329,0.001199,1.093172,0.112729,1.020101,1e-06,1.093171,0.943437,0.0,0.0
0.219593,338.5,9.06799,3.495118,8.04721,1.104005,0.069097,0.001209,1.099742,0.114258,1.026913,1e-06,1.099741,0.942569,0.0,0.0
0.219918,339.0,9.133056,3.506999,8.103351,1.110668,0.069867,0.001218,1.106312,0.115803,1.033748,1e-06,1.106311,0.941684,0.0,0.0
0.220242,339.5,9.198341,3.518614,8.159787,1.117333,0.070641,0.001227,1.112883,0.117366,1.040604,1e-06,1.112882,0.940784,0.0,0.0
0.220567,340.0,9.263839,3.52996,8.216517,1.124,0.071417,0.001235,1.119452,0.118945,1.04748,1e-06,1.119451,0.939867,0.0,0.0
0.220891,340.5,9.329545,3.541037,8.273534,1.130666,0.072195,0.001243,1.12602,0.120542,1.054377,1e-06,1.126019,0.938933,0.0,0.0
0.221215,341.0,9.395455,3.551845,8.330836,1.137333,0.072975,0.001249,1.132585,0.122155,1.061294,1e-06,1.132584,0.937982,0.0,0.0
0.22154,341.5,9.461563,3.562382,8.388416,1.143999,0.073758,0.001255,1.139147,0.123786,1.068231,1e-06,1.139146,0.937014,0.0,0.0
0.221864,342.0,9.527864,3.572648,8.446272,1.150662,0.074542,0.00126,1.145704,0.125433,1.075186,1e-06,1.145704,0.936028,0.0,0.0
0.222188,342.5,9.594354,3.582642,8.504398,1.157323,0.075329,0.001264,1.152257,0.127097,1.082159,1e-06,1.152256,0.935025,0.0,0.0
0.222513,343.0,9.661026,3.592364,8.562791,1.16398,0.076117,0.001267,1.158803,0.128778,1.08915,1e-06,1.158803,0.934005,0.0,0.0
0.222837,343.5,9.727877,3.601811,8.621445,1.170633,0.076907,0.001269,1.165343,0.130476,1.096159,1e-06,1.165342,0.932967,0.0,0.0
0.223161,344.0,9.794901,3.610984,8.680357,1.177281,0.077698,0.00127,1.171875,0.13219,1.103184,1e-06,1.171874,0.93191,0.0,0.0
0.223486,344.5,9.862093,3.619883,8.739521,1.183921,0.07849,0.00127,1.178397,0.133921,1.110225,1e-06,1.178396,0.930832,0.0,0.0
0.22381,345.0,9.929448,3.628505,8.798934,1.190552,0.079284,0.001268,1.184907,0.135668,1.117282,1e-06,1.184907,0.929732,0.0,0.0
0.224135,345.5,9.99696,3.636851,8.85859,1.197172,0.080079,0.001265,1.191404,0.13743,1.124354,1e-06,1.191404,0.928606,0.0,0.0
0.224459,346.0,10.064625,3.644921,8.918486,1.20378,0.080875,0.00126,1.197886,0.139209,1.13144,1e-06,1.197886,0.927454,0.0,0.0
0.224783,346.5,10.132437,3.652712,8.978617,1.210374,0.081671,0.001253,1.204352,0.141003,1.138541,1e-06,1.204351,0.926275,0.0,0.0
0.225108,347.0,10.200392,3.660226,9.038977,1.216953,0.082468,0.001244,1.2108,0.142812,1.145655,1e-06,1.210799,0.925067,0.0,0.0
0.225432,347.5,10.268483,3.667461,9.099563,1.223515,0.083265,0.001234,1.217229,0.144636,1.152782,1e-06,1.217228,0.923831,0.0,0.0
0.225756,348.0,10.336706,3.674416,9.16037,1.230061,0.084063,0.001221,1.223638,0.146475,1.159921,0.0,1.223637,0.922566,0.0,0.0
0.226081,348.5,10.405057,3.681092,9.221393,1.236588,0.084861,0.001206,1.230027,0.148329,1.167072,0.0,1.230026,0.921272,0.0,0.0
0.226405,349.0,10.473528,3.687487,9.282628,1.243098,0.085658,0.001188,1.236394,0.150197,1.174234,0.0,1.236394,0.91995,0.0,0.0
0.226729,349.5,10.542116,3.693602,9.344069,1.249588,0.086456,0.001168,1.24274,0.15208,1.181407,0.0,1.242739,0.918601,0.0,0.0
0.227054,350.0,10.610815,3.699435,9.405713,1.256059,0.087253,0.001144,1.249064,0.153978,1.188591,0.0,1.249063,0.917225,0.0,0.0
0.227378,350.5,10.679619,3.704987,9.467555,1.26251,0.08805,0.001118,1.255366,0.155891,1.195784,0.0,1.255365,0.915825,0.0,0.0
0.227703,351.0,10.748524,3.710256,9.529589,1.268943,0.088847,0.001089,1.261646,0.157817,1.202986,0.0,1.261645,0.914402,0.0,0.0
0.228027,351.5,10.817525,3.715243,9.591811,1.275357,0.089643,0.001057,1.267904,0.159759,1.210196,0.0,1.267903,0.912957,0.0,0.0
0.228351,352.0,10.886615,3.719947,9.654217,1.281752,0.090438,0.001021,1.27414,0.161715,1.217415,0.0,1.27414,0.911494,0.0,0.0
0.228676,352.5,10.95579,3.724368,9.716802,1.288129,0.091232,0.000982,1.280356,0.163685,1.224641,0.0,1.280356,0.910015,0.0,0.0
0.229,353.0,11.025045,3.728505,9.77956,1.294488,0.092025,0.00094,1.286551,0.16567,1.231874,0.0,1.28655,0.90852,0.0,0.0
0.229324,353.5,11.094374,3.732358,9.842487,1.30083,0.092817,0.000894,1.292725,0.16767,1.239113,0.0,1.292724,0.907012,0.0,0.0
0.229649,354.0,11.163772,3.735926,9.905579,1.307153,0.093608,0.000845,1.298878,0.169684,1.246358,0.0,1.298877,0.905491,0.0,0.0
0.229973,354.5,11.233234,3.739211,9.96883,1.313457,0.094398,0.000791,1.305008,0.171712,1.253608,0.0,1.305008,0.903957,0.0,0.0
0.230297,355.0,11.302754,3.74221,10.032236,1.319742,0.095186,0.000734,1.311116,0.173754,1.260863,0.0,1.311116,0.902409,0.0,0.0
0.230622,355.5,11.372327,3.744925,10.095792,1.326005,0.095972,0.000673,1.317199,0.17581,1.268123,0.0,1.317199,0.900847,0.0,0.0
0.230946,356.0,11.441948,3.747354,10.159493,1.332246,0.096756,0.000607,1.323257,0.17788,1.275385,0.0,1.323257,0.899269,0.0,0.0
0.231271,356.5,11.511612,3.749498,10.223334,1.338462,0.097539,0.000537,1.329287,0.179963,1.282651,0.0,1.329287,0.897674,0.0,0.0
0.231595,357.0,11.581312,3.751357,10.28731,1.344652,0.098319,0.000462,1.335288,0.182058,1.28992,0.0,1.335287,0.896058,0.0,0.0
0.231919,357.5,11.651045,3.75293,10.351417,1.350813,0.099096,0.000382,1.341256,0.184166,1.29719,0.0,1.341256,0.894421,0.0,0.0
0.232244,358.0,11.720804,3.754217,10.415649,1.356942,0.099871,0.000297,1.34719,0.186285,1.304461,0.0,1.34719,0.892758,0.0,0.0
0.232568,358.5,11.790584,3.755218,10.480002,1.363037,0.100644,0.000205,1.353086,0.188415,1.311734,0.0,1.353086,0.891066,0.0,0.0
0.232892,359.0,11.860381,3.755933,10.544471,1.369095,0.101413,0.000108,1.358942,0.190556,1.319006,0.0,1.358942,0.889341,0.0,0.0
0.233217,359.5,11.930188,3.756362,10.60905,1.375111,0.102178,3e-06,1.364754,0.192706,1.326279,0.0,1.364753,0.887579,0.0,0.0
0.233541,0.0,12.0,3.756505,10.673735,1.381083,0.10294,-0.00011,1.370517,0.194864,1.33355,0.0,1.370517,0.885776,0.0,0.0
