case,mach_M,alpha_deg,CN_static,CM_static_c4,f_separation
A_validation,0.3,0.0,-0.02741,-0.00529,1.0
A_validation,0.3,0.25,0.00184,-0.00515,1.0
A_validation,0.3,0.5,0.0311,-0.00503,1.0
A_validation,0.3,0.75,0.06035,-0.00497,1.0
A_validation,0.3,1.0,0.08961,-0.00492,1.0
A_validation,0.3,1.25,0.11887,-0.00483,1.0
A_validation,0.3,1.5,0.14812,-0.00472,1.0
A_validation,0.3,1.75,0.17738,-0.00458,1.0
A_validation,0.3,2.0,0.20663,-0.00441,1.0
A_validation,0.3,2.25,0.23589,-0.00423,1.0
A_validation,0.3,2.5,0.26514,-0.00401,1.0
A_validation,0.3,2.75,0.2944,-0.00374,1.0
A_validation,0.3,3.0,0.32366,-0.00341,1.0
A_validation,0.3,3.25,0.3529,-0.00303,0.99993
A_validation,0.3,3.5,0.38214,-0.00261,0.99987
A_validation,0.3,3.75,0.41139,-0.00223,0.99984
A_validation,0.3,4.0,0.44061,-0.00182,0.99968
A_validation,0.3,4.25,0.46983,-0.00124,0.99956
A_validation,0.3,4.5,0.49911,-0.00055,0.99968
A_validation,0.3,4.75,0.52515,0.00027,0.98753
A_validation,0.3,5.0,0.54798,0.00112,0.96527
A_validation,0.3,5.25,0.57193,0.00185,0.94912
A_validation,0.3,5.5,0.59677,0.00253,0.93739
A_validation,0.3,5.75,0.62368,0.00322,0.93305
A_validation,0.3,6.0,0.65123,0.00387,0.93096
A_validation,0.3,6.25,0.67986,0.00445,0.93208
A_validation,0.3,6.5,0.7093,0.00501,0.93524
A_validation,0.3,6.75,0.73909,0.00561,0.9391
A_validation,0.3,7.0,0.76918,0.00621,0.9434
A_validation,0.3,7.25,0.79916,0.00675,0.94715
A_validation,0.3,7.5,0.82873,0.00729,0.94968
A_validation,0.3,7.75,0.85731,0.00787,0.94982
A_validation,0.3,8.0,0.88583,0.00846,0.94982
A_validation,0.3,8.25,0.91382,0.00902,0.94873
A_validation,0.3,8.5,0.94131,0.00957,0.94667
A_validation,0.3,8.75,0.96932,0.01012,0.94576
A_validation,0.3,9.0,0.99734,0.01068,0.94491
A_validation,0.3,9.25,1.02464,0.01126,0.94278
A_validation,0.3,9.5,1.051,0.01187,0.93906
A_validation,0.3,9.75,1.07617,0.01252,0.93341
A_validation,0.3,10.0,1.09949,0.01325,0.92491
A_validation,0.3,10.25,1.12059,0.01414,0.91314
A_validation,0.3,10.5,1.13942,0.01519,0.8983
A_validation,0.3,10.75,1.15726,0.01635,0.88267
A_validation,0.3,11.0,1.17534,0.01762,0.86818
A_validation,0.3,11.25,1.19732,0.01885,0.86025
A_validation,0.3,11.5,1.22083,0.02008,0.8549
A_validation,0.3,11.75,1.24592,0.02136,0.85204
A_validation,0.3,12.0,1.27126,0.02267,0.84966
A_validation,0.3,12.25,1.29249,0.02402,0.84179
A_validation,0.3,12.5,1.30761,0.02543,0.82612
A_validation,0.3,12.75,1.31683,0.02729,0.80355
A_validation,0.3,13.0,1.32266,0.029,0.77774
A_validation,0.3,13.25,1.34019,0.02921,0.76746
A_validation,0.3,13.5,1.35963,0.02921,0.75988
A_validation,0.3,13.75,1.3608,0.02773,0.73123
A_validation,0.3,14.0,1.34669,0.02686,0.68664
A_validation,0.3,14.25,1.29014,-0.00083,0.59877
A_validation,0.3,14.5,1.17799,-0.05791,0.46245
A_validation,0.3,14.75,1.10137,-0.06511,0.37262
A_validation,0.3,15.0,1.03908,-0.06691,0.30352
A_validation,0.3,15.25,0.99288,-0.0696,0.25339
A_validation,0.3,15.5,0.95742,-0.07307,0.21544
A_validation,0.3,15.75,0.93605,-0.08106,0.19011
A_validation,0.3,16.0,0.92161,-0.09127,0.17102
A_validation,0.3,16.25,0.90438,-0.09126,0.15155
A_validation,0.3,16.5,0.88678,-0.08858,0.1333
A_validation,0.3,16.75,0.87297,-0.08457,0.11843
A_validation,0.3,17.0,0.86232,-0.0799,0.10622
A_validation,0.3,17.25,0.85877,-0.07916,0.09824
A_validation,0.3,17.5,0.8588,-0.07895,0.09236
A_validation,0.3,17.75,0.85907,-0.07898,0.08689
A_validation,0.3,18.0,0.86001,-0.0792,0.08199
A_validation,0.3,18.25,0.86203,-0.07953,0.07777
A_validation,0.3,18.5,0.86495,-0.08007,0.07412
A_validation,0.3,18.75,0.86901,-0.08086,0.07107
A_validation,0.3,19.0,0.87399,-0.08203,0.0685
A_validation,0.3,19.25,0.88014,-0.0835,0.06646
A_validation,0.3,19.5,0.88717,-0.08541,0.06482
A_validation,0.3,19.75,0.89584,-0.08805,0.06382
A_validation,0.3,20.0,0.90513,-0.09116,0.06305
A_validation,0.3,20.25,0.903,-0.09257,0.05847
A_validation,0.3,20.5,0.88167,-0.09336,0.04816
A_validation,0.3,20.75,0.8808,-0.09347,0.04469
A_validation,0.3,21.0,0.88637,-0.09352,0.04322
A_validation,0.3,21.25,0.89281,-0.09354,0.04204
A_validation,0.3,21.5,0.90003,-0.09354,0.04112
A_validation,0.3,21.75,0.90867,-0.09354,0.0406
A_validation,0.3,22.0,0.91798,-0.09354,0.04027
A_validation,0.3,22.25,0.9286,-0.09354,0.04029
A_validation,0.3,22.5,0.94013,-0.09354,0.04054
A_validation,0.3,22.75,0.95238,-0.09354,0.04097
A_validation,0.3,23.0,0.96606,-0.09354,0.04176
A_validation,0.3,23.25,0.98039,-0.09354,0.0427
A_validation,0.3,23.5,0.9957,-0.09354,0.04388
A_validation,0.3,23.75,1.01183,-0.09354,0.04526
A_validation,0.3,24.0,1.02895,-0.09354,0.04688
A_validation,0.3,24.25,1.04677,-0.09354,0.04866
A_validation,0.3,24.5,1.0654,-0.09354,0.05065
A_validation,0.3,24.75,1.08476,-0.09354,0.05281
A_validation,0.3,25.0,1.10493,-0.09354,0.05518
B_application,0.28,0.0,-0.02073,-0.00471,1.0
B_application,0.28,0.25,0.00859,-0.00451,1.0
B_application,0.28,0.5,0.0379,-0.00435,1.0
B_application,0.28,0.75,0.06721,-0.00424,1.0
B_application,0.28,1.0,0.09652,-0.00415,1.0
B_application,0.28,1.25,0.12584,-0.00404,1.0
B_application,0.28,1.5,0.15515,-0.0039,1.0
B_application,0.28,1.75,0.18446,-0.00375,1.0
B_application,0.28,2.0,0.21378,-0.00356,1.0
B_application,0.28,2.25,0.24309,-0.00335,1.0
B_application,0.28,2.5,0.2724,-0.00312,1.0
B_application,0.28,2.75,0.30172,-0.00284,1.0
B_application,0.28,3.0,0.33103,-0.00251,1.0
B_application,0.28,3.25,0.36029,-0.00215,0.9997
B_application,0.28,3.5,0.38944,-0.00174,0.99888
B_application,0.28,3.75,0.41866,-0.00133,0.9985
B_application,0.28,4.0,0.44783,-0.00095,0.99796
B_application,0.28,4.25,0.4766,-0.0005,0.99583
B_application,0.28,4.5,0.50573,6e-05,0.99535
B_application,0.28,4.75,0.5353,0.00069,0.99656
B_application,0.28,5.0,0.5612,0.00141,0.98468
B_application,0.28,5.25,0.58543,0.00212,0.96847
B_application,0.28,5.5,0.61042,0.00282,0.9562
B_application,0.28,5.75,0.63629,0.00355,0.94775
B_application,0.28,6.0,0.66377,0.00436,0.94468
B_application,0.28,6.25,0.69156,0.00517,0.94274
B_application,0.28,6.5,0.71911,0.00594,0.9403
B_application,0.28,6.75,0.74768,0.00666,0.94064
B_application,0.28,7.0,0.77671,0.00735,0.9421
B_application,0.28,7.25,0.80596,0.00788,0.94399
B_application,0.28,7.5,0.83508,0.00834,0.94544
B_application,0.28,7.75,0.86409,0.00876,0.94655
B_application,0.28,8.0,0.89227,0.0092,0.94583
B_application,0.28,8.25,0.92027,0.00969,0.94474
B_application,0.28,8.5,0.94848,0.01021,0.94416
B_application,0.28,8.75,0.97616,0.01081,0.94257
B_application,0.28,9.0,1.00382,0.0114,0.94104
B_application,0.28,9.25,1.03148,0.01199,0.93959
B_application,0.28,9.5,1.05862,0.01261,0.93729
B_application,0.28,9.75,1.0849,0.01323,0.93359
B_application,0.28,10.0,1.11054,0.01385,0.929
B_application,0.28,10.25,1.13453,0.01455,0.92191
B_application,0.28,10.5,1.15674,0.01539,0.9123
B_application,0.28,10.75,1.17778,0.0163,0.90133
B_application,0.28,11.0,1.19774,0.01726,0.88924
B_application,0.28,11.25,1.2166,0.01827,0.87609
B_application,0.28,11.5,1.23578,0.01932,0.86404
B_application,0.28,11.75,1.25731,0.02035,0.85588
B_application,0.28,12.0,1.27929,0.02146,0.84871
B_application,0.28,12.25,1.30167,0.02269,0.84239
B_application,0.28,12.5,1.32429,0.02401,0.83665
B_application,0.28,12.75,1.3443,0.0254,0.82778
B_application,0.28,13.0,1.35976,0.02676,0.81352
B_application,0.28,13.25,1.37162,0.02828,0.79545
B_application,0.28,13.5,1.37846,0.02991,0.77214
B_application,0.28,13.75,1.39234,0.03027,0.75808
B_application,0.28,14.0,1.40992,0.02978,0.74884
B_application,0.28,14.25,1.37698,0.02104,0.6839
B_application,0.28,14.5,1.28058,0.00367,0.55716
B_application,0.28,14.75,1.25427,-0.00202,0.50909
B_application,0.28,15.0,1.17242,-0.04398,0.41297
B_application,0.28,15.25,1.09116,-0.06784,0.32659
B_application,0.28,15.5,1.03393,-0.06925,0.26748
B_application,0.28,15.75,0.98866,-0.07026,0.22245
B_application,0.28,16.0,0.95397,-0.07193,0.18847
B_application,0.28,16.25,0.92886,-0.07446,0.16328
B_application,0.28,16.5,0.91483,-0.08145,0.14648
B_application,0.28,16.75,0.90427,-0.08748,0.13272
B_application,0.28,17.0,0.89088,-0.087,0.11839
B_application,0.28,17.25,0.87801,-0.08536,0.10531
B_application,0.28,17.5,0.86816,-0.08269,0.09458
B_application,0.28,17.75,0.861,-0.07977,0.08576
B_application,0.28,18.0,0.85961,-0.07961,0.07992
B_application,0.28,18.25,0.86114,-0.07934,0.07559
B_application,0.28,18.5,0.86293,-0.07913,0.07157
B_application,0.28,18.75,0.86517,-0.07909,0.06791
B_application,0.28,19.0,0.8683,-0.07927,0.06475
B_application,0.28,19.25,0.87213,-0.07979,0.06198
B_application,0.28,19.5,0.87689,-0.08049,0.05965
B_application,0.28,19.75,0.88237,-0.08149,0.05766
B_application,0.28,20.0,0.8888,-0.08272,0.05605
B_application,0.28,20.25,0.89592,-0.08428,0.05473
B_application,0.28,20.5,0.90404,-0.08623,0.05376
B_application,0.28,20.75,0.9135,-0.08895,0.05325
B_application,0.28,21.0,0.92149,-0.09097,0.0523
B_application,0.28,21.25,0.91051,-0.09213,0.04583
B_application,0.28,21.5,0.89985,-0.09284,0.03994
B_application,0.28,21.75,0.90459,-0.09334,0.03842
B_application,0.28,22.0,0.91134,-0.09395,0.03747
B_application,0.28,22.25,0.91844,-0.09395,0.03664
B_application,0.28,22.5,0.92639,-0.09395,0.03604
B_application,0.28,22.75,0.93532,-0.09395,0.03569
B_application,0.28,23.0,0.94481,-0.09395,0.03548
B_application,0.28,23.25,0.95535,-0.09395,0.03553
B_application,0.28,23.5,0.96654,-0.09395,0.03572
B_application,0.28,23.75,0.9783,-0.09395,0.03605
B_application,0.28,24.0,0.9912,-0.09395,0.03662
B_application,0.28,24.25,1.00459,-0.09395,0.03731
B_application,0.28,24.5,1.01876,-0.09395,0.03816
B_application,0.28,24.75,1.03355,-0.09395,0.03914
B_application,0.28,25.0,1.04914,-0.09395,0.0403
